year,month,date,"longitude (degree: E+, W-)","latitude (degree: N+, S-)",Level 0 (pieces/m3),ratio (fragment<5 mm),Level 1 (pieces/m3),windspeed (m/s),significant wave height (m),Level 2p (pieces/km2),Level 2w1 (g/km2),Level 2w2 (g/km2),No. in Table 1
2001,10,12,-117.18,32.42,0.00864,0.83,0.00717,3.78,1.94,7160.0,169.0,4.6,1
2001,10,12,-117.18,31.54,0.0119,0.83,0.00988,3.49,2.06,9670.0,229.0,6.64,1
2001,10,12,-117.47,30.6,0.0,0.83,0.0,4.8,2.2,0.0,0.0,0.0,1
2001,10,14,-117.18,29.1,0.0,0.83,0.0,3.55,2.24,0.0,0.0,0.0,1
2001,10,15,-116.09,28.54,0.0,0.83,0.0,3.2,2.12,0.0,0.0,0.0,1
2001,10,15,-115.88,27.8,0.00108,0.83,0.000896,3.12,2.11,801.0,18.9,0.318,1
2001,10,16,-115.61,27.09,0.0,0.83,0.0,4.24,1.88,0.0,0.0,0.0,1
2001,10,17,-114.91,26.08,0.0,0.83,0.0,3.62,1.79,0.0,0.0,0.0,1
2001,10,17,-113.28,24.65,0.0,0.83,0.0,3.74,1.81,0.0,0.0,0.0,1
2001,10,19,-110.98,23.06,0.00108,0.83,0.000896,5.16,1.42,889.0,21.0,0.361,1
2001,10,20,-110.49,22.97,0.0,0.83,0.0,4.32,1.44,0.0,0.0,0.0,1
2001,10,20,-109.94,22.87,0.0054,0.83,0.00448,3.01,1.36,2480.0,58.8,1.26,1
2001,10,21,-110.11,24.29,0.0,0.83,0.0,0.0,1.13,0.0,0.0,0.0,1
2001,10,26,-109.92,24.52,0.00864,0.83,0.00717,5.18,0.0,3970.0,94.0,2.24,1
2001,10,26,-109.17,24.38,0.00108,0.83,0.000896,5.18,0.0,497.0,11.8,0.178,1
2001,10,27,-108.52,23.8,0.00216,0.83,0.00179,4.15,0.937,947.0,22.4,0.39,1
2001,10,27,-107.84,23.28,0.0054,0.83,0.00448,4.4,0.952,2550.0,60.3,1.31,1
2001,10,28,-107.6,22.47,0.0231,0.83,0.0192,3.18,0.856,7080.0,168.0,4.54,1
2001,10,29,-106.06,19.12,0.00108,0.83,0.000896,1.23,1.1,164.0,3.88,0.0459,1
2001,10,30,-105.82,18.18,0.00108,0.83,0.000896,4.1,1.67,833.0,19.7,0.334,1
2001,10,30,-105.74,17.77,0.00108,0.83,0.000896,3.59,1.77,775.0,18.3,0.305,1
2001,10,31,-104.23,17.45,0.0,0.83,0.0,5.71,1.73,0.0,0.0,0.0,1
2001,10,31,-102.62,17.25,0.00864,0.83,0.00717,1.97,1.53,2950.0,69.8,1.56,1
2001,11,1,-101.36,17.04,0.0,0.83,0.0,1.61,1.33,0.0,0.0,0.0,1
2001,11,1,-99.24,16.33,0.0108,0.83,0.00896,4.0,1.28,6220.0,147.0,3.88,1
2001,11,1,-98.47,15.78,0.00423,0.83,0.00351,2.82,1.31,1760.0,41.6,0.83,1
2001,11,3,-97.89,15.41,0.0,0.83,0.0,1.22,1.44,0.0,0.0,0.0,1
2001,11,3,-96.5,14.41,0.00324,0.83,0.00269,1.76,1.69,1090.0,25.7,0.462,1
2001,11,4,-96.14,13.8,0.0,0.83,0.0,3.46,1.99,0.0,0.0,0.0,1
2001,11,5,-93.89,11.33,0.0,0.83,0.0,2.88,1.61,0.0,0.0,0.0,1
2001,11,6,-93.01,10.26,0.00216,0.83,0.00179,1.63,1.9,751.0,17.8,0.294,1
2001,11,7,-92.97,9.43,0.0,0.83,0.0,4.18,2.11,0.0,0.0,0.0,1
2001,11,7,-92.56,8.7,0.0,0.83,0.0,5.71,2.11,0.0,0.0,0.0,1
2001,11,9,-89.24,6.79,0.00108,0.83,0.000896,5.65,2.17,1490.0,35.3,0.678,1
2001,11,9,-87.77,6.32,0.0,0.83,0.0,5.49,2.11,0.0,0.0,0.0,1
2001,11,9,-87.09,5.89,0.00216,0.83,0.00179,6.16,2.17,3260.0,77.2,1.76,1
2001,11,9,-87.04,5.59,0.0,0.83,0.0,6.16,2.17,0.0,0.0,0.0,1
2001,11,13,-86.96,5.62,0.0,0.83,0.0,8.23,1.89,0.0,0.0,0.0,1
2001,11,14,-85.93,6.97,0.00108,0.83,0.000896,8.12,1.95,1930.0,45.6,0.929,1
2001,11,14,-85.75,7.73,0.0,0.83,0.0,7.19,1.77,0.0,0.0,0.0,1
2001,11,15,-85.51,7.99,0.0,0.83,0.0,6.8,1.97,0.0,0.0,0.0,1
2001,11,15,-85.33,8.45,0.00432,0.83,0.00359,5.36,1.77,4610.0,109.0,2.69,1
2001,11,16,-84.95,9.39,0.0,0.83,0.0,5.23,1.66,0.0,0.0,0.0,1
2001,11,16,-84.99,9.71,0.0,0.83,0.0,5.23,1.66,0.0,0.0,0.0,1
2001,11,28,-85.23,8.97,0.0,0.83,0.0,1.52,1.89,0.0,0.0,0.0,1
2001,11,29,-87.0,7.34,0.00102,0.83,0.000847,2.06,1.72,407.0,9.64,0.139,1
2001,11,29,-86.51,6.13,0.00206,0.83,0.00171,2.48,1.81,1040.0,24.6,0.437,1
2001,11,30,-86.73,5.97,0.0,0.83,0.0,5.16,1.89,0.0,0.0,0.0,1
2001,11,30,-87.56,5.0,0.0,0.83,0.0,6.11,1.92,0.0,0.0,0.0,1
2001,12,1,-88.07,3.73,0.00108,0.83,0.000896,8.9,2.28,2470.0,58.5,1.26,1
2001,12,1,-88.1,3.01,0.0,0.83,0.0,8.9,2.28,0.0,0.0,0.0,1
2001,12,2,-89.06,1.74,0.0,0.83,0.0,6.64,2.05,0.0,0.0,0.0,1
2001,12,3,-90.11,1.15,0.0,0.83,0.0,7.28,2.03,0.0,0.0,0.0,1
2001,12,3,-89.33,1.17,0.0,0.83,0.0,8.12,1.99,0.0,0.0,0.0,1
2001,12,4,-89.79,0.07,0.0,0.83,0.0,8.63,2.09,0.0,0.0,0.0,1
2001,12,5,-90.08,-0.51,0.0,0.83,0.0,6.66,2.07,0.0,0.0,0.0,1
2001,12,8,-90.26,-0.87,0.0,0.83,0.0,5.7,1.53,0.0,0.0,0.0,1
2001,12,9,-90.43,-1.21,0.0,0.83,0.0,2.77,1.86,0.0,0.0,0.0,1
2001,12,9,-90.84,-1.07,0.0,0.83,0.0,2.77,1.86,0.0,0.0,0.0,1
2001,12,10,-91.96,-1.13,0.0,0.83,0.0,4.1,1.76,0.0,0.0,0.0,1
2001,12,11,-93.02,-0.93,0.0,0.83,0.0,4.07,1.55,0.0,0.0,0.0,1
2001,12,11,-93.76,-0.98,0.0,0.83,0.0,4.07,1.55,0.0,0.0,0.0,1
2001,12,12,-96.0,-1.52,0.0,0.83,0.0,4.69,1.56,0.0,0.0,0.0,1
2001,12,13,-97.36,-1.84,0.0,0.83,0.0,4.98,1.61,0.0,0.0,0.0,1
2001,12,13,-98.44,-2.04,0.0,0.83,0.0,5.94,1.71,0.0,0.0,0.0,1
2001,12,14,-99.82,-2.2,0.0,0.83,0.0,6.06,1.69,0.0,0.0,0.0,1
2001,12,14,-100.79,-2.33,0.0,0.83,0.0,6.19,1.73,0.0,0.0,0.0,1
2001,12,15,-101.99,-2.53,0.0,0.83,0.0,4.47,1.61,0.0,0.0,0.0,1
2001,12,15,-103.19,-2.97,0.0,0.83,0.0,4.76,1.68,0.0,0.0,0.0,1
2001,12,16,-104.46,-3.54,0.0,0.83,0.0,5.43,2.06,0.0,0.0,0.0,1
2001,12,16,-105.63,-4.02,0.0,0.83,0.0,5.6,2.09,0.0,0.0,0.0,1
2001,12,17,-106.96,-4.44,0.0,0.83,0.0,6.18,2.1,0.0,0.0,0.0,1
2001,12,17,-107.64,-4.67,0.0,0.83,0.0,6.55,2.08,0.0,0.0,0.0,1
2001,12,18,-109.12,-4.83,0.0,0.83,0.0,7.04,1.77,0.0,0.0,0.0,1
2001,12,18,-109.94,-4.98,0.0,0.83,0.0,7.04,1.77,0.0,0.0,0.0,1
2001,12,18,-111.21,-5.73,0.0,0.83,0.0,7.13,1.83,0.0,0.0,0.0,1
2001,12,19,-111.23,-5.73,0.0,0.83,0.0,7.5,1.78,0.0,0.0,0.0,1
2001,12,19,-111.24,-5.76,0.0,0.83,0.0,7.5,1.78,0.0,0.0,0.0,1
2001,12,19,-111.26,-5.77,0.0,0.83,0.0,7.5,1.78,0.0,0.0,0.0,1
2001,12,19,-111.27,-5.78,0.0,0.83,0.0,7.5,1.78,0.0,0.0,0.0,1
2001,12,19,-111.28,-5.79,0.0,0.83,0.0,7.5,1.78,0.0,0.0,0.0,1
2001,12,19,-111.29,-5.81,0.0,0.83,0.0,7.5,1.78,0.0,0.0,0.0,1
2001,12,19,-111.97,-5.98,0.00432,0.83,0.00359,7.5,1.78,6500.0,154.0,4.09,1
2001,12,20,-113.34,-6.44,0.0,0.83,0.0,7.41,1.95,0.0,0.0,0.0,1
2001,12,20,-113.9,-6.66,0.0,0.83,0.0,7.41,1.95,0.0,0.0,0.0,1
2001,12,21,-115.09,-6.96,0.0,0.83,0.0,7.68,2.0,0.0,0.0,0.0,1
2001,12,21,-115.83,-6.99,0.00108,0.83,0.000896,7.68,2.0,1870.0,44.3,0.897,1
2001,12,22,-117.23,-7.39,0.0,0.83,0.0,6.9,2.07,0.0,0.0,0.0,1
2001,12,22,-118.19,-7.5,0.0,0.83,0.0,6.53,2.07,0.0,0.0,0.0,1
2001,12,23,-119.38,-7.7,0.0,0.83,0.0,5.95,1.92,0.0,0.0,0.0,1
2001,12,23,-120.06,-7.73,0.0,0.83,0.0,5.62,1.93,0.0,0.0,0.0,1
2001,12,24,-121.14,-7.97,0.0,0.83,0.0,6.66,1.88,0.0,0.0,0.0,1
2001,12,24,-122.0,-8.23,0.0,0.83,0.0,5.75,1.87,0.0,0.0,0.0,1
2001,12,25,-123.12,-8.53,0.00212,0.83,0.00176,6.23,1.93,2880.0,68.2,1.52,1
2001,12,26,-124.85,-7.92,0.000724,0.83,0.000601,6.57,1.95,1050.0,24.7,0.44,1
2001,12,26,-125.56,-8.13,0.0,0.83,0.0,6.53,1.92,0.0,0.0,0.0,1
2001,12,27,-126.6,-8.56,0.0,0.83,0.0,6.39,1.95,0.0,0.0,0.0,1
2001,12,27,-127.47,-8.69,0.0,0.83,0.0,6.58,1.93,0.0,0.0,0.0,1
2001,12,27,-130.27,-8.67,0.0,0.83,0.0,6.7,1.92,0.0,0.0,0.0,1
2002,2,14,-149.84,-16.96,0.0,0.83,0.0,9.1,2.73,0.0,0.0,0.0,1
2002,2,14,-149.8,-16.32,0.0054,0.83,0.00448,9.1,2.73,15100.0,357.0,11.4,1
2002,2,15,-149.66,-16.1,0.00216,0.83,0.00179,8.44,2.91,5980.0,141.0,3.69,1
2002,2,15,-149.55,-15.9,0.00102,0.83,0.000847,8.15,2.86,2680.0,63.5,1.39,1
2002,2,16,-148.96,-16.11,0.0,0.83,0.0,9.84,2.87,0.0,0.0,0.0,1
2002,2,16,-148.58,-15.91,0.0,0.83,0.0,11.5,2.87,0.0,0.0,0.0,1
2002,2,16,-148.36,-15.87,0.00107,0.83,0.000888,11.5,2.87,3980.0,94.2,2.25,1
2002,2,16,-148.31,-15.78,0.0,0.83,0.0,11.5,2.87,0.0,0.0,0.0,1
2002,2,16,-148.31,-15.84,0.0,0.83,0.0,11.5,2.87,0.0,0.0,0.0,1
2002,2,17,-148.24,-15.96,0.0,0.83,0.0,8.7,2.47,0.0,0.0,0.0,1
2002,2,17,-148.18,-15.54,0.00324,0.83,0.00269,8.7,2.47,7860.0,186.0,5.16,1
2002,2,18,-147.82,-14.55,0.0,0.83,0.0,6.61,2.15,0.0,0.0,0.0,1
2002,2,18,-147.8,-14.7,0.0,0.83,0.0,6.61,2.15,0.0,0.0,0.0,1
2002,2,18,-147.8,-14.74,0.0,0.83,0.0,6.61,2.15,0.0,0.0,0.0,1
2002,2,20,-147.24,-14.57,0.00108,0.83,0.000896,6.0,1.84,1350.0,31.9,0.6,1
2002,2,20,-146.61,-14.39,0.00108,0.83,0.000896,5.99,1.82,1330.0,31.4,0.588,1
2002,2,20,-146.42,-14.61,0.0,0.83,0.0,5.99,1.82,0.0,0.0,0.0,1
2002,2,21,-146.43,-14.5,0.00216,0.83,0.00179,5.8,1.84,2600.0,61.5,1.34,1
2002,2,21,-146.41,-14.41,0.00216,0.83,0.00179,5.8,1.84,2600.0,61.5,1.34,1
2002,2,21,-146.49,-14.49,0.0,0.83,0.0,5.8,1.84,0.0,0.0,0.0,1
2002,2,21,-146.31,-14.0,0.0,0.83,0.0,6.28,1.83,0.0,0.0,0.0,1
2002,2,22,-145.06,-13.65,0.00309,0.83,0.00256,5.42,1.92,3630.0,86.0,2.01,1
2002,2,24,-142.3,-12.69,0.0,0.83,0.0,6.23,1.82,0.0,0.0,0.0,1
2002,2,24,-141.91,-11.65,0.00216,0.83,0.00179,6.03,1.85,2720.0,64.3,1.41,1
2002,2,24,-141.92,-11.66,0.0,0.83,0.0,6.03,1.85,0.0,0.0,0.0,1
2002,2,24,-141.93,-11.69,0.0,0.83,0.0,6.03,1.85,0.0,0.0,0.0,1
2002,2,24,-141.93,-11.71,0.000692,0.83,0.000574,6.03,1.85,871.0,20.6,0.352,1
2002,2,25,-141.73,-11.54,0.0,0.83,0.0,7.03,1.9,0.0,0.0,0.0,1
2002,2,25,-141.02,-11.69,0.0,0.83,0.0,7.03,1.9,0.0,0.0,0.0,1
2002,2,26,-141.04,-11.77,0.0,0.83,0.0,4.83,1.86,0.0,0.0,0.0,1
2002,2,27,-140.58,-10.89,0.0,0.83,0.0,5.44,1.99,0.0,0.0,0.0,1
2002,2,27,-140.59,-10.06,0.0,0.83,0.0,5.44,1.99,0.0,0.0,0.0,1
2002,2,28,-140.27,-9.32,0.0,0.83,0.0,6.64,2.17,0.0,0.0,0.0,1
2002,2,28,-140.07,-8.66,0.0,0.83,0.0,6.74,2.16,0.0,0.0,0.0,1
2002,3,4,-140.52,-8.39,0.0,0.83,0.0,4.46,1.79,0.0,0.0,0.0,1
2002,3,4,-140.68,-8.09,0.0,0.83,0.0,4.46,1.79,0.0,0.0,0.0,1
2002,3,4,-140.75,-8.01,0.0,0.83,0.0,4.46,1.79,0.0,0.0,0.0,1
2002,3,5,-140.71,-7.9,0.0,0.83,0.0,7.06,1.73,0.0,0.0,0.0,1
2002,3,6,-141.21,-4.84,0.0,0.83,0.0,9.2,1.9,0.0,0.0,0.0,1
2002,3,6,-141.39,-4.02,0.0,0.83,0.0,9.2,1.9,0.0,0.0,0.0,1
2002,3,7,-141.53,-2.89,0.0,0.83,0.0,8.35,2.25,0.0,0.0,0.0,1
2002,3,8,-141.84,-0.99,0.0,0.83,0.0,7.62,2.57,0.0,0.0,0.0,1
2002,3,9,-141.9,0.49,0.0,0.83,0.0,7.84,2.47,0.0,0.0,0.0,1
2002,3,9,-142.01,1.09,0.0,0.83,0.0,8.05,2.49,0.0,0.0,0.0,1
2002,3,9,-142.15,1.7,0.0,0.83,0.0,8.05,2.49,0.0,0.0,0.0,1
2002,3,9,-142.29,1.83,0.0,0.83,0.0,8.05,2.49,0.0,0.0,0.0,1
2002,3,10,-142.56,2.21,0.0,0.83,0.0,6.06,2.34,0.0,0.0,0.0,1
2002,3,11,-143.0,2.79,0.0,0.83,0.0,7.41,2.14,0.0,0.0,0.0,1
2002,3,11,-143.71,3.14,0.0,0.83,0.0,6.5,2.34,0.0,0.0,0.0,1
2002,3,11,-143.98,3.85,0.0,0.83,0.0,6.5,2.34,0.0,0.0,0.0,1
2002,3,11,-143.98,3.83,0.0,0.83,0.0,6.5,2.34,0.0,0.0,0.0,1
2002,3,11,-144.0,3.8,0.0,0.83,0.0,6.5,2.34,0.0,0.0,0.0,1
2002,3,12,-144.02,3.78,0.0,0.83,0.0,8.88,2.66,0.0,0.0,0.0,1
2002,3,12,-144.4,4.99,0.0,0.83,0.0,8.25,2.86,0.0,0.0,0.0,1
2002,3,13,-144.89,6.02,0.0,0.83,0.0,10.1,3.27,0.0,0.0,0.0,1
2002,3,16,-149.8,12.33,0.0,0.83,0.0,8.59,3.03,0.0,0.0,0.0,1
2002,3,17,-150.85,14.55,0.00216,0.83,0.00179,8.3,3.69,7460.0,177.0,4.84,1
2002,3,18,-151.6,16.29,0.00216,0.83,0.00179,7.55,3.82,7020.0,166.0,4.5,1
2002,3,20,-154.98,19.86,0.00216,0.83,0.00179,11.5,3.67,10300.0,244.0,7.17,1
2002,3,21,-155.54,20.57,0.00108,0.83,0.000896,9.05,3.06,3370.0,79.7,1.83,1
2002,4,1,-157.7,20.85,0.00206,0.83,0.00171,6.17,3.86,5540.0,131.0,3.37,1
2002,4,1,-157.38,20.24,0.0154,0.83,0.0128,6.17,3.86,41400.0,980.0,39.2,1
2002,4,2,-157.0,19.62,0.00748,0.83,0.00621,5.37,3.21,14500.0,344.0,10.9,1
2002,4,2,-156.24,19.09,0.0107,0.83,0.00888,5.37,3.21,20800.0,492.0,16.9,1
2002,4,3,-156.72,18.01,0.00544,0.83,0.00452,10.0,2.96,18200.0,432.0,14.4,1
2002,4,3,-157.24,17.23,0.00343,0.83,0.00285,8.27,3.2,10300.0,243.0,7.13,1
2002,4,3,-157.92,16.14,0.0,0.83,0.0,8.22,3.19,0.0,0.0,0.0,1
2002,4,4,-158.46,14.89,0.00345,0.83,0.00286,8.37,2.77,9030.0,214.0,6.11,1
2002,4,5,-158.97,13.98,0.00972,0.83,0.00807,8.2,2.47,22200.0,526.0,18.3,1
2002,4,5,-159.47,13.22,0.00408,0.83,0.00339,8.05,2.48,9170.0,217.0,6.23,1
2002,4,6,-159.95,12.15,0.00212,0.83,0.00176,6.39,2.26,3460.0,81.8,1.89,1
2002,4,6,-160.22,11.37,0.00104,0.83,0.000863,6.73,2.35,1850.0,43.9,0.885,1
2002,4,7,-160.52,10.28,0.0,0.83,0.0,6.85,2.23,0.0,0.0,0.0,1
2002,4,7,-160.68,9.37,0.0018,0.83,0.00149,7.32,2.26,3360.0,79.6,1.83,1
2002,4,7,-160.8,8.7,0.0012,0.83,0.000996,6.71,2.29,2070.0,49.1,1.02,1
2002,4,8,-160.98,6.98,0.0,0.83,0.0,7.25,2.44,0.0,0.0,0.0,1
2002,4,9,-161.56,6.06,0.0,0.83,0.0,8.21,2.58,0.0,0.0,0.0,1
2002,4,9,-161.9,5.76,0.0024,0.83,0.00199,7.58,2.6,5330.0,126.0,3.21,1
2002,4,11,-162.95,6.67,0.00623,0.83,0.00517,8.43,2.59,15300.0,363.0,11.7,1
2002,4,12,-163.92,7.78,0.0,0.83,0.0,8.37,2.55,0.0,0.0,0.0,1
2002,4,12,-164.73,8.89,0.0,0.83,0.0,8.89,2.5,0.0,0.0,0.0,1
2002,4,13,-165.26,9.54,0.0,0.83,0.0,9.03,2.64,0.0,0.0,0.0,1
2002,4,13,-165.95,10.61,0.000982,0.83,0.000815,8.82,2.59,2530.0,59.9,1.29,1
2002,4,14,-166.41,11.8,0.0,0.83,0.0,8.99,2.82,0.0,0.0,0.0,1
2002,4,15,-167.24,14.18,0.0,0.83,0.0,7.96,2.47,0.0,0.0,0.0,1
2002,4,15,-167.65,14.98,0.0,0.83,0.0,7.96,2.47,0.0,0.0,0.0,1
2002,4,16,-168.18,16.03,0.0,0.83,0.0,7.88,2.54,0.0,0.0,0.0,1
2002,4,16,-169.05,16.39,0.0,0.83,0.0,7.99,2.58,0.0,0.0,0.0,1
2002,4,18,-170.01,17.47,0.00185,0.83,0.00154,9.08,2.59,4910.0,116.0,2.9,1
2002,4,18,-170.6,18.54,0.00216,0.83,0.00179,9.15,2.59,5770.0,136.0,3.53,1
2002,4,18,-171.16,19.17,0.0,0.83,0.0,10.6,2.75,0.0,0.0,0.0,1
2002,4,19,-171.91,19.81,0.00111,0.83,0.000921,10.2,2.66,3400.0,80.5,1.86,1
2002,4,21,-174.74,23.89,0.00109,0.83,0.000905,7.68,2.62,2480.0,58.7,1.26,1
2002,4,22,-176.28,26.22,0.023,0.83,0.0191,6.3,2.22,36200.0,857.0,33.3,1
2002,4,23,-177.03,27.55,0.027,0.83,0.0224,6.7,2.18,44400.0,1050.0,42.7,1
2002,4,30,-166.54,26.8,0.178,0.83,0.148,9.18,2.88,530000.0,12500.0,879.0,1
2002,5,1,-165.56,26.24,0.00532,0.83,0.00442,7.41,2.68,11900.0,282.0,8.57,1
2002,5,17,-151.69,32.57,0.176,0.83,0.146,2.94,1.76,103000.0,2440.0,119.0,1
2002,5,17,-151.55,33.93,0.114,0.83,0.0946,2.52,1.78,57500.0,1360.0,58.5,1
2002,5,23,-133.92,44.88,0.00869,0.83,0.00721,8.9,1.27,11100.0,262.0,7.83,1
2002,5,23,-132.29,45.68,0.00454,0.83,0.00377,7.78,1.1,4380.0,104.0,2.53,1
2002,7,1,-122.92,48.2,0.0,0.83,0.0,0.0,0.0,0.0,0.0,0.0,1
2002,7,3,-127.57,49.6,0.0,0.83,0.0,4.66,1.38,0.0,0.0,0.0,1
2002,7,3,-128.33,50.38,0.0,0.83,0.0,3.64,1.42,0.0,0.0,0.0,1
2002,7,4,-129.04,51.04,0.0,0.83,0.0,3.6,1.24,0.0,0.0,0.0,1
2002,7,5,-132.57,52.2,0.0,0.83,0.0,5.67,1.02,0.0,0.0,0.0,1
2002,7,5,-132.76,52.53,0.00648,0.83,0.00538,5.67,1.02,4220.0,99.8,2.41,1
2002,7,6,-133.66,53.07,0.0,0.83,0.0,2.24,0.936,0.0,0.0,0.0,1
2002,7,6,-134.15,53.26,0.0,0.83,0.0,2.92,0.991,0.0,0.0,0.0,1
2002,7,7,-135.67,53.31,0.0,0.83,0.0,1.39,0.91,0.0,0.0,0.0,1
2002,7,7,-135.65,53.43,0.00208,0.83,0.00173,1.39,0.91,297.0,7.02,0.0947,1
2002,7,8,-135.29,54.05,0.0,0.83,0.0,2.37,0.69,0.0,0.0,0.0,1
2002,7,9,-134.72,55.43,0.0,0.83,0.0,8.01,0.77,0.0,0.0,0.0,1
2002,7,10,-134.58,56.61,0.0,0.83,0.0,6.16,1.45,0.0,0.0,0.0,1
2002,7,11,-133.77,57.46,0.0,0.83,0.0,0.0,0.453,0.0,0.0,0.0,1
2002,7,12,-134.05,57.14,0.0,0.83,0.0,0.0,0.0,0.0,0.0,0.0,1
2002,7,12,-135.18,57.51,0.0,0.83,0.0,0.0,1.38,0.0,0.0,0.0,1
2002,7,13,-136.21,57.3,0.0,0.83,0.0,4.45,1.02,0.0,0.0,0.0,1
2002,7,13,-136.23,57.22,0.0,0.83,0.0,4.45,1.02,0.0,0.0,0.0,1
2002,7,14,-136.1,56.88,0.0,0.83,0.0,3.35,0.78,0.0,0.0,0.0,1
2002,7,17,-135.15,56.54,0.0,0.83,0.0,6.49,1.27,0.0,0.0,0.0,1
2002,7,18,-134.24,55.38,0.0125,0.83,0.0104,5.55,1.14,8900.0,211.0,6.0,1
2002,7,19,-132.57,54.3,0.0,0.83,0.0,6.64,0.0,0.0,0.0,0.0,1
2002,7,20,-133.14,53.15,0.0,0.83,0.0,2.99,1.09,0.0,0.0,0.0,1
2002,8,2,-124.93,48.34,0.00104,0.83,0.000863,0.0,1.14,382.0,9.04,0.129,1
2002,8,3,-125.07,47.9,0.0,0.83,0.0,5.15,1.43,0.0,0.0,0.0,1
2002,8,3,-125.22,47.19,0.00107,0.83,0.000888,5.15,1.43,889.0,21.0,0.361,1
2002,8,4,-124.6,46.61,0.0,0.83,0.0,3.8,1.32,0.0,0.0,0.0,1
2002,8,4,-124.24,46.37,0.00108,0.83,0.000896,3.8,1.32,613.0,14.5,0.23,1
2002,8,5,-124.36,46.1,0.0475,0.83,0.0394,3.51,1.56,29300.0,693.0,25.7,1
2002,8,6,-125.27,44.64,0.00396,0.83,0.00329,1.5,1.38,929.0,22.0,0.381,1
2002,8,6,-125.65,43.72,0.0,0.83,0.0,0.22,1.4,0.0,0.0,0.0,1
2002,8,7,-125.82,42.49,0.0,0.83,0.0,10.7,1.22,0.0,0.0,0.0,1
2002,8,8,-124.02,39.25,0.0,0.83,0.0,8.27,1.7,0.0,0.0,0.0,1
2002,8,9,-123.66,38.53,0.0,0.83,0.0,2.7,1.44,0.0,0.0,0.0,1
2002,8,18,-122.54,37.64,0.0,0.83,0.0,0.0,1.27,0.0,0.0,0.0,1
2002,8,19,-122.58,37.3,0.0,0.83,0.0,0.0,1.58,0.0,0.0,0.0,1
2002,8,20,-122.14,36.19,0.0,0.83,0.0,6.53,1.96,0.0,0.0,0.0,1
2002,8,20,-122.24,35.25,0.0,0.83,0.0,6.92,2.02,0.0,0.0,0.0,1
2002,8,21,-119.39,33.97,0.0,0.83,0.0,4.18,1.47,0.0,0.0,0.0,1
2002,10,16,-117.33,32.64,0.0132,0.83,0.011,5.4,1.26,10100.0,240.0,7.04,1
2002,10,17,-118.48,32.91,0.0,0.83,0.0,6.76,1.6,0.0,0.0,0.0,1
2002,10,17,-118.74,32.99,0.0,0.83,0.0,6.76,1.6,0.0,0.0,0.0,1
2002,10,18,-119.57,32.6,0.027,0.83,0.0224,5.42,1.62,26700.0,632.0,22.9,1
2002,10,19,-120.45,32.21,0.00216,0.83,0.00179,5.55,1.35,1830.0,43.3,0.87,1
2002,10,20,-122.45,30.78,0.0,0.83,0.0,7.79,2.01,0.0,0.0,0.0,1
2002,10,21,-121.22,30.28,0.0,0.83,0.0,6.27,2.36,0.0,0.0,0.0,1
2002,10,21,-120.37,30.23,0.0,0.83,0.0,5.94,2.24,0.0,0.0,0.0,1
2002,10,28,-110.19,22.81,0.0,0.83,0.0,8.75,2.0,0.0,0.0,0.0,1
2002,10,30,-110.4,25.51,0.0,0.83,0.0,2.36,0.0,0.0,0.0,0.0,1
2002,10,30,-111.12,26.88,0.00216,0.83,0.00179,1.49,0.0,4270.0,101.0,2.45,1
2002,11,2,-110.55,25.32,0.0,0.83,0.0,1.85,0.0,0.0,0.0,0.0,1
2002,11,5,-110.41,24.29,0.0,0.83,0.0,0.0,0.808,0.0,0.0,0.0,1
2002,11,6,-110.52,24.53,0.0,0.83,0.0,0.0,0.86,0.0,0.0,0.0,1
2002,11,7,-109.8,24.32,0.0,0.83,0.0,5.45,0.0,0.0,0.0,0.0,1
2002,11,7,-109.73,24.08,0.0,0.83,0.0,5.45,0.0,0.0,0.0,0.0,1
2002,11,8,-109.37,23.89,0.00109,0.83,0.000905,5.98,0.0,2160.0,51.0,1.06,1
2002,11,8,-109.02,23.22,0.0,0.83,0.0,5.98,0.0,0.0,0.0,0.0,1
2002,11,9,-108.68,23.05,0.0,0.83,0.0,4.95,0.851,0.0,0.0,0.0,1
2002,11,11,-108.34,21.41,0.0,0.83,0.0,4.5,2.48,0.0,0.0,0.0,1
2002,11,11,-108.3,21.5,0.00108,0.83,0.000896,4.5,2.48,1360.0,32.1,0.604,1
2002,11,12,-108.73,21.24,0.0,0.83,0.0,4.89,2.31,0.0,0.0,0.0,1
2002,11,12,-109.22,20.99,0.0,0.83,0.0,4.82,3.26,0.0,0.0,0.0,1
2002,11,13,-109.7,19.83,0.0,0.83,0.0,6.1,3.06,0.0,0.0,0.0,1
2002,12,2,-105.6,21.44,0.00232,0.83,0.00193,0.0,0.757,4880.0,116.0,2.88,1
2002,12,2,-106.46,22.17,0.0072,0.83,0.00598,5.25,0.62,2640.0,62.5,1.36,1
2002,12,3,-107.51,22.9,0.0,0.83,0.0,6.0,0.81,0.0,0.0,0.0,1
2002,12,3,-107.65,23.34,0.0,0.83,0.0,6.63,0.568,0.0,0.0,0.0,1
2002,12,4,-108.72,23.14,0.00107,0.83,0.000888,9.85,1.48,1760.0,41.6,0.829,1
2002,12,4,-108.92,23.09,0.0,0.83,0.0,9.85,1.48,0.0,0.0,0.0,1
2002,12,6,-109.38,23.63,0.0182,0.83,0.0151,4.35,0.0,29900.0,707.0,26.3,1
2002,12,6,-110.09,24.45,0.0,0.83,0.0,0.0,0.842,0.0,0.0,0.0,1
2002,12,10,-109.13,23.14,0.0,0.83,0.0,5.96,0.0,0.0,0.0,0.0,1
2002,12,10,-109.9,22.2,0.0,0.83,0.0,4.3,1.98,0.0,0.0,0.0,1
2002,12,11,-110.61,21.35,0.0,0.83,0.0,4.16,2.4,0.0,0.0,0.0,1
2002,12,11,-111.76,20.69,0.0,0.83,0.0,5.01,2.41,0.0,0.0,0.0,1
2002,12,12,-113.05,19.85,0.0,0.83,0.0,6.17,2.48,0.0,0.0,0.0,1
2002,12,12,-114.51,18.66,0.0,0.83,0.0,7.23,2.47,0.0,0.0,0.0,1
2002,12,13,-115.08,17.64,0.00107,0.83,0.000888,8.37,2.62,2650.0,62.7,1.37,1
2002,12,13,-116.12,16.83,0.0,0.83,0.0,8.83,2.66,0.0,0.0,0.0,1
2002,12,13,-117.03,15.95,0.0,0.83,0.0,8.8,2.71,0.0,0.0,0.0,1
2002,12,14,-117.44,14.61,0.00321,0.83,0.00266,9.03,2.87,9370.0,222.0,6.39,1
2002,12,14,-117.78,13.31,0.00212,0.83,0.00176,7.61,2.82,5130.0,121.0,3.06,1
2002,12,15,-117.85,11.94,0.00324,0.83,0.00269,9.14,2.84,9480.0,224.0,6.49,1
2002,12,15,-118.72,11.63,0.0,0.83,0.0,10.4,2.88,0.0,0.0,0.0,1
2002,12,16,-120.25,11.18,0.0,0.83,0.0,9.53,2.92,0.0,0.0,0.0,1
2002,12,16,-120.39,9.92,0.00232,0.83,0.00193,7.54,2.81,5540.0,131.0,3.36,1
2002,12,17,-120.48,8.71,0.0,0.83,0.0,10.1,2.77,0.0,0.0,0.0,1
2002,12,17,-121.22,7.74,0.0,0.83,0.0,6.01,2.65,0.0,0.0,0.0,1
2002,12,18,-121.85,6.35,0.0,0.83,0.0,7.01,3.51,0.0,0.0,0.0,1
2002,12,19,-122.52,5.07,0.0,0.83,0.0,5.83,3.65,0.0,0.0,0.0,1
2002,12,19,-123.17,3.96,0.0,0.83,0.0,6.02,3.37,0.0,0.0,0.0,1
2002,12,19,-124.05,3.24,0.0,0.83,0.0,6.34,3.39,0.0,0.0,0.0,1
2002,12,20,-125.33,1.99,0.0,0.83,0.0,8.85,3.06,0.0,0.0,0.0,1
2002,12,21,-126.58,1.09,0.0,0.83,0.0,6.0,2.74,0.0,0.0,0.0,1
2002,12,21,-127.68,0.27,0.0,0.83,0.0,6.96,2.63,0.0,0.0,0.0,1
2002,12,21,-128.33,-0.14,0.0,0.83,0.0,7.24,2.59,0.0,0.0,0.0,1
2002,12,22,-128.61,2.83,0.0,0.83,0.0,7.17,2.75,0.0,0.0,0.0,1
2002,12,24,-128.9,5.74,0.00103,0.83,0.000855,6.88,3.24,2580.0,61.2,1.33,1
2003,2,10,-157.79,21.18,0.0127,0.83,0.0105,7.18,2.04,20900.0,496.0,17.0,1
2003,2,11,-157.49,20.94,0.0428,0.83,0.0355,8.78,2.99,127000.0,3000.0,153.0,1
2003,2,12,-157.42,20.49,0.0,0.83,0.0,8.53,3.37,0.0,0.0,0.0,1
2003,2,12,-157.2,19.66,0.00562,0.83,0.00466,6.03,3.38,12900.0,305.0,9.44,1
2003,2,12,-156.98,19.47,0.000938,0.83,0.000779,6.58,3.31,2310.0,54.6,1.16,1
2003,2,13,-156.49,19.51,0.00689,0.83,0.00572,8.35,2.9,18800.0,445.0,15.0,1
2003,2,13,-156.38,19.36,0.0012,0.83,0.000996,8.35,2.9,3280.0,77.5,1.77,1
2003,2,14,-156.27,18.95,0.0012,0.83,0.000996,6.82,2.57,2380.0,56.2,1.2,1
2003,2,15,-155.1,17.68,0.00108,0.83,0.000896,7.89,2.18,2100.0,49.6,1.03,1
2003,2,16,-152.9,15.36,0.0,0.83,0.0,10.5,1.95,0.0,0.0,0.0,1
2003,2,17,-152.27,14.62,0.0,0.83,0.0,10.9,2.97,0.0,0.0,0.0,1
2003,2,17,-151.63,13.88,0.0,0.83,0.0,10.6,2.64,0.0,0.0,0.0,1
2003,2,18,-150.87,13.06,0.0,0.83,0.0,9.93,2.91,0.0,0.0,0.0,1
2003,2,18,-150.21,12.25,0.0,0.83,0.0,10.1,2.87,0.0,0.0,0.0,1
2003,2,18,-149.63,11.51,0.0,0.83,0.0,9.47,2.77,0.0,0.0,0.0,1
2003,2,21,-148.13,8.64,0.00216,0.83,0.00179,9.66,3.09,7270.0,172.0,4.69,1
2003,2,21,-147.81,8.14,0.0,0.83,0.0,10.1,3.14,0.0,0.0,0.0,1
2003,2,22,-147.02,7.16,0.0,0.83,0.0,11.3,3.41,0.0,0.0,0.0,1
2003,2,22,-146.51,6.25,0.00108,0.83,0.000896,10.5,3.33,4280.0,101.0,2.45,1
2003,2,23,-144.77,5.04,0.0,0.83,0.0,9.71,3.11,0.0,0.0,0.0,1
2003,2,24,-143.82,4.28,0.0,0.83,0.0,8.81,2.88,0.0,0.0,0.0,1
2003,2,24,-143.46,3.74,0.0,0.83,0.0,6.74,2.7,0.0,0.0,0.0,1
2003,3,3,-140.0,-8.99,0.0,0.83,0.0,6.7,2.29,0.0,0.0,0.0,1
2003,3,3,-139.91,-9.05,0.0,0.83,0.0,7.27,2.29,0.0,0.0,0.0,1
2003,3,4,-140.03,-8.26,0.0,0.83,0.0,7.45,2.47,0.0,0.0,0.0,1
2003,3,4,-140.09,-7.67,0.0,0.83,0.0,7.01,2.54,0.0,0.0,0.0,1
2003,3,4,-140.21,-6.72,0.00123,0.83,0.00102,7.57,2.61,2740.0,64.7,1.42,1
2003,3,5,-140.48,-5.62,0.00108,0.83,0.000896,9.03,2.66,2920.0,69.2,1.54,1
2003,3,5,-140.77,-5.77,0.0,0.83,0.0,9.03,2.66,0.0,0.0,0.0,1
2003,3,7,-142.18,-8.49,0.00107,0.83,0.000888,6.93,2.8,2340.0,55.4,1.18,1
2003,3,8,-142.77,-9.57,0.0,0.83,0.0,5.93,2.38,0.0,0.0,0.0,1
2003,3,8,-143.09,-10.42,0.0,0.83,0.0,6.0,2.37,0.0,0.0,0.0,1
2003,3,9,-143.47,-11.28,0.0,0.83,0.0,5.8,2.12,0.0,0.0,0.0,1
2003,3,9,-143.99,-12.14,0.0,0.83,0.0,5.14,2.12,0.0,0.0,0.0,1
2003,3,10,-144.31,-12.74,0.0,0.83,0.0,4.86,1.9,0.0,0.0,0.0,1
2003,3,10,-144.69,-13.64,0.0,0.83,0.0,4.2,1.9,0.0,0.0,0.0,1
2003,3,15,-148.78,-15.27,0.0,0.83,0.0,4.89,1.67,0.0,0.0,0.0,1
2003,3,27,-149.74,-17.14,0.00216,0.83,0.00179,6.12,2.57,3820.0,90.5,2.14,1
2003,3,28,-149.32,-16.61,0.00216,0.83,0.00179,7.2,3.76,6590.0,156.0,4.16,1
2003,3,29,-148.47,-15.27,0.0,0.83,0.0,8.99,3.9,0.0,0.0,0.0,1
2003,3,30,-147.78,-14.7,0.0036,0.83,0.00299,8.93,3.43,12400.0,294.0,9.01,1
2003,3,30,-147.0,-14.92,0.00216,0.83,0.00179,7.73,3.44,6480.0,153.0,4.08,1
2003,3,31,-146.58,-14.91,0.0,0.83,0.0,8.89,3.1,0.0,0.0,0.0,1
2003,4,1,-144.53,-14.12,0.0,0.83,0.0,8.7,2.82,0.0,0.0,0.0,1
2003,4,2,-143.12,-13.54,0.0,0.83,0.0,6.28,2.44,0.0,0.0,0.0,1
2003,4,2,-141.2,-13.21,0.0,0.83,0.0,6.6,2.46,0.0,0.0,0.0,1
2003,4,3,-141.14,-13.31,0.0,0.83,0.0,6.4,2.92,0.0,0.0,0.0,1
2003,4,3,-141.11,-13.39,0.0,0.83,0.0,6.4,2.92,0.0,0.0,0.0,1
2003,4,4,-139.58,-12.94,0.0,0.83,0.0,6.26,2.74,0.0,0.0,0.0,1
2003,4,5,-138.44,-11.18,0.00324,0.83,0.00269,7.25,2.47,6550.0,155.0,4.13,1
2003,4,13,-141.63,-5.83,0.0,0.83,0.0,7.15,2.23,0.0,0.0,0.0,1
2003,4,14,-141.69,-5.67,0.0,0.83,0.0,5.68,2.01,0.0,0.0,0.0,1
2003,4,14,-141.71,-5.63,0.0,0.83,0.0,5.68,2.01,0.0,0.0,0.0,1
2003,4,15,-142.07,-3.99,0.0,0.83,0.0,5.46,1.9,0.0,0.0,0.0,1
2003,4,16,-142.77,-1.38,0.0,0.83,0.0,4.76,1.81,0.0,0.0,0.0,1
2003,4,17,-143.03,0.89,0.00108,0.83,0.000896,6.48,2.43,1920.0,45.3,0.921,1
2003,4,18,-143.47,2.98,0.0,0.83,0.0,7.39,3.33,0.0,0.0,0.0,1
2003,4,19,-143.41,4.86,0.0,0.83,0.0,5.15,3.75,0.0,0.0,0.0,1
2003,4,20,-144.23,6.39,0.0027,0.83,0.00224,6.83,3.43,7140.0,169.0,4.59,1
2003,4,21,-145.47,8.19,0.001,0.83,0.00083,10.4,3.55,4180.0,98.8,2.38,1
2003,4,21,-146.5,9.43,0.0,0.83,0.0,9.83,3.47,0.0,0.0,0.0,1
2003,4,22,-146.63,9.55,0.0,0.83,0.0,9.42,3.24,0.0,0.0,0.0,1
2003,4,22,-146.64,9.53,0.0,0.83,0.0,9.42,3.24,0.0,0.0,0.0,1
2003,4,23,-147.77,10.68,0.0,0.83,0.0,9.76,2.96,0.0,0.0,0.0,1
2003,4,24,-148.94,12.49,0.0,0.83,0.0,9.45,2.94,0.0,0.0,0.0,1
2003,4,28,-154.67,19.13,0.0,0.83,0.0,6.63,2.15,0.0,0.0,0.0,1
2003,4,28,-154.81,19.15,0.0,0.83,0.0,6.63,2.15,0.0,0.0,0.0,1
2003,4,28,-154.86,19.2,0.0,0.83,0.0,6.63,2.15,0.0,0.0,0.0,1
2003,4,28,-155.0,19.23,0.0583,0.83,0.0484,6.63,2.15,93700.0,2220.0,106.0,1
2003,5,10,-156.47,20.4,0.0,0.83,0.0,11.2,2.59,0.0,0.0,0.0,1
2003,5,12,-156.16,19.8,0.0,0.83,0.0,8.18,2.39,0.0,0.0,0.0,1
2003,5,13,-156.55,18.83,0.0,0.83,0.0,9.54,2.33,0.0,0.0,0.0,1
2003,5,14,-157.58,16.62,0.0,0.83,0.0,10.6,2.78,0.0,0.0,0.0,1
2003,5,15,-158.31,14.13,0.0,0.83,0.0,10.3,3.15,0.0,0.0,0.0,1
2003,5,16,-159.15,12.09,0.0,0.83,0.0,9.71,3.11,0.0,0.0,0.0,1
2003,5,17,-159.94,9.68,0.0,0.83,0.0,9.88,2.93,0.0,0.0,0.0,1
2003,5,18,-160.37,7.66,0.0,0.83,0.0,10.6,3.01,0.0,0.0,0.0,1
2003,5,20,-162.0,5.97,0.0,0.83,0.0,7.04,2.75,0.0,0.0,0.0,1
2003,5,28,-162.49,6.35,0.0,0.83,0.0,7.8,2.78,0.0,0.0,0.0,1
2003,7,5,-157.55,21.82,0.000864,0.83,0.000717,7.03,1.78,1220.0,28.8,0.529,1
2003,7,5,-157.43,22.5,0.00108,0.83,0.000896,6.49,1.73,1370.0,32.3,0.61,1
2003,7,6,-157.12,23.43,0.00105,0.83,0.000871,7.61,1.66,1490.0,35.4,0.68,1
2003,7,6,-156.87,24.08,0.0184,0.83,0.0153,7.13,1.6,23600.0,559.0,19.8,1
2003,7,7,-156.94,25.06,0.0,0.83,0.0,10.4,2.35,0.0,0.0,0.0,1
2003,7,7,-156.96,25.92,0.0,0.83,0.0,10.4,2.35,0.0,0.0,0.0,1
2003,7,7,-156.82,26.59,0.00435,0.83,0.00361,10.5,2.37,12200.0,288.0,8.78,1
2003,7,8,-156.77,27.25,0.0,0.83,0.0,9.71,2.38,0.0,0.0,0.0,1
2003,7,9,-156.71,29.94,0.0289,0.83,0.024,8.67,2.08,58700.0,1390.0,59.9,1
2003,7,10,-155.93,30.31,0.0462,0.83,0.0383,5.61,1.7,49600.0,1170.0,48.7,1
2003,7,12,-151.97,33.34,0.0406,0.83,0.0337,2.26,1.89,19500.0,463.0,15.7,1
2003,7,13,-149.9,36.34,0.0228,0.83,0.0189,6.31,1.61,26100.0,619.0,22.4,1
2003,7,13,-149.44,37.03,0.0279,0.83,0.0232,6.0,1.66,31300.0,741.0,27.9,1
2003,7,14,-148.97,37.73,0.0203,0.83,0.0168,5.87,1.41,18900.0,447.0,15.0,1
2003,7,14,-147.72,39.76,0.00253,0.83,0.0021,5.64,1.56,2520.0,59.6,1.29,1
2003,7,15,-146.64,41.07,0.0389,0.83,0.0323,3.33,1.21,17600.0,417.0,13.8,1
2003,7,15,-145.74,41.11,0.0,0.83,0.0,3.33,1.24,0.0,0.0,0.0,1
2003,7,17,-143.62,41.18,0.0132,0.83,0.011,4.05,0.938,5650.0,134.0,3.45,1
2003,7,19,-137.24,41.07,0.0132,0.83,0.011,10.1,2.31,34700.0,822.0,31.6,1
2003,7,20,-135.73,40.82,0.00797,0.83,0.00662,5.89,2.09,11100.0,262.0,7.82,1
2003,7,20,-134.88,40.68,0.0972,0.83,0.0807,5.98,2.02,132000.0,3130.0,162.0,1
2003,7,21,-134.42,40.58,0.0803,0.83,0.0666,4.02,1.74,63300.0,1500.0,65.7,1
2003,7,21,-133.51,40.38,0.0863,0.83,0.0716,5.23,1.74,88500.0,2090.0,98.9,1
2003,7,22,-132.23,40.16,0.0211,0.83,0.0175,7.61,1.92,34700.0,822.0,31.6,1
2003,7,22,-130.79,39.9,0.0457,0.83,0.0379,9.55,2.36,116000.0,2750.0,138.0,1
2003,8,16,-118.32,33.26,0.0072,0.83,0.00598,1.44,1.63,1910.0,45.2,0.918,1
2003,8,17,-118.6,33.1,0.00105,0.83,0.000871,5.41,1.53,978.0,23.1,0.406,1
2003,8,17,-118.54,33.38,0.0,0.83,0.0,5.41,1.53,0.0,0.0,0.0,1
2003,8,18,-119.04,33.09,0.0,0.83,0.0,9.2,2.01,0.0,0.0,0.0,1
2003,8,19,-120.14,32.35,0.0,0.83,0.0,7.59,1.96,0.0,0.0,0.0,1
2003,10,19,-118.29,33.02,0.0,0.83,0.0,2.5,1.66,0.0,0.0,0.0,1
2003,10,19,-118.77,33.56,0.0,0.83,0.0,2.5,1.66,0.0,0.0,0.0,1
2003,10,20,-118.94,33.47,0.0,0.83,0.0,3.18,1.93,0.0,0.0,0.0,1
2003,10,20,-119.01,33.35,0.0,0.83,0.0,2.42,2.39,0.0,0.0,0.0,1
2003,10,21,-119.15,32.76,0.0,0.83,0.0,6.01,2.35,0.0,0.0,0.0,1
2003,10,21,-119.04,33.1,0.0,0.83,0.0,5.67,2.18,0.0,0.0,0.0,1
2003,10,22,-118.95,33.06,0.0,0.83,0.0,4.81,1.55,0.0,0.0,0.0,1
2003,10,22,-119.12,32.84,0.0,0.83,0.0,7.06,1.97,0.0,0.0,0.0,1
2003,10,23,-119.04,33.08,0.0,0.83,0.0,3.8,1.65,0.0,0.0,0.0,1
2003,10,23,-118.95,32.37,0.0,0.83,0.0,5.35,1.69,0.0,0.0,0.0,1
2003,10,24,-119.54,31.72,0.0,0.83,0.0,5.32,1.89,0.0,0.0,0.0,1
2003,10,24,-119.85,31.54,0.0,0.83,0.0,5.32,1.89,0.0,0.0,0.0,1
2003,10,24,-119.53,31.06,0.0,0.83,0.0,5.32,1.89,0.0,0.0,0.0,1
2003,10,25,-118.8,29.98,0.0,0.83,0.0,5.46,1.79,0.0,0.0,0.0,1
2003,10,25,-118.46,29.37,0.0,0.83,0.0,5.46,1.79,0.0,0.0,0.0,1
2003,10,26,-117.98,28.72,0.0,0.83,0.0,4.5,1.84,0.0,0.0,0.0,1
2003,10,27,-116.21,28.54,0.0,0.83,0.0,3.96,1.81,0.0,0.0,0.0,1
2003,10,27,-115.18,28.41,0.0,0.83,0.0,4.45,2.03,0.0,0.0,0.0,1
2003,10,27,-115.08,28.04,0.0,0.83,0.0,4.45,2.03,0.0,0.0,0.0,1
2003,10,28,-115.43,27.84,0.0,0.83,0.0,3.2,1.71,0.0,0.0,0.0,1
2003,10,28,-115.14,27.33,0.0,0.83,0.0,3.2,1.71,0.0,0.0,0.0,1
2003,10,29,-114.54,26.6,0.0,0.83,0.0,1.83,1.56,0.0,0.0,0.0,1
2003,10,30,-113.29,25.68,0.0,0.83,0.0,2.6,1.51,0.0,0.0,0.0,1
2003,10,30,-112.58,24.59,0.0,0.83,0.0,2.86,1.53,0.0,0.0,0.0,1
2003,10,31,-112.28,24.28,0.0,0.83,0.0,2.51,1.51,0.0,0.0,0.0,1
2003,10,31,-111.06,23.35,0.00216,0.83,0.00179,3.82,1.62,1500.0,35.6,0.686,1
2003,11,1,-110.56,23.15,0.00108,0.83,0.000896,3.98,1.58,765.0,18.1,0.301,1
2003,11,1,-109.47,22.99,0.00972,0.83,0.00807,1.5,1.64,2690.0,63.6,1.39,1
2003,11,1,-109.13,23.65,0.0,0.83,0.0,1.3,0.0,0.0,0.0,0.0,1
2003,11,2,-109.76,24.21,0.0227,0.83,0.0188,1.64,0.0,6280.0,149.0,3.92,1
2003,11,3,-110.16,24.52,0.0,0.83,0.0,0.0,0.992,0.0,0.0,0.0,1
2003,11,7,-110.48,24.37,0.0,0.83,0.0,0.0,1.03,0.0,0.0,0.0,1
2003,11,8,-110.38,25.28,0.0,0.83,0.0,7.39,0.0,0.0,0.0,0.0,1
2003,11,8,-110.73,25.94,0.0,0.83,0.0,7.39,0.0,0.0,0.0,0.0,1
2003,11,8,-110.45,26.21,0.00108,0.83,0.000896,5.96,0.162,118.0,2.79,0.0307,1
2003,11,9,-110.64,26.14,0.0,0.83,0.0,6.76,0.193,0.0,0.0,0.0,1
2003,11,10,-110.91,26.05,0.0,0.83,0.0,4.66,0.202,0.0,0.0,0.0,1
2003,11,10,-110.86,25.69,0.0,0.83,0.0,5.39,0.0,0.0,0.0,0.0,1
2003,11,11,-110.39,25.35,0.0,0.83,0.0,5.2,0.0,0.0,0.0,0.0,1
2003,11,11,-109.94,24.73,0.0,0.83,0.0,4.74,0.0,0.0,0.0,0.0,1
2003,11,12,-109.51,24.03,0.0,0.83,0.0,7.63,0.0,0.0,0.0,0.0,1
2003,11,12,-108.79,23.52,0.00216,0.83,0.00179,5.93,1.06,1530.0,36.2,0.7,1
2003,11,13,-109.09,22.76,0.00972,0.83,0.00807,4.78,1.57,8240.0,195.0,5.47,1
2003,11,13,-109.0,22.11,0.0,0.83,0.0,4.47,1.22,0.0,0.0,0.0,1
2003,11,13,-109.67,21.42,0.00108,0.83,0.000896,2.44,1.91,567.0,13.4,0.209,1
2003,11,14,-109.97,21.15,0.00108,0.83,0.000896,6.09,1.65,1230.0,29.1,0.535,1
2003,11,15,-110.68,19.8,0.00216,0.83,0.00179,5.88,1.79,2560.0,60.6,1.31,1
2003,11,16,-111.05,18.97,0.0,0.83,0.0,6.55,2.11,0.0,0.0,0.0,1
2003,11,17,-110.06,19.24,0.0,0.83,0.0,7.8,1.98,0.0,0.0,0.0,1
2003,11,18,-109.09,19.51,0.0,0.83,0.0,6.99,1.93,0.0,0.0,0.0,1
2003,11,18,-108.4,19.43,0.0184,0.83,0.0153,6.9,1.84,26400.0,625.0,22.6,1
2003,11,19,-107.43,19.62,0.0,0.83,0.0,5.33,1.74,0.0,0.0,0.0,1
2003,11,19,-106.63,19.73,0.0,0.83,0.0,5.86,1.59,0.0,0.0,0.0,1
2003,11,19,-105.87,19.96,0.0,0.83,0.0,5.8,1.44,0.0,0.0,0.0,1
2003,11,20,-106.29,20.15,0.0,0.83,0.0,4.97,1.31,0.0,0.0,0.0,1
2003,11,21,-106.8,20.14,0.00216,0.83,0.00179,4.88,1.22,1450.0,34.3,0.655,1
2003,11,21,-106.35,20.35,0.00324,0.83,0.00269,4.88,1.22,2170.0,51.4,1.07,1
2003,11,22,-105.9,20.6,0.0,0.83,0.0,0.0,0.945,0.0,0.0,0.0,1
2003,11,23,-105.51,20.57,0.0,0.83,0.0,0.0,0.987,0.0,0.0,0.0,1
2003,12,2,-105.64,20.61,0.0,0.83,0.0,0.0,0.936,0.0,0.0,0.0,1
2003,12,2,-105.64,20.27,0.0,0.83,0.0,0.0,0.936,0.0,0.0,0.0,1
2003,12,2,-106.08,19.95,0.00432,0.83,0.00359,6.46,1.29,4050.0,95.9,2.3,1
2003,12,3,-106.66,19.24,0.00972,0.83,0.00807,2.31,2.04,5170.0,122.0,3.09,1
2003,12,4,-107.41,18.46,0.0,0.83,0.0,1.71,1.95,0.0,0.0,0.0,1
2003,12,4,-108.32,17.55,0.0248,0.83,0.0206,1.96,2.13,11600.0,275.0,8.32,1
2003,12,5,-108.86,16.88,0.068,0.83,0.0564,2.48,1.75,33300.0,788.0,30.0,1
2003,12,5,-109.22,16.36,0.0389,0.83,0.0323,3.19,1.8,25200.0,596.0,21.4,1
2003,12,6,-109.65,16.28,0.00864,0.83,0.00717,3.63,1.59,5620.0,133.0,3.42,1
2003,12,6,-109.66,16.13,0.00756,0.83,0.00627,3.63,1.59,4920.0,116.0,2.91,1
2003,12,7,-110.46,15.94,0.0,0.83,0.0,7.49,1.56,0.0,0.0,0.0,1
2003,12,7,-110.96,15.25,0.00216,0.83,0.00179,7.49,1.56,2840.0,67.3,1.49,1
2003,12,8,-111.47,14.71,0.0,0.83,0.0,5.69,2.11,0.0,0.0,0.0,1
2003,12,8,-111.93,14.12,0.00432,0.83,0.00359,5.69,2.11,5850.0,139.0,3.6,1
2003,12,9,-112.61,13.69,0.00108,0.83,0.000896,6.84,2.74,2280.0,53.9,1.14,1
2003,12,9,-112.94,12.95,0.0054,0.83,0.00448,5.48,2.78,9290.0,220.0,6.32,1
2003,12,10,-113.26,12.52,0.0,0.83,0.0,5.27,2.79,0.0,0.0,0.0,1
2003,12,10,-114.13,11.44,0.0054,0.83,0.00448,5.02,2.86,8760.0,207.0,5.88,1
2003,12,10,-114.41,11.09,0.0,0.83,0.0,5.02,2.86,0.0,0.0,0.0,1
2003,12,11,-114.84,10.33,0.0,0.83,0.0,6.51,2.45,0.0,0.0,0.0,1
2003,12,12,-115.35,9.55,0.0,0.83,0.0,7.53,2.27,0.0,0.0,0.0,1
2003,12,12,-115.99,8.38,0.00108,0.83,0.000896,7.07,2.25,1930.0,45.8,0.932,1
2003,12,13,-116.43,7.43,0.0,0.83,0.0,7.92,2.34,0.0,0.0,0.0,1
2003,12,13,-116.84,6.84,0.0,0.83,0.0,6.2,2.24,0.0,0.0,0.0,1
2003,12,14,-117.25,6.42,0.0,0.83,0.0,6.11,2.6,0.0,0.0,0.0,1
2003,12,14,-117.77,5.79,0.0,0.83,0.0,5.76,2.48,0.0,0.0,0.0,1
2003,12,15,-118.35,5.28,0.0,0.83,0.0,4.67,2.58,0.0,0.0,0.0,1
2003,12,15,-119.38,4.41,0.0,0.83,0.0,5.24,2.62,0.0,0.0,0.0,1
2003,12,16,-120.56,3.48,0.0,0.83,0.0,7.92,2.63,0.0,0.0,0.0,1
2003,12,16,-121.43,2.89,0.0,0.83,0.0,7.78,2.62,0.0,0.0,0.0,1
2003,12,17,-122.6,2.19,0.0,0.83,0.0,7.99,2.64,0.0,0.0,0.0,1
2003,12,17,-123.62,1.71,0.0,0.83,0.0,7.73,2.68,0.0,0.0,0.0,1
2003,12,18,-124.53,1.22,0.0,0.83,0.0,8.77,2.73,0.0,0.0,0.0,1
2003,12,18,-125.19,0.5,0.0,0.83,0.0,8.07,2.64,0.0,0.0,0.0,1
2003,12,18,-126.03,-0.59,0.0,0.83,0.0,9.15,2.67,0.0,0.0,0.0,1
2003,12,19,-126.97,-1.56,0.0,0.83,0.0,9.41,2.71,0.0,0.0,0.0,1
2003,12,19,-127.73,-2.14,0.0,0.83,0.0,9.35,2.76,0.0,0.0,0.0,1
2003,12,20,-127.93,-2.28,0.0,0.83,0.0,7.85,2.81,0.0,0.0,0.0,1
2003,12,20,-128.2,-2.45,0.0,0.83,0.0,7.96,2.86,0.0,0.0,0.0,1
2003,12,20,-128.88,-2.87,0.0,0.83,0.0,7.96,2.86,0.0,0.0,0.0,1
2003,12,21,-130.08,-3.54,0.0,0.83,0.0,8.23,2.82,0.0,0.0,0.0,1
2003,12,21,-131.07,-4.01,0.0,0.83,0.0,7.73,2.83,0.0,0.0,0.0,1
2003,12,22,-132.42,-4.58,0.0,0.83,0.0,9.68,3.02,0.0,0.0,0.0,1
2003,12,22,-133.51,-5.1,0.0,0.83,0.0,9.52,3.02,0.0,0.0,0.0,1
2003,12,23,-134.4,-5.69,0.0,0.83,0.0,6.99,2.85,0.0,0.0,0.0,1
2003,12,23,-134.97,-6.15,0.0,0.83,0.0,7.62,2.91,0.0,0.0,0.0,1
2003,12,24,-135.8,-6.86,0.0,0.83,0.0,7.59,2.88,0.0,0.0,0.0,1
2003,12,24,-136.36,-7.42,0.00108,0.83,0.000896,8.28,2.9,2920.0,69.2,1.54,1
2003,12,25,-137.2,-8.31,0.0,0.83,0.0,7.43,2.7,0.0,0.0,0.0,1
2003,12,26,-138.49,-9.81,0.0,0.83,0.0,7.05,2.36,0.0,0.0,0.0,1
2003,12,31,-139.89,-10.36,0.0,0.83,0.0,8.61,2.4,0.0,0.0,0.0,1
2004,1,1,-141.32,-11.32,0.0,0.83,0.0,6.12,2.26,0.0,0.0,0.0,1
2004,1,2,-142.41,-12.31,0.0,0.83,0.0,4.3,2.13,0.0,0.0,0.0,1
2004,1,3,-143.22,-13.5,0.0,0.83,0.0,4.99,2.34,0.0,0.0,0.0,1
2004,1,4,-144.28,-14.1,0.0054,0.83,0.00448,4.34,2.42,6390.0,151.0,4.01,1
2004,1,20,-150.5,-17.07,0.0,0.83,0.0,4.61,3.05,0.0,0.0,0.0,1
2004,1,20,-150.9,-16.56,0.00216,0.83,0.00179,5.75,2.96,4140.0,98.1,2.36,1
2004,1,20,-151.22,-16.74,0.0,0.83,0.0,4.58,2.94,0.0,0.0,0.0,1
2004,1,21,-150.98,-16.9,0.00108,0.83,0.000896,5.33,2.97,1930.0,45.7,0.93,1
2004,1,22,-150.74,-16.96,0.0,0.83,0.0,6.19,3.15,0.0,0.0,0.0,1
2004,1,22,-150.22,-16.8,0.00108,0.83,0.000896,6.19,3.15,2370.0,56.1,1.19,1
2004,2,13,-148.89,-15.28,0.0,0.83,0.0,8.58,2.51,0.0,0.0,0.0,1
2004,2,14,-147.67,-14.33,0.0,0.83,0.0,8.84,2.71,0.0,0.0,0.0,1
2004,2,15,-147.42,-12.83,0.0,0.83,0.0,8.64,2.78,0.0,0.0,0.0,1
2004,2,16,-146.73,-11.53,0.0,0.83,0.0,8.55,2.91,0.0,0.0,0.0,1
2004,2,17,-145.78,-10.84,0.0,0.83,0.0,7.29,2.75,0.0,0.0,0.0,1
2004,2,18,-144.79,-10.0,0.0,0.83,0.0,7.94,2.62,0.0,0.0,0.0,1
2004,2,19,-143.89,-10.66,0.0,0.83,0.0,5.76,2.33,0.0,0.0,0.0,1
2004,2,20,-142.82,-8.83,0.0,0.83,0.0,6.46,2.07,0.0,0.0,0.0,1
2004,2,21,-141.97,-8.46,0.0,0.83,0.0,6.99,2.1,0.0,0.0,0.0,1
2004,2,22,-141.17,-8.71,0.0,0.83,0.0,8.78,2.31,0.0,0.0,0.0,1
2004,3,1,-140.21,-7.4,0.0,0.83,0.0,6.07,2.23,0.0,0.0,0.0,1
2004,3,2,-140.67,-5.95,0.0,0.83,0.0,6.47,2.69,0.0,0.0,0.0,1
2004,3,3,-140.52,-4.1,0.0,0.83,0.0,8.42,2.83,0.0,0.0,0.0,1
2004,3,4,-141.31,-3.16,0.0,0.83,0.0,8.7,2.99,0.0,0.0,0.0,1
2004,3,28,-157.32,20.76,0.027,0.83,0.0224,3.46,2.52,26600.0,629.0,22.8,1
2004,3,29,-156.21,19.7,0.00864,0.83,0.00717,4.77,2.33,10800.0,257.0,7.63,1
2004,3,30,-156.23,19.29,0.00324,0.83,0.00269,4.67,2.7,4600.0,109.0,2.68,1
2004,3,30,-157.1,18.48,0.0081,0.83,0.00672,9.81,2.99,26800.0,634.0,23.0,1
2004,3,31,-157.46,18.06,0.00648,0.83,0.00538,8.92,2.93,19100.0,452.0,15.3,1
2004,3,31,-158.02,16.32,0.0,0.83,0.0,8.37,3.04,0.0,0.0,0.0,1
2004,4,1,-158.18,15.38,0.0,0.83,0.0,8.26,2.92,0.0,0.0,0.0,1
2004,4,1,-158.33,14.27,0.0,0.83,0.0,8.52,2.94,0.0,0.0,0.0,1
2004,4,3,-159.37,10.61,0.0,0.83,0.0,9.5,3.09,0.0,0.0,0.0,1
2004,4,4,-159.39,10.31,0.0,0.83,0.0,9.59,3.1,0.0,0.0,0.0,1
2004,4,4,-159.47,10.17,0.0,0.83,0.0,9.59,3.1,0.0,0.0,0.0,1
2004,4,4,-159.53,9.59,0.0,0.83,0.0,9.46,3.1,0.0,0.0,0.0,1
2004,4,6,-160.46,7.36,0.0,0.83,0.0,10.2,3.12,0.0,0.0,0.0,1
2004,4,6,-160.77,6.62,0.0,0.83,0.0,10.6,3.11,0.0,0.0,0.0,1
2004,4,7,-161.36,5.72,0.0,0.83,0.0,8.48,2.96,0.0,0.0,0.0,1
2004,4,7,-161.69,5.27,0.0012,0.83,0.000996,8.48,2.96,3390.0,80.2,1.85,1
2004,4,9,-160.92,1.41,0.0,0.83,0.0,6.0,3.01,0.0,0.0,0.0,1
2004,4,10,-160.84,0.38,0.0,0.83,0.0,4.41,2.82,0.0,0.0,0.0,1
2004,4,10,-160.84,0.01,0.0,0.83,0.0,4.41,2.82,0.0,0.0,0.0,1
2004,4,10,-161.24,0.29,0.0,0.83,0.0,4.63,2.82,0.0,0.0,0.0,1
2004,4,13,-162.04,5.62,0.0,0.83,0.0,9.02,3.04,0.0,0.0,0.0,1
2004,4,14,-162.01,5.6,0.0,0.83,0.0,9.4,2.9,0.0,0.0,0.0,1
2004,4,14,-162.06,5.61,0.0,0.83,0.0,9.4,2.9,0.0,0.0,0.0,1
2004,4,14,-162.13,5.8,0.00576,0.83,0.00478,9.4,2.9,17700.0,419.0,13.9,1
2004,4,19,-162.33,7.8,0.00831,0.83,0.0069,9.86,3.7,34200.0,810.0,31.1,1
2004,4,19,-162.32,8.44,0.00463,0.83,0.00384,9.83,3.77,19400.0,458.0,15.5,1
2004,4,20,-162.35,8.42,0.0,0.83,0.0,7.1,3.2,0.0,0.0,0.0,1
2004,4,20,-162.43,8.43,0.0,0.83,0.0,7.1,3.2,0.0,0.0,0.0,1
2004,4,20,-162.38,8.68,0.0162,0.83,0.0134,7.1,3.2,41500.0,982.0,39.3,1
2004,4,20,-162.36,9.55,0.00216,0.83,0.00179,7.23,3.21,5660.0,134.0,3.45,1
2004,4,21,-162.45,10.23,0.0012,0.83,0.000996,7.7,2.85,2970.0,70.3,1.57,1
2004,4,21,-162.7,11.05,0.0,0.83,0.0,7.7,2.86,0.0,0.0,0.0,1
2004,4,22,-162.45,11.59,0.0,0.83,0.0,9.12,2.63,0.0,0.0,0.0,1
2004,4,22,-162.75,12.73,0.00216,0.83,0.00179,9.15,2.6,5780.0,137.0,3.55,1
2004,4,23,-162.08,13.55,0.0,0.83,0.0,8.96,2.52,0.0,0.0,0.0,1
2004,4,23,-162.84,14.51,0.0,0.83,0.0,8.57,2.39,0.0,0.0,0.0,1
2004,4,24,-162.43,15.36,0.0121,0.83,0.01,8.7,2.58,30600.0,724.0,27.1,1
2004,4,24,-162.61,16.21,0.00159,0.83,0.00132,7.83,2.45,3430.0,81.2,1.88,1
2004,5,9,-157.86,21.25,0.00227,0.83,0.00188,2.05,1.84,966.0,22.9,0.4,1
2004,5,9,-157.75,21.07,0.00443,0.83,0.00368,2.05,1.84,1890.0,44.6,0.904,1
2004,5,11,-157.55,21.12,0.0,0.83,0.0,7.97,2.18,0.0,0.0,0.0,1
2004,5,11,-157.6,21.74,0.00864,0.83,0.00717,7.97,2.18,16900.0,400.0,13.1,1
2004,5,11,-157.29,21.56,0.0162,0.83,0.0134,7.97,2.18,31700.0,751.0,28.3,1
2004,5,12,-157.03,22.31,0.0405,0.83,0.0336,8.07,2.3,84900.0,2010.0,94.0,1
2004,5,12,-156.88,23.0,0.0,0.83,0.0,7.46,2.15,0.0,0.0,0.0,1
2004,5,13,-156.02,23.95,0.0157,0.83,0.013,6.53,2.21,25600.0,606.0,21.8,1
2004,5,13,-155.68,24.61,0.0,0.83,0.0,7.77,2.23,0.0,0.0,0.0,1
2004,5,14,-154.01,26.59,0.0,0.83,0.0,5.78,2.18,0.0,0.0,0.0,1
2004,5,14,-154.05,26.58,0.0,0.83,0.0,5.78,2.18,0.0,0.0,0.0,1
2004,5,14,-154.07,26.58,0.0,0.83,0.0,5.78,2.18,0.0,0.0,0.0,1
2004,5,15,-154.09,26.58,0.0,0.83,0.0,8.32,2.37,0.0,0.0,0.0,1
2004,5,16,-151.8,28.46,0.056,0.83,0.0465,10.1,2.31,147000.0,3480.0,184.0,1
2004,5,17,-151.0,29.83,0.116,0.83,0.0963,5.6,2.09,153000.0,3630.0,193.0,1
2004,5,18,-150.53,30.83,0.00864,0.83,0.00717,3.36,1.81,5930.0,140.0,3.66,1
2004,5,18,-149.99,31.54,0.182,0.83,0.151,4.41,1.91,173000.0,4100.0,224.0,1
2004,5,18,-149.98,31.96,0.0218,0.83,0.0181,4.41,1.91,20700.0,491.0,16.8,1
2004,5,19,-149.39,34.67,1.31,0.83,1.09,3.89,1.96,1130000.0,26600.0,2200.0,1
2004,5,20,-149.22,36.82,0.0219,0.83,0.0182,2.73,2.06,13900.0,329.0,10.3,1
2004,5,21,-149.57,38.4,0.224,0.83,0.186,3.1,1.96,153000.0,3620.0,193.0,1
2004,5,22,-149.33,41.31,0.0,0.83,0.0,7.82,1.65,0.0,0.0,0.0,1
2004,5,23,-148.16,43.17,0.0,0.83,0.0,8.81,1.44,0.0,0.0,0.0,1
2004,5,24,-147.74,44.98,0.0,0.83,0.0,8.5,1.51,0.0,0.0,0.0,1
2004,5,24,-147.74,45.0,0.0,0.83,0.0,8.19,1.59,0.0,0.0,0.0,1
2004,5,24,-147.74,45.03,0.0,0.83,0.0,8.19,1.59,0.0,0.0,0.0,1
2004,5,25,-147.75,45.05,0.00133,0.83,0.0011,7.82,1.89,2220.0,52.4,1.1,1
2004,5,26,-143.53,48.75,0.0,0.83,0.0,9.86,2.18,0.0,0.0,0.0,1
2004,5,28,-140.89,50.56,0.0,0.83,0.0,5.36,2.36,0.0,0.0,0.0,1
2004,5,30,-136.51,53.59,0.0,0.83,0.0,7.75,2.65,0.0,0.0,0.0,1
2004,5,31,-132.84,54.36,0.00432,0.83,0.00359,7.93,0.0,10000.0,237.0,6.93,1
2004,7,17,-129.32,48.33,0.0,0.83,0.0,5.28,1.25,0.0,0.0,0.0,1
2004,7,17,-129.6,48.64,0.0,0.83,0.0,5.28,1.25,0.0,0.0,0.0,1
2004,7,18,-130.73,49.4,0.00108,0.83,0.000896,3.55,1.26,547.0,12.9,0.2,1
2004,7,20,-131.3,51.32,0.0,0.83,0.0,5.98,1.81,0.0,0.0,0.0,1
2004,7,23,-130.71,51.04,0.0,0.83,0.0,8.23,1.53,0.0,0.0,0.0,1
2004,7,24,-130.29,50.64,0.0,0.83,0.0,9.86,1.93,0.0,0.0,0.0,1
2004,8,2,-127.17,42.74,0.0,0.83,0.0,6.77,2.03,0.0,0.0,0.0,1
2004,8,3,-126.92,42.12,0.0,0.83,0.0,2.9,1.49,0.0,0.0,0.0,1
2004,8,4,-126.11,41.2,0.0,0.83,0.0,4.33,1.39,0.0,0.0,0.0,1
2004,8,4,-125.63,40.4,0.00108,0.83,0.000896,6.25,1.5,1140.0,27.0,0.489,1
2004,8,16,-122.49,37.15,0.0,0.83,0.0,0.0,1.31,0.0,0.0,0.0,1
2004,8,16,-122.12,36.47,0.0,0.83,0.0,8.86,1.44,0.0,0.0,0.0,1
2004,8,17,-122.16,34.96,0.0,0.83,0.0,8.79,2.39,0.0,0.0,0.0,1
2004,8,17,-121.11,34.58,0.0,0.83,0.0,9.04,2.24,0.0,0.0,0.0,1
2004,8,28,-118.74,33.28,0.0,0.83,0.0,2.4,1.47,0.0,0.0,0.0,1
2004,9,15,-117.65,32.63,0.0,0.83,0.0,1.6,1.57,0.0,0.0,0.0,1
2004,9,16,-117.9,32.75,0.0012,0.83,0.000996,2.0,1.79,483.0,11.4,0.172,1
2004,9,16,-117.49,32.62,0.00166,0.83,0.00138,2.0,1.79,669.0,15.8,0.255,1
2004,10,17,-117.68,33.33,0.0,0.83,0.0,0.0,1.19,0.0,0.0,0.0,1
2004,10,18,-117.98,33.39,0.0,0.83,0.0,0.0,1.37,0.0,0.0,0.0,1
2004,10,18,-118.53,33.57,0.0207,0.83,0.0172,5.56,1.6,20800.0,493.0,16.9,1
2004,10,19,-119.08,33.7,0.00108,0.83,0.000896,3.06,1.46,545.0,12.9,0.199,1
2004,10,19,-119.7,33.75,0.0,0.83,0.0,3.06,1.46,0.0,0.0,0.0,1
2004,10,20,-120.54,33.89,0.0,0.83,0.0,6.45,2.32,0.0,0.0,0.0,1
2004,10,20,-120.67,33.83,0.0,0.83,0.0,6.45,2.32,0.0,0.0,0.0,1
2004,10,21,-121.06,33.16,0.0,0.83,0.0,7.75,4.47,0.0,0.0,0.0,1
2004,10,21,-121.57,32.42,0.0,0.83,0.0,5.8,4.37,0.0,0.0,0.0,1
2004,10,22,-122.41,31.73,0.0,0.83,0.0,6.23,3.26,0.0,0.0,0.0,1
2004,10,22,-122.61,31.55,0.446,0.83,0.37,6.23,3.26,1020000.0,24200.0,1960.0,1
2004,10,23,-122.99,31.35,1.36,0.83,1.13,3.44,2.08,1100000.0,25900.0,2130.0,1
2004,10,23,-123.07,31.22,0.163,0.83,0.135,3.02,2.07,115000.0,2710.0,136.0,1
2004,10,24,-122.97,30.64,0.0302,0.83,0.0251,4.33,1.54,22800.0,539.0,18.9,1
2004,10,24,-122.17,30.23,0.0,0.83,0.0,4.33,1.54,0.0,0.0,0.0,1
2004,10,25,-120.98,29.73,0.00108,0.83,0.000896,7.23,1.53,1350.0,31.9,0.599,1
2004,10,25,-119.69,29.52,0.0,0.83,0.0,7.64,1.55,0.0,0.0,0.0,1
2004,10,26,-118.48,29.24,0.0,0.83,0.0,5.79,1.97,0.0,0.0,0.0,1
2004,10,26,-117.78,28.98,0.0,0.83,0.0,6.11,1.75,0.0,0.0,0.0,1
2004,10,27,-116.89,28.26,0.0,0.83,0.0,6.1,1.77,0.0,0.0,0.0,1
2004,10,27,-116.11,27.68,0.0,0.83,0.0,4.58,1.81,0.0,0.0,0.0,1
2004,10,28,-115.13,26.98,0.0,0.83,0.0,4.82,1.7,0.0,0.0,0.0,1
2004,10,28,-114.47,26.37,0.0,0.83,0.0,3.13,1.53,0.0,0.0,0.0,1
2004,10,29,-114.02,25.68,0.0,0.83,0.0,6.07,2.51,0.0,0.0,0.0,1
2004,10,29,-113.22,24.98,0.0,0.83,0.0,6.7,2.33,0.0,0.0,0.0,1
2004,10,31,-110.9,23.23,0.0,0.83,0.0,6.58,1.67,0.0,0.0,0.0,1
2004,10,31,-110.37,22.95,0.0054,0.83,0.00448,7.15,1.95,8490.0,201.0,5.67,1
2004,11,1,-109.3,22.79,0.0,0.83,0.0,6.05,1.59,0.0,0.0,0.0,1
2004,11,1,-109.24,23.34,0.0,0.83,0.0,5.5,0.0,0.0,0.0,0.0,1
2004,11,2,-108.22,23.59,0.00216,0.83,0.00179,9.83,1.4,3360.0,79.6,1.83,1
2004,11,2,-107.88,23.68,0.00108,0.83,0.000896,9.17,1.17,1300.0,30.9,0.576,1
2004,11,2,-107.65,23.76,0.0,0.83,0.0,9.17,1.17,0.0,0.0,0.0,1
2004,11,3,-107.73,23.78,0.00108,0.83,0.000896,2.01,0.909,222.0,5.26,0.0666,1
2004,11,3,-108.43,23.79,0.0,0.83,0.0,6.64,0.838,0.0,0.0,0.0,1
2004,11,4,-109.4,24.31,0.0,0.83,0.0,5.71,0.0,0.0,0.0,0.0,1
2004,11,4,-109.46,24.55,0.0,0.83,0.0,5.71,0.0,0.0,0.0,0.0,1
2004,11,5,-110.36,25.28,0.0,0.83,0.0,5.51,0.0,0.0,0.0,0.0,1
2004,11,6,-110.97,25.88,0.0054,0.83,0.00448,4.5,0.0,3390.0,80.2,1.85,1
2004,11,7,-110.11,25.21,0.0,0.83,0.0,4.4,0.0,0.0,0.0,0.0,1
2004,11,17,-108.93,21.19,0.0,0.83,0.0,5.11,1.58,0.0,0.0,0.0,1
2004,11,18,-106.69,20.69,0.0,0.83,0.0,8.92,1.45,0.0,0.0,0.0,1
2004,11,19,-107.01,20.59,0.0,0.83,0.0,5.01,1.49,0.0,0.0,0.0,1
2004,11,19,-105.99,20.51,0.0054,0.83,0.00448,0.0,1.23,4530.0,107.0,2.63,1
2004,11,30,-105.67,20.72,0.006,0.83,0.00498,0.0,0.935,5030.0,119.0,2.99,1
2004,11,30,-106.31,20.36,0.0,0.83,0.0,9.29,1.19,0.0,0.0,0.0,1
2004,12,1,-107.19,19.64,0.0081,0.83,0.00672,7.57,2.02,14000.0,330.0,10.4,1
2004,12,2,-107.79,19.31,0.0,0.83,0.0,5.35,1.79,0.0,0.0,0.0,1
2004,12,2,-108.41,19.09,0.00324,0.83,0.00269,5.75,1.92,4030.0,95.4,2.28,1
2004,12,3,-107.8,19.31,0.0,0.83,0.0,6.4,1.46,0.0,0.0,0.0,1
2004,12,3,-109.91,18.24,0.0,0.83,0.0,5.53,1.56,0.0,0.0,0.0,1
2004,12,4,-110.77,18.03,0.0036,0.83,0.00299,5.27,1.72,3670.0,86.9,2.04,1
2004,12,4,-111.58,17.77,0.0,0.83,0.0,5.43,1.74,0.0,0.0,0.0,1
2004,12,5,-111.95,17.75,0.00929,0.83,0.00771,3.29,1.81,6230.0,147.0,3.88,1
2004,12,5,-112.93,17.48,0.0108,0.83,0.00896,3.8,1.84,8500.0,201.0,5.67,1
2004,12,6,-113.97,17.13,0.0036,0.83,0.00299,3.55,2.02,2910.0,68.8,1.53,1
2004,12,6,-114.7,16.73,0.00216,0.83,0.00179,4.79,2.07,2410.0,57.1,1.22,1
2004,12,6,-114.88,16.57,0.0216,0.83,0.0179,4.79,2.07,24100.0,571.0,20.3,1
2004,12,7,-115.3,15.63,0.00108,0.83,0.000896,7.36,2.12,1900.0,44.9,0.91,1
2004,12,8,-115.79,14.59,0.0027,0.83,0.00224,9.17,2.72,7590.0,180.0,4.94,1
2004,12,8,-116.14,13.76,0.00173,0.83,0.00144,9.56,2.73,5090.0,120.0,3.03,1
2004,12,9,-116.9,12.69,0.00324,0.83,0.00269,9.45,2.93,10100.0,240.0,7.03,1
2004,12,9,-117.4,11.96,0.0,0.83,0.0,9.55,2.85,0.0,0.0,0.0,1
2004,12,10,-117.81,11.06,0.0,0.83,0.0,8.66,2.64,0.0,0.0,0.0,1
2004,12,10,-118.2,10.38,0.0,0.83,0.0,7.43,2.63,0.0,0.0,0.0,1
2004,12,11,-118.61,9.58,0.0,0.83,0.0,8.27,2.45,0.0,0.0,0.0,1
2004,12,11,-119.03,9.22,0.0,0.83,0.0,7.83,2.52,0.0,0.0,0.0,1
2004,12,12,-119.28,8.73,0.0,0.83,0.0,8.69,2.48,0.0,0.0,0.0,1
2004,12,12,-119.51,8.23,0.00154,0.83,0.00128,8.69,2.48,3740.0,88.5,2.08,1
2004,12,13,-120.07,7.51,0.0,0.83,0.0,6.37,2.35,0.0,0.0,0.0,1
2004,12,13,-121.04,6.53,0.0,0.83,0.0,4.6,2.33,0.0,0.0,0.0,1
2004,12,14,-121.4,5.41,0.0,0.83,0.0,5.39,2.35,0.0,0.0,0.0,1
2004,12,14,-121.58,4.33,0.0,0.83,0.0,7.04,2.29,0.0,0.0,0.0,1
2004,12,15,-122.5,4.48,0.0,0.83,0.0,5.05,2.44,0.0,0.0,0.0,1
2004,12,15,-123.16,4.64,0.0,0.83,0.0,5.45,2.43,0.0,0.0,0.0,1
2004,12,16,-124.06,4.07,0.0,0.83,0.0,5.84,2.5,0.0,0.0,0.0,1
2004,12,16,-124.77,3.51,0.0,0.83,0.0,6.07,2.44,0.0,0.0,0.0,1
2004,12,17,-125.62,3.05,0.0,0.83,0.0,6.44,2.39,0.0,0.0,0.0,1
2004,12,17,-126.08,2.42,0.0,0.83,0.0,6.36,2.41,0.0,0.0,0.0,1
2004,12,18,-126.79,1.55,0.0,0.83,0.0,6.52,2.4,0.0,0.0,0.0,1
2004,12,19,-128.09,0.18,0.0,0.83,0.0,7.02,3.02,0.0,0.0,0.0,1
2004,12,19,-128.61,-0.22,0.0,0.83,0.0,7.85,2.99,0.0,0.0,0.0,1
2004,12,20,-129.56,-1.11,0.00144,0.83,0.0012,8.97,2.99,4350.0,103.0,2.51,1
2004,12,21,-131.68,-2.97,0.00108,0.83,0.000896,9.29,2.92,3310.0,78.3,1.79,1
2004,12,22,-134.0,-4.61,0.0,0.83,0.0,8.42,2.92,0.0,0.0,0.0,1
2004,12,22,-134.82,-5.2,0.0,0.83,0.0,8.21,2.95,0.0,0.0,0.0,1
2004,12,23,-135.79,-5.99,0.0,0.83,0.0,8.26,2.76,0.0,0.0,0.0,1
2004,12,23,-136.4,-6.71,0.0,0.83,0.0,8.07,2.79,0.0,0.0,0.0,1
2004,12,24,-136.59,-7.98,0.00108,0.83,0.000896,8.92,3.08,3350.0,79.2,1.82,1
2004,12,25,-137.43,-9.19,0.0,0.83,0.0,8.18,3.53,0.0,0.0,0.0,1
2004,12,25,-138.38,-9.43,0.00166,0.83,0.00138,8.66,3.53,5730.0,136.0,3.51,1
2004,12,26,-138.87,-9.59,0.00216,0.83,0.00179,7.41,3.26,5870.0,139.0,3.61,1
2004,12,31,-139.58,-9.85,0.00108,0.83,0.000896,7.52,2.65,2430.0,57.5,1.23,1
2004,12,31,-139.54,-9.79,0.0,0.83,0.0,7.52,2.65,0.0,0.0,0.0,1
2005,1,6,-148.57,-15.82,0.0,0.83,0.0,9.18,2.5,0.0,0.0,0.0,1
2005,1,6,-149.14,-16.66,0.0,0.83,0.0,8.38,2.4,0.0,0.0,0.0,1
2005,1,7,-149.4,-17.07,0.0,0.83,0.0,8.05,2.52,0.0,0.0,0.0,1
2005,1,17,-150.45,-16.98,0.0,0.83,0.0,7.83,2.44,0.0,0.0,0.0,1
2005,1,18,-151.58,-16.15,0.0,0.83,0.0,6.12,2.14,0.0,0.0,0.0,1
2005,1,19,-150.06,-17.34,0.0,0.83,0.0,0.906,2.11,0.0,0.0,0.0,1
2005,1,24,-150.49,-17.02,0.0,0.83,0.0,8.3,2.48,0.0,0.0,0.0,1
2005,1,31,-150.04,-17.16,0.0,0.83,0.0,7.4,3.08,0.0,0.0,0.0,1
2005,2,10,-149.27,-16.85,0.00122,0.83,0.00101,4.24,2.9,1690.0,40.0,0.791,1
2005,2,10,-149.02,-16.4,0.00173,0.83,0.00144,4.24,2.9,2400.0,56.7,1.21,1
2005,2,12,-149.0,-15.67,0.0,0.83,0.0,7.29,3.04,0.0,0.0,0.0,1
2005,2,13,-150.25,-14.3,0.0,0.83,0.0,8.57,3.0,0.0,0.0,0.0,1
2005,2,14,-149.85,-13.81,0.0,0.83,0.0,7.12,2.65,0.0,0.0,0.0,1
2005,2,15,-149.53,-12.59,0.0,0.83,0.0,6.56,2.21,0.0,0.0,0.0,1
2005,2,16,-148.42,-11.74,0.0,0.83,0.0,6.42,1.87,0.0,0.0,0.0,1
2005,2,16,-147.92,-11.04,0.0,0.83,0.0,6.7,1.82,0.0,0.0,0.0,1
2005,2,16,-147.62,-10.96,0.0,0.83,0.0,6.81,1.82,0.0,0.0,0.0,1
2005,2,17,-147.24,-10.84,0.0,0.83,0.0,4.64,1.89,0.0,0.0,0.0,1
2005,2,17,-146.81,-10.72,0.0,0.83,0.0,5.46,1.88,0.0,0.0,0.0,1
2005,2,17,-146.37,-10.6,0.0,0.83,0.0,5.46,1.88,0.0,0.0,0.0,1
2005,2,18,-144.52,-10.01,0.0,0.83,0.0,3.77,1.87,0.0,0.0,0.0,1
2005,2,19,-142.41,-9.7,0.01,0.83,0.0083,5.05,2.23,12700.0,300.0,9.23,1
2005,2,20,-139.57,-9.87,0.0,0.83,0.0,6.72,2.58,0.0,0.0,0.0,1
2005,2,20,-139.64,-9.79,0.0,0.83,0.0,6.72,2.58,0.0,0.0,0.0,1
2005,2,20,-139.72,-9.7,0.00122,0.83,0.00101,6.72,2.58,2380.0,56.4,1.2,1
2005,2,21,-139.78,-9.6,0.0,0.83,0.0,6.15,2.75,0.0,0.0,0.0,1
2005,2,21,-139.83,-9.52,0.0,0.83,0.0,6.15,2.75,0.0,0.0,0.0,1
2005,2,25,-140.16,-8.99,0.000808,0.83,0.000671,6.4,2.22,1300.0,30.7,0.572,1
2005,2,25,-140.32,-8.9,0.0,0.83,0.0,6.4,2.22,0.0,0.0,0.0,1
2005,2,26,-140.51,-8.61,0.0,0.83,0.0,7.37,2.89,0.0,0.0,0.0,1
2005,2,26,-140.69,-8.31,0.0,0.83,0.0,7.37,2.89,0.0,0.0,0.0,1
2005,2,26,-140.91,-8.0,0.0,0.83,0.0,8.21,2.81,0.0,0.0,0.0,1
2005,2,26,-140.93,-7.86,0.0,0.83,0.0,8.21,2.81,0.0,0.0,0.0,1
2005,2,27,-140.95,-7.93,0.0,0.83,0.0,5.28,2.79,0.0,0.0,0.0,1
2005,2,27,-141.01,-8.04,0.0,0.83,0.0,5.8,2.82,0.0,0.0,0.0,1
2005,2,28,-141.64,-6.86,0.0,0.83,0.0,6.78,2.38,0.0,0.0,0.0,1
2005,3,1,-142.42,-4.61,0.0,0.83,0.0,7.59,2.3,0.0,0.0,0.0,1
2005,3,1,-142.81,-3.47,0.0,0.83,0.0,8.13,2.34,0.0,0.0,0.0,1
2005,3,2,-142.95,-3.24,0.0,0.83,0.0,6.16,2.14,0.0,0.0,0.0,1
2005,3,3,-143.52,-1.67,0.0,0.83,0.0,5.88,2.22,0.0,0.0,0.0,1
2005,3,3,-143.62,-0.78,0.0,0.83,0.0,6.76,2.26,0.0,0.0,0.0,1
2005,3,3,-143.7,-0.47,0.0,0.83,0.0,6.76,2.26,0.0,0.0,0.0,1
2005,3,3,-143.72,-0.37,0.0,0.83,0.0,6.76,2.26,0.0,0.0,0.0,1
2005,3,4,-143.79,-0.08,0.0,0.83,0.0,7.46,2.43,0.0,0.0,0.0,1
2005,3,4,-143.84,0.24,0.0,0.83,0.0,7.7,2.54,0.0,0.0,0.0,1
2005,3,4,-143.88,0.52,0.0,0.83,0.0,7.7,2.54,0.0,0.0,0.0,1
2005,3,5,-144.12,1.56,0.0,0.83,0.0,6.21,2.38,0.0,0.0,0.0,1
2005,3,6,-144.7,3.61,0.0,0.83,0.0,5.83,2.35,0.0,0.0,0.0,1
2005,3,7,-144.56,5.61,0.00105,0.83,0.000871,7.03,2.6,2160.0,51.2,1.07,1
2005,3,8,-144.49,7.2,0.0,0.83,0.0,7.02,3.0,0.0,0.0,0.0,1
2005,3,8,-145.52,9.01,0.0,0.83,0.0,10.6,3.29,0.0,0.0,0.0,1
2005,3,9,-146.43,10.82,0.00257,0.83,0.00213,10.0,3.56,10400.0,245.0,7.22,1
2005,3,10,-147.13,12.01,0.0,0.83,0.0,6.92,3.58,0.0,0.0,0.0,1
2005,3,10,-147.19,12.13,0.00114,0.83,0.000946,6.92,3.58,3180.0,75.3,1.71,1
2005,3,11,-147.3,12.37,0.0,0.83,0.0,7.52,3.18,0.0,0.0,0.0,1
2005,3,11,-147.43,12.63,0.000514,0.83,0.000427,7.52,3.18,1390.0,32.8,0.622,1
2005,3,11,-147.58,12.82,0.00283,0.83,0.00235,7.52,3.18,7640.0,181.0,4.98,1
2005,3,27,-157.28,20.52,0.00432,0.83,0.00359,12.0,3.28,19200.0,455.0,15.4,1
2005,3,28,-156.93,18.7,0.0,0.83,0.0,11.5,3.04,0.0,0.0,0.0,1
2005,3,29,-156.81,17.93,0.00144,0.83,0.0012,9.82,2.97,4730.0,112.0,2.78,1
2005,3,29,-156.75,17.02,0.00756,0.83,0.00627,9.82,2.97,24900.0,588.0,21.0,1
2005,3,30,-156.66,16.04,0.00108,0.83,0.000896,10.1,2.9,3550.0,84.1,1.96,1
2005,3,30,-156.51,14.99,0.0,0.83,0.0,11.0,3.0,0.0,0.0,0.0,1
2005,3,31,-156.25,13.95,0.0,0.83,0.0,10.4,3.0,0.0,0.0,0.0,1
2005,3,31,-156.06,13.06,0.0,0.83,0.0,10.4,3.0,0.0,0.0,0.0,1
2005,3,31,-155.91,12.37,0.0,0.83,0.0,9.79,2.89,0.0,0.0,0.0,1
2005,4,1,-155.7,11.11,0.00216,0.83,0.00179,9.73,2.87,6810.0,161.0,4.33,1
2005,4,2,-155.62,9.85,0.0,0.83,0.0,10.2,3.18,0.0,0.0,0.0,1
2005,4,2,-155.61,8.7,0.000674,0.83,0.000559,10.6,3.33,2680.0,63.5,1.39,1
2005,4,2,-155.7,7.83,0.00108,0.83,0.000896,9.54,3.36,3910.0,92.5,2.2,1
2005,4,3,-155.72,6.66,0.0,0.83,0.0,10.1,3.21,0.0,0.0,0.0,1
2005,4,4,-155.71,5.8,0.00101,0.83,0.000838,7.92,2.85,2570.0,60.9,1.32,1
2005,4,4,-155.65,5.15,0.0009,0.83,0.000747,7.92,2.85,2290.0,54.3,1.15,1
2005,4,4,-155.58,4.31,0.0,0.83,0.0,7.33,2.62,0.0,0.0,0.0,1
2005,4,5,-155.61,3.59,0.0,0.83,0.0,6.26,2.46,0.0,0.0,0.0,1
2005,4,6,-155.95,2.82,0.0,0.83,0.0,5.77,2.37,0.0,0.0,0.0,1
2005,4,6,-156.38,1.96,0.0,0.83,0.0,5.85,2.29,0.0,0.0,0.0,1
2005,4,7,-156.91,-0.05,0.0,0.83,0.0,7.15,2.3,0.0,0.0,0.0,1
2005,4,7,-157.1,-0.08,0.0,0.83,0.0,6.89,2.3,0.0,0.0,0.0,1
2005,4,9,-157.38,1.59,0.0,0.83,0.0,8.08,3.03,0.0,0.0,0.0,1
2005,4,13,-157.91,2.93,0.0,0.83,0.0,5.1,3.3,0.0,0.0,0.0,1
2005,4,15,-159.21,3.21,0.0,0.83,0.0,7.01,3.02,0.0,0.0,0.0,1
2005,4,16,-159.76,4.07,0.0,0.83,0.0,5.89,3.31,0.0,0.0,0.0,1
2005,4,16,-160.29,4.0,0.0443,0.83,0.0368,8.1,3.27,132000.0,3130.0,162.0,1
2005,4,16,-160.46,4.17,0.0,0.83,0.0,8.1,3.27,0.0,0.0,0.0,1
2005,4,18,-160.95,4.82,0.0,0.83,0.0,6.42,3.22,0.0,0.0,0.0,1
2005,4,18,-161.25,5.48,0.00432,0.83,0.00359,7.86,3.33,12700.0,302.0,9.3,1
2005,5,12,-157.0,18.88,0.0,0.83,0.0,7.81,1.93,0.0,0.0,0.0,1
2005,5,12,-157.1,18.73,0.0,0.83,0.0,5.96,1.99,0.0,0.0,0.0,1
2005,5,12,-157.21,18.6,0.00432,0.83,0.00359,5.96,1.99,5780.0,137.0,3.54,1
2005,5,12,-156.98,18.36,0.0,0.83,0.0,7.81,1.93,0.0,0.0,0.0,1
2005,5,13,-156.66,17.93,0.00136,0.83,0.00113,9.53,2.2,3210.0,76.0,1.73,1
2005,5,13,-156.24,17.51,0.0,0.83,0.0,9.53,2.2,0.0,0.0,0.0,1
2005,5,15,-156.27,14.32,0.0,0.83,0.0,9.84,2.86,0.0,0.0,0.0,1
2005,5,16,-156.39,12.09,0.0,0.83,0.0,9.52,2.93,0.0,0.0,0.0,1
2005,5,17,-156.48,10.05,0.00108,0.83,0.000896,9.61,3.03,3550.0,83.9,1.95,1
2005,5,17,-156.51,8.87,0.0,0.83,0.0,9.51,3.05,0.0,0.0,0.0,1
2005,5,17,-156.64,7.93,0.0,0.83,0.0,8.77,3.03,0.0,0.0,0.0,1
2005,5,18,-156.85,7.13,0.0,0.83,0.0,6.15,3.26,0.0,0.0,0.0,1
2005,5,19,-157.03,6.2,0.0,0.83,0.0,6.77,2.82,0.0,0.0,0.0,1
2005,5,19,-157.07,5.42,0.0,0.83,0.0,6.27,2.73,0.0,0.0,0.0,1
2005,5,20,-157.18,4.75,0.0,0.83,0.0,6.12,2.27,0.0,0.0,0.0,1
2005,5,20,-157.3,3.68,0.0,0.83,0.0,5.23,2.25,0.0,0.0,0.0,1
2005,5,21,-157.64,2.5,0.0,0.83,0.0,4.79,1.92,0.0,0.0,0.0,1
2005,5,24,-159.11,3.56,0.0,0.83,0.0,4.75,1.79,0.0,0.0,0.0,1
2005,5,31,-162.14,5.83,0.0,0.83,0.0,7.35,2.8,0.0,0.0,0.0,1
2005,6,1,-162.08,7.59,0.0,0.83,0.0,9.0,2.99,0.0,0.0,0.0,1
2005,6,2,-161.41,8.63,0.00126,0.83,0.00105,7.2,3.05,3120.0,73.8,1.67,1
2005,6,3,-160.88,10.42,0.0,0.83,0.0,9.84,3.13,0.0,0.0,0.0,1
2005,7,6,-157.56,21.04,0.0,0.83,0.0,9.6,1.92,0.0,0.0,0.0,1
2005,7,6,-157.51,20.76,0.00108,0.83,0.000896,10.0,2.33,2850.0,67.3,1.49,1
2005,7,7,-157.56,20.98,0.0,0.83,0.0,11.0,2.92,0.0,0.0,0.0,1
2005,7,8,-157.63,22.01,0.0,0.83,0.0,10.8,2.72,0.0,0.0,0.0,1
2005,7,8,-157.82,22.54,0.00216,0.83,0.00179,10.8,2.72,7150.0,169.0,4.6,1
2005,7,9,-157.98,23.51,0.0,0.83,0.0,9.95,2.76,0.0,0.0,0.0,1
2005,7,9,-158.11,24.29,0.00864,0.83,0.00717,9.63,2.69,25200.0,597.0,21.4,1
2005,7,9,-158.12,25.31,0.000996,0.83,0.000827,9.1,2.56,2610.0,61.8,1.35,1
2005,7,10,-158.11,25.77,0.0462,0.83,0.0383,7.4,2.29,88200.0,2090.0,98.6,1
2005,7,11,-157.97,26.51,0.0228,0.83,0.0189,7.13,2.1,38500.0,912.0,35.9,1
2005,7,11,-157.96,27.19,0.0182,0.83,0.0151,6.99,1.98,28400.0,672.0,24.7,1
2005,7,12,-157.82,28.27,0.00742,0.83,0.00616,6.78,1.85,10500.0,248.0,7.32,1
2005,7,12,-157.74,28.78,0.0531,0.83,0.0441,6.78,1.85,75000.0,1770.0,80.8,1
2005,7,12,-157.67,29.62,0.00559,0.83,0.00464,6.52,1.8,7380.0,175.0,4.77,1
2005,7,12,-157.65,29.74,0.00138,0.83,0.00115,6.52,1.8,1820.0,43.1,0.866,1
2005,7,13,-157.67,29.78,0.00938,0.83,0.00779,7.62,1.78,14300.0,339.0,10.7,1
2005,7,13,-157.68,29.86,0.00338,0.83,0.00281,7.62,1.78,5160.0,122.0,3.08,1
2005,7,13,-157.65,30.27,0.132,0.83,0.11,6.6,1.62,159000.0,3760.0,202.0,1
2005,7,14,-157.19,30.94,0.0259,0.83,0.0215,5.47,1.68,26900.0,636.0,23.1,1
2005,7,14,-156.25,31.8,0.0813,0.83,0.0675,4.26,1.55,60600.0,1430.0,62.4,1
2005,7,15,-155.02,33.0,0.039,0.83,0.0324,5.37,1.41,33300.0,788.0,30.0,1
2005,7,15,-154.36,33.84,0.046,0.83,0.0382,5.17,1.45,38900.0,920.0,36.3,1
2005,7,16,-153.83,34.75,0.0487,0.83,0.0404,8.34,1.62,74400.0,1760.0,80.0,1
2005,7,17,-152.11,36.88,0.122,0.83,0.101,3.6,1.32,65500.0,1550.0,68.5,1
2005,7,17,-151.21,37.75,0.305,0.83,0.253,2.41,1.26,105000.0,2470.0,121.0,1
2005,7,17,-150.06,38.73,0.0849,0.83,0.0705,3.03,1.24,35900.0,849.0,32.9,1
2005,7,17,-149.87,38.87,0.226,0.83,0.188,2.37,1.23,74000.0,1750.0,79.5,1
2005,7,18,-149.7,39.69,0.0344,0.83,0.0286,7.92,1.19,36500.0,863.0,33.6,1
2005,7,19,-148.12,40.72,0.0181,0.83,0.015,5.2,1.05,11100.0,263.0,7.88,1
2005,7,19,-145.47,41.58,0.00864,0.83,0.00717,5.1,1.21,6030.0,143.0,3.73,1
2005,7,19,-145.39,41.54,0.014,0.83,0.0116,5.1,1.21,9770.0,231.0,6.73,1
2005,7,20,-145.36,41.5,0.013,0.83,0.0108,4.05,1.12,6630.0,157.0,4.19,1
2005,7,20,-145.32,41.44,0.0443,0.83,0.0368,4.05,1.12,22600.0,535.0,18.7,1
2005,7,20,-145.17,41.49,0.0335,0.83,0.0278,4.05,1.12,17100.0,405.0,13.3,1
2005,7,22,-142.25,42.96,0.00523,0.83,0.00434,2.67,0.927,1460.0,34.6,0.662,1
2005,7,22,-140.85,42.96,0.0151,0.83,0.0125,2.18,0.961,3560.0,84.3,1.96,1
2005,7,23,-137.53,42.86,0.00432,0.83,0.00359,2.75,1.22,1640.0,38.7,0.76,1
2005,8,20,-118.23,33.29,0.0,0.83,0.0,4.12,1.15,0.0,0.0,0.0,1
2005,8,21,-118.43,33.19,0.0,0.83,0.0,3.0,1.08,0.0,0.0,0.0,1
2005,8,21,-118.64,33.29,0.00432,0.83,0.00359,3.0,1.08,1570.0,37.2,0.724,1
2005,8,21,-119.1,32.81,0.0,0.83,0.0,7.82,1.3,0.0,0.0,0.0,1
2005,8,22,-119.1,33.13,0.0,0.83,0.0,6.47,1.73,0.0,0.0,0.0,1
2005,8,23,-119.17,33.39,0.0,0.83,0.0,2.79,1.7,0.0,0.0,0.0,1
2005,8,23,-119.4,33.61,0.0054,0.83,0.00448,2.79,1.7,2900.0,68.6,1.53,1
2005,8,24,-120.8,34.05,0.0,0.83,0.0,5.24,1.57,0.0,0.0,0.0,1
2005,9,4,-117.45,32.8,0.00108,0.83,0.000896,4.9,1.33,794.0,18.8,0.314,1
2005,9,5,-117.48,32.8,0.0,0.83,0.0,5.2,1.46,0.0,0.0,0.0,1
2005,9,5,-117.8,32.89,0.0,0.83,0.0,5.2,1.46,0.0,0.0,0.0,1
2005,9,7,-118.26,32.39,0.0,0.83,0.0,5.27,1.75,0.0,0.0,0.0,1
2005,9,7,-118.2,32.36,0.0,0.83,0.0,5.27,1.75,0.0,0.0,0.0,1
2005,10,15,-118.15,33.2,0.0173,0.83,0.0144,4.19,1.37,11200.0,264.0,7.91,1
2005,10,15,-118.67,33.69,0.013,0.83,0.0108,4.19,1.37,8390.0,198.0,5.58,1
2005,10,16,-119.18,33.74,0.0,0.83,0.0,9.6,2.61,0.0,0.0,0.0,1
2005,10,17,-119.05,33.28,0.0,0.83,0.0,4.32,2.57,0.0,0.0,0.0,1
2005,10,18,-119.41,32.87,0.0,0.83,0.0,3.57,2.2,0.0,0.0,0.0,1
2005,10,19,-119.62,32.54,0.0,0.83,0.0,2.89,1.83,0.0,0.0,0.0,1
2005,10,19,-120.37,32.39,0.0,0.83,0.0,0.807,1.9,0.0,0.0,0.0,1
2005,10,20,-120.35,32.02,0.0,0.83,0.0,5.55,1.96,0.0,0.0,0.0,1
2005,10,20,-120.49,31.19,0.0,0.83,0.0,5.13,1.96,0.0,0.0,0.0,1
2005,10,21,-120.4,30.35,0.0,0.83,0.0,6.27,1.82,0.0,0.0,0.0,1
2005,10,21,-119.92,29.9,0.0,0.83,0.0,6.51,1.94,0.0,0.0,0.0,1
2005,10,21,-119.51,29.31,0.0,0.83,0.0,6.51,1.94,0.0,0.0,0.0,1
2005,10,22,-118.93,29.02,0.0,0.83,0.0,5.53,1.66,0.0,0.0,0.0,1
2005,10,23,-118.35,28.58,0.0,0.83,0.0,5.37,1.54,0.0,0.0,0.0,1
2005,10,23,-117.86,28.37,0.0,0.83,0.0,4.96,1.56,0.0,0.0,0.0,1
2005,10,24,-117.5,28.0,0.0,0.83,0.0,3.36,2.85,0.0,0.0,0.0,1
2005,10,24,-117.18,27.9,0.0,0.83,0.0,4.46,2.63,0.0,0.0,0.0,1
2005,10,25,-115.66,26.69,0.0,0.83,0.0,7.47,3.52,0.0,0.0,0.0,1
2005,10,25,-114.81,25.94,0.0,0.83,0.0,7.11,3.39,0.0,0.0,0.0,1
2005,10,26,-113.73,25.46,0.0,0.83,0.0,8.77,2.89,0.0,0.0,0.0,1
2005,10,27,-112.45,25.06,0.0,0.83,0.0,5.64,1.84,0.0,0.0,0.0,1
2005,10,27,-112.48,24.61,0.0,0.83,0.0,4.33,2.27,0.0,0.0,0.0,1
2005,10,28,-112.16,23.85,0.0,0.83,0.0,2.21,2.1,0.0,0.0,0.0,1
2005,10,28,-111.99,23.43,0.0,0.83,0.0,3.52,1.9,0.0,0.0,0.0,1
2005,10,29,-111.14,22.88,0.0,0.83,0.0,3.04,2.13,0.0,0.0,0.0,1
2005,10,29,-110.1,22.58,0.0,0.83,0.0,3.94,1.93,0.0,0.0,0.0,1
2005,10,30,-109.18,23.26,0.0,0.83,0.0,4.47,0.0,0.0,0.0,0.0,1
2005,10,30,-110.18,24.44,0.0,0.83,0.0,0.0,1.15,0.0,0.0,0.0,1
2005,11,5,-110.39,24.32,0.0,0.83,0.0,0.0,0.861,0.0,0.0,0.0,1
2005,11,5,-109.74,25.12,0.0,0.83,0.0,3.2,0.257,0.0,0.0,0.0,1
2005,11,6,-109.25,25.31,0.0,0.83,0.0,2.51,0.223,0.0,0.0,0.0,1
2005,11,6,-109.27,24.87,0.0,0.83,0.0,1.21,0.0,0.0,0.0,0.0,1
2005,11,7,-109.15,24.75,0.0,0.83,0.0,1.68,0.0,0.0,0.0,0.0,1
2005,11,8,-109.61,23.97,0.0,0.83,0.0,0.1,0.0,0.0,0.0,0.0,1
2005,11,8,-108.1,24.31,0.0,0.83,0.0,1.84,0.607,0.0,0.0,0.0,1
2005,11,9,-108.31,22.87,0.0,0.83,0.0,2.23,0.992,0.0,0.0,0.0,1
2005,11,10,-108.51,22.57,0.0,0.83,0.0,2.05,1.03,0.0,0.0,0.0,1
2005,11,10,-109.03,21.93,0.0,0.83,0.0,3.16,1.39,0.0,0.0,0.0,1
2005,11,11,-109.36,21.42,0.00144,0.83,0.0012,4.04,1.74,1140.0,27.0,0.49,1
2005,11,11,-109.69,20.78,0.0,0.83,0.0,3.66,1.85,0.0,0.0,0.0,1
2005,11,12,-110.32,20.0,0.00154,0.83,0.00128,6.08,2.11,2230.0,52.7,1.11,1
2005,11,13,-110.71,19.09,0.0,0.83,0.0,4.54,1.98,0.0,0.0,0.0,1
2005,11,14,-110.01,18.99,0.00216,0.83,0.00179,3.84,2.39,2230.0,52.9,1.11,1
2005,11,14,-109.4,18.85,0.0036,0.83,0.00299,4.1,2.23,3710.0,87.9,2.07,1
2005,11,29,-107.53,19.72,0.0,0.83,0.0,7.32,1.95,0.0,0.0,0.0,1
2005,11,30,-108.39,19.09,0.0,0.83,0.0,4.92,2.0,0.0,0.0,0.0,1
2005,11,30,-108.72,18.82,0.0,0.83,0.0,5.09,2.04,0.0,0.0,0.0,1
2005,12,1,-109.77,17.96,0.0,0.83,0.0,6.05,1.72,0.0,0.0,0.0,1
2005,12,1,-110.22,17.59,0.0,0.83,0.0,6.55,1.76,0.0,0.0,0.0,1
2005,12,2,-111.08,17.06,0.0009,0.83,0.000747,6.09,1.65,1020.0,24.1,0.427,1
2005,12,2,-111.57,16.69,0.0,0.83,0.0,7.27,1.79,0.0,0.0,0.0,1
2005,12,3,-112.58,15.86,0.0,0.83,0.0,5.85,1.87,0.0,0.0,0.0,1
2005,12,3,-113.27,15.75,0.0,0.83,0.0,7.64,1.86,0.0,0.0,0.0,1
2005,12,4,-114.22,14.85,0.00104,0.83,0.000863,7.1,1.84,1530.0,36.2,0.7,1
2005,12,4,-114.87,14.49,0.0,0.83,0.0,7.1,1.84,0.0,0.0,0.0,1
2005,12,5,-115.51,14.1,0.00072,0.83,0.000598,8.8,1.88,1340.0,31.7,0.596,1
2005,12,5,-116.28,13.66,0.0,0.83,0.0,9.32,2.05,0.0,0.0,0.0,1
2005,12,6,-117.56,12.69,0.0,0.83,0.0,9.35,2.28,0.0,0.0,0.0,1
2005,12,7,-118.31,12.09,0.00108,0.83,0.000896,10.3,2.65,3320.0,78.5,1.8,1
2005,12,7,-119.01,11.53,0.0,0.83,0.0,9.9,2.76,0.0,0.0,0.0,1
2005,12,8,-119.57,11.08,0.00212,0.83,0.00176,8.62,3.07,6330.0,150.0,3.96,1
2005,12,9,-120.47,9.95,0.0,0.83,0.0,6.24,2.31,0.0,0.0,0.0,1
2005,12,9,-121.13,9.41,0.00167,0.83,0.00139,5.98,2.41,2720.0,64.4,1.41,1
2005,12,10,-121.94,8.55,0.0,0.83,0.0,4.38,2.11,0.0,0.0,0.0,1
2005,12,10,-122.65,7.93,0.000778,0.83,0.000646,6.19,2.13,1160.0,27.3,0.497,1
2005,12,11,-123.23,7.32,0.0,0.83,0.0,7.59,2.23,0.0,0.0,0.0,1
2005,12,11,-123.68,7.1,0.0,0.83,0.0,7.59,2.23,0.0,0.0,0.0,1
2005,12,12,-124.2,6.85,0.0,0.83,0.0,8.54,2.28,0.0,0.0,0.0,1
2005,12,12,-124.63,6.45,0.0,0.83,0.0,8.54,2.28,0.0,0.0,0.0,1
2005,12,13,-125.14,5.69,0.0,0.83,0.0,8.12,2.29,0.0,0.0,0.0,1
2005,12,13,-125.51,5.27,0.0,0.83,0.0,8.12,2.29,0.0,0.0,0.0,1
2005,12,14,-126.02,4.78,0.0,0.83,0.0,7.81,2.12,0.0,0.0,0.0,1
2005,12,15,-127.48,3.17,0.0,0.83,0.0,8.76,1.9,0.0,0.0,0.0,1
2005,12,15,-128.14,2.68,0.0,0.83,0.0,8.34,1.95,0.0,0.0,0.0,1
2005,12,16,-128.68,2.17,0.0,0.83,0.0,5.76,1.6,0.0,0.0,0.0,1
2005,12,16,-129.28,1.6,0.0,0.83,0.0,4.97,1.58,0.0,0.0,0.0,1
2005,12,18,-130.61,0.23,0.0,0.83,0.0,6.48,1.27,0.0,0.0,0.0,1
2005,12,18,-131.1,0.09,0.0,0.83,0.0,6.16,1.29,0.0,0.0,0.0,1
2005,12,19,-132.34,-1.66,0.0,0.83,0.0,6.37,1.31,0.0,0.0,0.0,1
2005,12,19,-132.74,-2.59,0.0,0.83,0.0,5.62,1.36,0.0,0.0,0.0,1
2005,12,20,-133.2,-3.39,0.0,0.83,0.0,6.5,1.63,0.0,0.0,0.0,1
2005,12,20,-133.9,-4.02,0.0,0.83,0.0,7.29,1.7,0.0,0.0,0.0,1
2005,12,21,-134.57,-4.58,0.0,0.83,0.0,6.6,1.94,0.0,0.0,0.0,1
2005,12,21,-135.29,-5.17,0.0,0.83,0.0,6.2,2.0,0.0,0.0,0.0,1
2005,12,22,-135.87,-5.76,0.0,0.83,0.0,6.55,1.98,0.0,0.0,0.0,1
2005,12,22,-136.42,-6.23,0.0009,0.83,0.000747,6.27,1.97,1260.0,29.7,0.551,1
2005,12,23,-136.92,-6.74,0.0,0.83,0.0,5.68,2.26,0.0,0.0,0.0,1
2005,12,24,-137.64,-7.75,0.0,0.83,0.0,6.34,2.32,0.0,0.0,0.0,1
2005,12,25,-138.69,-8.13,0.0,0.83,0.0,6.02,2.08,0.0,0.0,0.0,1
2005,12,25,-139.35,-8.49,0.0,0.83,0.0,5.75,2.06,0.0,0.0,0.0,1
2006,2,9,-149.2,-15.8,0.0,0.83,0.0,5.81,2.21,0.0,0.0,0.0,1
2006,2,10,-148.19,-15.33,0.0,0.83,0.0,5.04,2.11,0.0,0.0,0.0,1
2006,2,12,-147.57,-14.8,0.000982,0.83,0.000815,4.4,2.22,1080.0,25.6,0.458,1
2006,2,13,-146.81,-14.6,0.0,0.83,0.0,5.43,2.36,0.0,0.0,0.0,1
2006,2,13,-146.03,-14.77,0.0,0.83,0.0,5.43,2.36,0.0,0.0,0.0,1
2006,2,14,-145.93,-14.91,0.000818,0.83,0.000679,5.57,2.58,1330.0,31.4,0.59,1
2006,2,16,-143.67,-13.11,0.0,0.83,0.0,8.11,2.89,0.0,0.0,0.0,1
2006,2,17,-141.26,-11.02,0.0,0.83,0.0,8.73,2.81,0.0,0.0,0.0,1
2006,2,19,-140.63,-9.06,0.0,0.83,0.0,5.65,2.05,0.0,0.0,0.0,1
2006,2,19,-140.64,-9.12,0.0,0.83,0.0,5.65,2.05,0.0,0.0,0.0,1
2006,2,19,-140.62,-9.16,0.0,0.83,0.0,5.65,2.05,0.0,0.0,0.0,1
2006,2,20,-140.61,-9.2,0.0,0.83,0.0,8.09,2.22,0.0,0.0,0.0,1
2006,2,25,-140.61,-7.65,0.0,0.83,0.0,1.8,1.82,0.0,0.0,0.0,1
2006,2,26,-140.61,-7.7,0.0,0.83,0.0,2.51,1.74,0.0,0.0,0.0,1
2006,2,28,-142.32,-4.85,0.0,0.83,0.0,8.42,2.16,0.0,0.0,0.0,1
2006,3,1,-142.69,-4.61,0.0,0.83,0.0,9.52,2.41,0.0,0.0,0.0,1
2006,3,3,-144.78,-1.06,0.0,0.83,0.0,9.42,3.01,0.0,0.0,0.0,1
2006,3,4,-146.35,1.72,0.0,0.83,0.0,6.56,2.95,0.0,0.0,0.0,1
2006,3,8,-147.98,7.58,0.0058,0.83,0.00481,11.0,3.04,21900.0,519.0,18.0,1
2006,3,9,-148.45,7.96,0.0,0.83,0.0,12.3,3.75,0.0,0.0,0.0,1
2006,3,9,-149.35,9.28,0.0,0.83,0.0,13.2,3.82,0.0,0.0,0.0,1
2006,3,25,-157.5,20.42,0.00196,0.83,0.00163,5.02,2.01,2230.0,52.7,1.11,1
2006,3,29,-158.18,17.37,0.00648,0.83,0.00538,6.56,1.86,8920.0,211.0,6.01,1
2006,3,30,-158.38,16.58,0.00108,0.83,0.000896,6.91,1.69,1420.0,33.6,0.64,1
2006,3,30,-158.5,15.58,0.00108,0.83,0.000896,6.98,1.72,1460.0,34.6,0.663,1
2006,3,30,-158.59,15.09,0.0,0.83,0.0,6.98,1.72,0.0,0.0,0.0,1
2006,3,31,-158.63,14.89,0.00324,0.83,0.00269,6.66,1.83,4460.0,106.0,2.58,1
2006,3,31,-158.62,14.36,0.00135,0.83,0.00112,6.66,1.83,1860.0,44.0,0.887,1
2006,3,31,-158.57,13.47,0.0,0.83,0.0,6.16,1.83,0.0,0.0,0.0,1
2006,4,1,-158.52,12.56,0.00135,0.83,0.00112,7.3,2.27,2530.0,59.8,1.29,1
2006,4,2,-158.37,11.37,0.0,0.83,0.0,8.17,2.32,0.0,0.0,0.0,1
2006,4,4,-157.75,7.41,0.0,0.83,0.0,9.4,2.67,0.0,0.0,0.0,1
2006,4,5,-157.63,4.94,0.0,0.83,0.0,7.76,2.4,0.0,0.0,0.0,1
2006,4,5,-157.61,3.95,0.00108,0.83,0.000896,7.67,2.35,2190.0,51.9,1.09,1
2006,4,11,-158.53,1.15,0.0,0.83,0.0,5.35,2.29,0.0,0.0,0.0,1
2006,4,11,-159.19,-0.08,0.0,0.83,0.0,4.37,2.12,0.0,0.0,0.0,1
2006,4,13,-159.8,0.74,0.0,0.83,0.0,4.88,2.44,0.0,0.0,0.0,1
2006,4,14,-159.71,1.5,0.0,0.83,0.0,4.91,2.8,0.0,0.0,0.0,1
2006,4,15,-160.07,2.61,0.0,0.83,0.0,8.84,3.2,0.0,0.0,0.0,1
2006,4,15,-160.27,3.02,0.0,0.83,0.0,10.3,3.48,0.0,0.0,0.0,1
2006,4,16,-160.51,3.81,0.00108,0.83,0.000896,9.88,3.65,4390.0,104.0,2.53,1
2006,4,17,-160.97,4.84,0.0,0.83,0.0,9.38,3.63,0.0,0.0,0.0,1
2006,4,26,-159.4,15.86,0.0,0.83,0.0,9.95,3.58,0.0,0.0,0.0,1
2006,4,27,-158.89,16.98,0.00108,0.83,0.000896,9.53,3.34,3870.0,91.7,2.18,1
2006,4,28,-158.11,18.89,0.00405,0.83,0.00336,7.75,2.81,9960.0,236.0,6.88,1
2006,5,10,-158.6,22.65,0.012,0.83,0.00996,9.17,2.27,28200.0,667.0,24.5,1
2006,5,10,-158.76,23.34,0.0081,0.83,0.00672,8.37,2.25,17200.0,406.0,13.4,1
2006,5,11,-158.55,24.35,0.00581,0.83,0.00482,10.1,2.41,15900.0,377.0,12.2,1
2006,5,11,-158.98,25.03,0.00299,0.83,0.00248,10.6,2.43,8670.0,205.0,5.81,1
2006,5,12,-159.01,26.27,0.00593,0.83,0.00492,10.7,2.76,19800.0,468.0,15.9,1
2006,5,12,-159.13,27.27,0.00773,0.83,0.00642,10.8,2.75,25900.0,614.0,22.1,1
2006,5,13,-160.1,28.97,0.0649,0.83,0.0539,9.25,2.38,161000.0,3820.0,206.0,1
2006,5,14,-161.27,30.87,0.00669,0.83,0.00555,11.4,2.72,23500.0,556.0,19.6,1
2006,5,15,-161.52,31.43,0.0234,0.83,0.0194,7.49,2.5,49300.0,1170.0,48.5,1
2006,5,17,-158.56,32.86,0.0289,0.83,0.024,7.74,2.96,74600.0,1770.0,80.3,1
2006,5,17,-157.85,32.92,0.0715,0.83,0.0593,7.99,3.13,201000.0,4760.0,269.0,1
2006,5,18,-157.0,34.5,0.0169,0.83,0.014,6.0,2.27,26000.0,615.0,22.2,1
2006,5,18,-156.35,35.5,0.0714,0.83,0.0593,3.66,2.2,64900.0,1540.0,67.8,1
2006,5,19,-155.17,37.15,0.0162,0.83,0.0134,4.3,1.58,12400.0,293.0,8.99,1
2006,5,19,-154.29,38.16,0.0429,0.83,0.0356,2.35,1.57,17800.0,422.0,14.0,1
2006,5,19,-152.85,39.72,0.0604,0.83,0.0501,0.307,1.54,3230.0,76.3,1.74,1
2006,5,20,-152.87,42.25,0.00254,0.83,0.00211,4.53,1.42,1840.0,43.5,0.876,1
2006,5,22,-151.72,43.07,0.0,0.83,0.0,14.8,5.07,0.0,0.0,0.0,1
2006,5,23,-148.25,44.38,0.0,0.83,0.0,13.5,4.81,0.0,0.0,0.0,1
2006,5,24,-147.09,46.59,0.0,0.83,0.0,9.98,2.89,0.0,0.0,0.0,1
2006,5,25,-144.76,47.85,0.00135,0.83,0.00112,7.65,1.9,2220.0,52.5,1.1,1
2006,5,27,-141.93,48.16,0.0,0.83,0.0,4.72,1.59,0.0,0.0,0.0,1
2006,5,27,-140.1,48.32,0.0,0.83,0.0,6.48,1.74,0.0,0.0,0.0,1
2006,5,28,-138.5,48.09,0.0024,0.83,0.00199,5.94,1.63,2610.0,61.9,1.35,1
2006,5,29,-134.68,47.85,0.0,0.83,0.0,8.8,1.6,0.0,0.0,0.0,1
2006,5,30,-131.72,47.98,0.0054,0.83,0.00448,6.47,1.84,7250.0,172.0,4.67,1
2006,5,31,-128.93,48.52,0.0,0.83,0.0,8.18,1.49,0.0,0.0,0.0,1
2006,6,5,-127.06,49.75,0.0,0.83,0.0,3.46,1.33,0.0,0.0,0.0,1
2006,6,6,-127.46,49.44,0.0,0.83,0.0,5.9,1.44,0.0,0.0,0.0,1
2006,6,6,-127.97,49.2,0.0,0.83,0.0,5.9,1.44,0.0,0.0,0.0,1
2006,6,6,-129.16,48.79,0.0,0.83,0.0,2.82,1.43,0.0,0.0,0.0,1
2006,6,7,-129.6,48.5,0.0,0.83,0.0,7.2,1.71,0.0,0.0,0.0,1
2006,7,9,-123.31,48.32,0.0107,0.83,0.00888,0.0,0.0,14900.0,352.0,11.2,1
2006,7,10,-123.27,48.65,0.0,0.83,0.0,0.0,0.0,0.0,0.0,0.0,1
2006,7,11,-125.51,48.41,0.0,0.83,0.0,3.09,1.37,0.0,0.0,0.0,1
2006,7,13,-126.73,48.79,0.000968,0.83,0.000803,6.34,1.64,1130.0,26.8,0.486,1
2006,7,14,-128.22,49.5,0.0,0.83,0.0,5.71,2.42,0.0,0.0,0.0,1
2006,7,14,-128.64,50.6,0.00175,0.83,0.00145,5.09,2.4,2410.0,57.0,1.22,1
2006,7,16,-130.91,51.75,0.00117,0.83,0.000971,2.73,1.6,577.0,13.6,0.213,1
2006,7,19,-128.35,50.03,0.00211,0.83,0.00175,5.88,1.18,1650.0,39.1,0.77,1
2006,7,20,-126.63,49.54,0.0,0.83,0.0,1.67,0.98,0.0,0.0,0.0,1
2006,7,24,-124.73,47.15,0.0,0.83,0.0,5.87,1.67,0.0,0.0,0.0,1
2006,7,26,-124.4,46.15,0.00405,0.83,0.00336,6.31,1.32,3810.0,90.1,2.13,1
2006,7,28,-125.4,43.51,0.0,0.83,0.0,8.29,1.71,0.0,0.0,0.0,1
2006,8,19,-118.6,33.57,0.0,0.83,0.0,4.6,1.24,0.0,0.0,0.0,1
2006,8,20,-118.68,33.7,0.0,0.83,0.0,4.1,1.11,0.0,0.0,0.0,1
2006,8,20,-118.87,33.67,0.0013,0.83,0.00108,4.1,1.11,665.0,15.7,0.254,1
2006,8,21,-119.08,33.81,0.0,0.83,0.0,8.95,1.41,0.0,0.0,0.0,1
2006,8,21,-119.9,33.71,0.0,0.83,0.0,8.95,1.41,0.0,0.0,0.0,1
2006,8,22,-119.66,33.88,0.0,0.83,0.0,8.45,1.38,0.0,0.0,0.0,1
2006,8,22,-119.64,33.94,0.0,0.83,0.0,8.45,1.38,0.0,0.0,0.0,1
2006,10,14,-117.87,33.05,0.0,0.83,0.0,0.0,1.04,0.0,0.0,0.0,1
2006,10,17,-121.29,32.53,0.0,0.83,0.0,9.91,2.38,0.0,0.0,0.0,1
2006,10,18,-122.24,31.45,0.0,0.83,0.0,8.63,2.48,0.0,0.0,0.0,1
2006,10,19,-122.21,31.38,0.0,0.83,0.0,5.47,2.21,0.0,0.0,0.0,1
2006,10,19,-122.33,31.21,0.0,0.83,0.0,5.47,2.21,0.0,0.0,0.0,1
2006,10,19,-122.73,30.68,0.0,0.83,0.0,5.18,2.21,0.0,0.0,0.0,1
2006,10,20,-122.73,30.41,0.0,0.83,0.0,5.81,1.9,0.0,0.0,0.0,1
2006,10,22,-122.57,29.95,0.0,0.83,0.0,1.37,2.09,0.0,0.0,0.0,1
2006,10,23,-122.57,29.46,0.0,0.83,0.0,1.11,2.07,0.0,0.0,0.0,1
2006,10,23,-122.09,29.35,0.00107,0.83,0.000888,1.11,2.07,279.0,6.59,0.0877,1
2006,10,24,-121.59,29.32,0.0,0.83,0.0,4.98,1.86,0.0,0.0,0.0,1
2006,10,24,-121.32,29.32,0.0,0.83,0.0,4.98,1.86,0.0,0.0,0.0,1
2006,10,26,-118.39,29.26,0.0,0.83,0.0,5.65,2.31,0.0,0.0,0.0,1
2006,10,26,-118.26,28.74,0.0,0.83,0.0,5.62,2.24,0.0,0.0,0.0,1
2006,10,28,-116.42,27.8,0.0,0.83,0.0,4.45,2.16,0.0,0.0,0.0,1
2006,10,28,-114.78,27.13,0.0,0.83,0.0,3.68,1.77,0.0,0.0,0.0,1
2006,10,30,-112.85,25.58,0.0,0.83,0.0,5.67,1.33,0.0,0.0,0.0,1
2006,11,2,-112.44,23.35,0.0,0.83,0.0,4.44,1.93,0.0,0.0,0.0,1
2006,11,3,-109.39,22.45,0.00141,0.83,0.00117,3.96,1.68,1060.0,25.0,0.445,1
2006,11,4,-109.47,22.85,0.0,0.83,0.0,3.49,1.65,0.0,0.0,0.0,1
2006,11,4,-109.29,23.15,0.00086,0.83,0.000714,4.76,0.0,556.0,13.2,0.204,1
2006,11,5,-109.64,24.34,0.0,0.83,0.0,5.22,0.0,0.0,0.0,0.0,1
2006,11,5,-109.58,24.22,0.0,0.83,0.0,5.22,0.0,0.0,0.0,0.0,1
2006,11,11,-110.41,24.7,0.00108,0.83,0.000896,0.0,1.05,699.0,16.5,0.269,1
2006,11,12,-109.64,25.13,0.00257,0.83,0.00213,1.75,0.332,169.0,3.99,0.0475,1
2006,11,12,-109.69,25.21,0.0,0.83,0.0,1.75,0.332,0.0,0.0,0.0,1
2006,11,13,-109.71,25.21,0.0,0.83,0.0,5.35,0.27,0.0,0.0,0.0,1
2006,11,13,-109.73,25.21,0.0,0.83,0.0,5.35,0.27,0.0,0.0,0.0,1
2006,11,14,-110.06,25.27,0.0,0.83,0.0,6.66,0.0,0.0,0.0,0.0,1
2006,11,15,-110.2,25.01,0.00216,0.83,0.00179,3.45,0.0,351.0,8.31,0.116,1
2006,11,16,-108.82,23.15,0.0,0.83,0.0,2.66,1.07,0.0,0.0,0.0,1
2006,11,28,-107.34,19.62,0.00249,0.83,0.00207,5.59,1.5,2360.0,55.8,1.19,1
2006,11,29,-108.73,18.64,0.00997,0.83,0.00828,6.94,1.66,13000.0,307.0,9.49,1
2006,11,29,-109.72,17.93,0.0027,0.83,0.00224,7.01,1.83,3910.0,92.6,2.2,1
2006,11,30,-110.38,17.5,0.00675,0.83,0.0056,7.36,1.83,10200.0,243.0,7.13,1
2006,11,30,-111.23,16.91,0.000908,0.83,0.000754,9.3,2.03,1930.0,45.7,0.93,1
2006,12,1,-112.56,15.68,0.0,0.83,0.0,5.65,2.1,0.0,0.0,0.0,1
2006,12,2,-112.91,15.11,0.000982,0.83,0.000815,5.78,2.04,1310.0,30.9,0.577,1
2006,12,2,-113.59,14.28,0.0,0.83,0.0,7.01,2.08,0.0,0.0,0.0,1
2006,12,3,-113.98,13.46,0.00249,0.83,0.00207,9.27,2.17,5640.0,133.0,3.44,1
2006,12,3,-114.71,12.61,0.0,0.83,0.0,9.22,2.35,0.0,0.0,0.0,1
2006,12,5,-116.97,10.63,0.00648,0.83,0.00538,8.6,2.75,17300.0,409.0,13.5,1
2006,12,5,-118.03,10.0,0.0,0.83,0.0,9.59,2.7,0.0,0.0,0.0,1
2006,12,7,-119.8,8.11,0.000636,0.83,0.000528,9.54,2.89,1980.0,46.8,0.958,1
2006,12,7,-120.34,7.43,0.0,0.83,0.0,6.34,2.64,0.0,0.0,0.0,1
2006,12,9,-122.06,6.05,0.0,0.83,0.0,8.7,2.7,0.0,0.0,0.0,1
2006,12,9,-122.65,5.36,0.0,0.83,0.0,7.64,2.63,0.0,0.0,0.0,1
2006,12,11,-124.71,3.62,0.0,0.83,0.0,6.16,3.39,0.0,0.0,0.0,1
2006,12,11,-125.7,3.29,0.0,0.83,0.0,4.66,3.42,0.0,0.0,0.0,1
2006,12,13,-127.68,1.86,0.0,0.83,0.0,6.06,3.09,0.0,0.0,0.0,1
2006,12,13,-128.36,1.2,0.0,0.83,0.0,5.93,3.13,0.0,0.0,0.0,1
2006,12,15,-130.55,-0.63,0.0,0.83,0.0,7.8,2.92,0.0,0.0,0.0,1
2006,12,17,-132.01,-2.33,0.0,0.83,0.0,7.17,2.87,0.0,0.0,0.0,1
2006,12,17,-132.54,-3.09,0.0,0.83,0.0,7.27,2.93,0.0,0.0,0.0,1
2006,12,19,-133.98,-5.48,0.0,0.83,0.0,8.62,2.54,0.0,0.0,0.0,1
2006,12,19,-134.73,-6.52,0.0,0.83,0.0,8.4,2.48,0.0,0.0,0.0,1
2006,12,20,-135.3,-7.36,0.0,0.83,0.0,8.49,2.44,0.0,0.0,0.0,1
2006,12,21,-135.96,-8.36,0.0,0.83,0.0,9.02,2.47,0.0,0.0,0.0,1
2006,12,21,-136.41,-9.11,0.0,0.83,0.0,8.6,2.42,0.0,0.0,0.0,1
2006,12,22,-136.79,-9.93,0.0,0.83,0.0,7.61,2.51,0.0,0.0,0.0,1
2006,12,22,-137.14,-10.64,0.0,0.83,0.0,7.28,2.43,0.0,0.0,0.0,1
2006,12,23,-137.48,-10.58,0.0,0.83,0.0,4.33,2.19,0.0,0.0,0.0,1
2006,12,23,-137.73,-10.29,0.0,0.83,0.0,4.33,2.19,0.0,0.0,0.0,1
2007,2,14,-147.95,-16.11,0.00935,0.83,0.00776,2.36,2.09,5210.0,123.0,3.12,1
2007,2,14,-148.03,-15.65,0.00107,0.83,0.000888,3.54,2.06,879.0,20.8,0.356,1
2007,2,15,-148.05,-15.19,0.00567,0.83,0.00471,3.45,1.98,4370.0,103.0,2.52,1
2007,2,16,-147.5,-14.49,0.0011,0.83,0.000913,1.57,2.06,400.0,9.46,0.136,1
2007,2,16,-147.64,-14.82,0.00992,0.83,0.00823,1.57,2.06,3600.0,85.3,1.99,1
2007,2,18,-146.9,-14.47,0.0,0.83,0.0,1.2,2.37,0.0,0.0,0.0,1
2007,2,18,-146.28,-14.08,0.03,0.83,0.0249,1.2,2.37,9610.0,227.0,6.59,1
2007,2,19,-145.25,-13.27,0.0,0.83,0.0,2.1,2.72,0.0,0.0,0.0,1
2007,2,19,-144.4,-12.66,0.0114,0.83,0.00946,3.71,2.73,13000.0,308.0,9.55,1
2007,2,20,-144.33,-12.29,0.0,0.83,0.0,5.07,2.69,0.0,0.0,0.0,1
2007,2,20,-144.32,-12.0,0.0,0.83,0.0,4.98,2.73,0.0,0.0,0.0,1
2007,2,21,-143.71,-11.26,0.0027,0.83,0.00224,3.7,2.34,2640.0,62.4,1.36,1
2007,2,21,-142.74,-10.6,0.0,0.83,0.0,3.82,2.35,0.0,0.0,0.0,1
2007,2,21,-141.67,-9.88,0.0,0.83,0.0,3.18,2.38,0.0,0.0,0.0,1
2007,2,22,-140.93,-9.54,0.000828,0.83,0.000687,2.52,2.0,471.0,11.2,0.166,1
2007,2,22,-140.58,-9.86,0.0,0.83,0.0,2.52,2.0,0.0,0.0,0.0,1
2007,2,23,-140.73,-9.6,0.0,0.83,0.0,4.96,1.8,0.0,0.0,0.0,1
2007,2,24,-140.45,-9.24,0.0,0.83,0.0,5.18,2.34,0.0,0.0,0.0,1
2007,2,27,-140.48,-8.59,0.0,0.83,0.0,7.81,2.22,0.0,0.0,0.0,1
2007,2,28,-140.81,-8.01,0.0,0.83,0.0,8.26,2.37,0.0,0.0,0.0,1
2007,2,28,-140.87,-7.22,0.00108,0.83,0.000896,7.76,2.26,2140.0,50.6,1.05,1
2007,3,1,-140.72,-6.42,0.00177,0.83,0.00147,8.42,2.58,4340.0,103.0,2.5,1
2007,3,1,-140.88,-5.91,0.0,0.83,0.0,7.05,2.61,0.0,0.0,0.0,1
2007,3,2,-141.06,-5.34,0.00166,0.83,0.00138,5.7,2.53,2700.0,64.0,1.4,1
2007,3,2,-141.5,-4.83,0.000822,0.83,0.000682,6.1,2.46,1390.0,33.0,0.624,1
2007,3,3,-141.81,-4.15,0.0,0.83,0.0,7.07,2.37,0.0,0.0,0.0,1
2007,3,4,-142.0,-3.21,0.0,0.83,0.0,7.34,2.6,0.0,0.0,0.0,1
2007,3,4,-142.29,-2.27,0.000966,0.83,0.000802,7.6,2.66,2200.0,52.1,1.09,1
2007,3,5,-142.5,-1.33,0.0,0.83,0.0,7.43,2.61,0.0,0.0,0.0,1
2007,3,5,-142.69,-0.46,0.00324,0.83,0.00269,7.91,2.55,7360.0,174.0,4.76,1
2007,3,6,-142.87,0.1,0.00105,0.83,0.000871,6.49,2.46,1890.0,44.7,0.906,1
2007,3,6,-143.11,1.29,0.0,0.83,0.0,6.7,2.5,0.0,0.0,0.0,1
2007,3,7,-143.11,2.26,0.0,0.83,0.0,6.38,2.49,0.0,0.0,0.0,1
2007,3,7,-143.29,3.01,0.0,0.83,0.0,9.01,2.61,0.0,0.0,0.0,1
2007,3,9,-144.79,6.16,0.0,0.83,0.0,9.99,3.13,0.0,0.0,0.0,1
2007,3,11,-146.8,9.47,0.0,0.83,0.0,9.36,3.32,0.0,0.0,0.0,1
2007,3,11,-147.45,10.48,0.0,0.83,0.0,8.36,3.2,0.0,0.0,0.0,1
2007,3,12,-148.11,11.55,0.0,0.83,0.0,8.92,2.9,0.0,0.0,0.0,1
2007,3,12,-148.64,12.45,0.00201,0.83,0.00167,8.83,2.86,5720.0,135.0,3.5,1
2007,3,13,-149.24,13.41,0.0,0.83,0.0,7.89,2.77,0.0,0.0,0.0,1
2007,3,14,-150.7,15.82,0.0,0.83,0.0,6.64,2.5,0.0,0.0,0.0,1
2007,3,14,-150.97,16.43,0.00648,0.83,0.00538,7.02,2.41,12300.0,292.0,8.94,1
2007,3,18,-156.75,20.84,0.025,0.83,0.0207,11.4,1.66,53300.0,1260.0,53.3,1
2007,3,29,-158.81,17.72,0.027,0.83,0.0224,4.82,2.05,30100.0,713.0,26.6,1
2007,3,30,-159.19,15.63,0.00576,0.83,0.00478,5.76,2.2,8230.0,195.0,5.45,1
2007,3,31,-159.57,14.16,0.0,0.83,0.0,5.19,2.25,0.0,0.0,0.0,1
2007,4,1,-159.97,12.45,0.0,0.83,0.0,6.54,2.45,0.0,0.0,0.0,1
2007,4,2,-160.5,10.35,0.0,0.83,0.0,8.83,2.7,0.0,0.0,0.0,1
2007,4,3,-161.15,8.36,0.0,0.83,0.0,10.5,2.86,0.0,0.0,0.0,1
2007,4,4,-161.67,6.48,0.0,0.83,0.0,9.96,3.03,0.0,0.0,0.0,1
2007,4,8,-161.9,5.48,0.0,0.83,0.0,10.1,2.73,0.0,0.0,0.0,1
2007,4,10,-160.58,3.07,0.0,0.83,0.0,8.08,2.65,0.0,0.0,0.0,1
2007,4,11,-160.36,1.93,0.0,0.83,0.0,8.64,2.64,0.0,0.0,0.0,1
2007,4,12,-160.09,0.79,0.0,0.83,0.0,8.37,2.56,0.0,0.0,0.0,1
2007,4,13,-160.11,-0.36,0.0,0.83,0.0,8.04,2.37,0.0,0.0,0.0,1
2007,4,14,-160.18,-0.32,0.0,0.83,0.0,8.13,2.41,0.0,0.0,0.0,1
2007,4,15,-159.1,0.45,0.0,0.83,0.0,6.69,2.27,0.0,0.0,0.0,1
2007,4,16,-158.03,1.15,0.0,0.83,0.0,5.8,2.27,0.0,0.0,0.0,1
2007,4,20,-157.56,2.84,0.0,0.83,0.0,8.53,3.18,0.0,0.0,0.0,1
2007,4,21,-157.88,4.47,0.0,0.83,0.0,9.27,3.26,0.0,0.0,0.0,1
2007,5,13,-156.42,18.73,0.0117,0.83,0.00971,8.27,2.14,23400.0,554.0,19.5,1
2007,5,14,-156.43,16.78,0.00994,0.83,0.00825,8.53,2.18,20800.0,493.0,16.9,1
2007,5,15,-156.51,14.5,0.0,0.83,0.0,8.13,2.19,0.0,0.0,0.0,1
2007,5,17,-156.55,12.32,0.0,0.83,0.0,8.97,2.3,0.0,0.0,0.0,1
2007,5,17,-156.6,10.77,0.0,0.83,0.0,8.69,2.42,0.0,0.0,0.0,1
2007,5,18,-156.47,8.31,0.0,0.83,0.0,9.0,2.57,0.0,0.0,0.0,1
2007,7,7,-158.35,21.45,0.00116,0.83,0.000963,8.05,2.06,2170.0,51.3,1.07,1
2007,7,7,-158.49,21.67,0.00539,0.83,0.00447,8.05,2.06,10100.0,238.0,6.97,1
2007,7,7,-158.75,22.24,0.0,0.83,0.0,8.16,2.0,0.0,0.0,0.0,1
2007,7,8,-158.89,22.93,0.0101,0.83,0.00838,8.33,1.97,18700.0,443.0,14.9,1
2007,7,9,-158.86,23.72,0.00538,0.83,0.00447,7.91,2.13,10200.0,242.0,7.1,1
2007,7,9,-158.7,24.28,0.014,0.83,0.0116,7.25,2.14,24400.0,579.0,20.6,1
2007,7,9,-158.54,25.21,0.00408,0.83,0.00339,7.36,2.17,7330.0,173.0,4.74,1
2007,7,11,-158.38,26.54,0.007,0.83,0.00581,7.18,1.97,11200.0,264.0,7.92,1
2007,7,11,-158.25,27.33,0.209,0.83,0.173,5.94,1.86,261000.0,6180.0,370.0,1
2007,7,12,-158.53,27.96,0.097,0.83,0.0805,4.83,1.45,76900.0,1820.0,83.4,1
2007,7,12,-157.93,28.9,0.298,0.83,0.247,3.62,1.37,167000.0,3960.0,215.0,1
2007,7,14,-154.88,30.13,0.0394,0.83,0.0327,6.09,1.39,37700.0,893.0,35.0,1
2007,7,14,-154.09,30.27,0.152,0.83,0.126,6.09,1.39,146000.0,3450.0,182.0,1
2007,7,14,-152.91,30.28,0.024,0.83,0.0199,6.73,1.5,27400.0,648.0,23.6,1
2007,7,15,-152.43,30.12,0.11,0.83,0.0913,7.69,1.77,169000.0,3990.0,217.0,1
2007,7,16,-150.93,30.72,0.0883,0.83,0.0733,4.0,1.35,53800.0,1270.0,53.9,1
2007,7,16,-149.91,31.48,0.114,0.83,0.0946,3.15,1.32,53400.0,1260.0,53.4,1
2007,7,17,-148.79,31.91,0.0662,0.83,0.0549,8.21,1.51,92400.0,2190.0,104.0,1
2007,7,17,-147.88,32.01,0.0426,0.83,0.0354,8.57,1.57,64700.0,1530.0,67.5,1
2007,7,18,-146.79,33.07,0.0913,0.83,0.0758,7.94,1.57,129000.0,3050.0,156.0,1
2007,7,19,-146.6,34.09,0.47,0.83,0.39,4.21,1.37,306000.0,7240.0,449.0,1
2007,7,20,-146.21,35.12,0.294,0.83,0.244,7.2,1.45,346000.0,8190.0,522.0,1
2007,7,20,-145.3,35.5,0.138,0.83,0.115,7.67,1.53,183000.0,4330.0,240.0,1
2007,7,22,-140.52,37.86,0.0802,0.83,0.0666,6.78,2.28,140000.0,3310.0,173.0,1
2007,7,23,-139.33,38.04,0.0395,0.83,0.0328,5.53,1.81,44500.0,1050.0,42.7,1
2007,7,24,-136.3,38.27,0.157,0.83,0.13,4.26,1.64,124000.0,2930.0,149.0,1
2007,7,25,-134.83,38.33,0.0463,0.83,0.0384,4.49,1.63,38300.0,906.0,35.6,1
2007,7,25,-133.32,38.48,0.104,0.83,0.0863,5.13,1.71,103000.0,2430.0,119.0,1
2007,7,25,-132.36,38.56,0.132,0.83,0.11,5.77,1.85,159000.0,3750.0,202.0,1
2007,7,26,-130.5,38.74,0.144,0.83,0.12,6.56,2.17,232000.0,5480.0,320.0,1
2007,7,26,-129.66,38.73,0.0178,0.83,0.0148,7.27,2.36,34400.0,814.0,31.2,1
2007,7,28,-126.52,38.63,0.0214,0.83,0.0178,9.39,2.06,46700.0,1100.0,45.3,1
2007,8,7,-123.01,36.99,0.0,0.83,0.0,6.47,1.56,0.0,0.0,0.0,1
2007,8,7,-122.65,36.75,0.0,0.83,0.0,7.69,1.33,0.0,0.0,0.0,1
2007,8,7,-123.35,36.29,0.0121,0.83,0.01,6.47,1.56,13700.0,325.0,10.2,1
2007,8,8,-124.06,35.88,0.00304,0.83,0.00252,4.52,1.38,2140.0,50.5,1.05,1
2007,8,8,-124.8,35.45,0.0,0.83,0.0,4.52,1.38,0.0,0.0,0.0,1
2007,8,9,-125.49,34.88,0.0,0.83,0.0,6.28,1.39,0.0,0.0,0.0,1
2007,8,10,-124.41,34.46,0.00262,0.83,0.00217,9.0,1.85,4920.0,116.0,2.91,1
2007,8,10,-122.78,33.92,0.0,0.83,0.0,7.67,1.67,0.0,0.0,0.0,1
2007,8,19,-119.03,33.03,0.0,0.83,0.0,5.72,1.56,0.0,0.0,0.0,1
2007,8,20,-119.71,32.64,0.0,0.83,0.0,5.36,1.58,0.0,0.0,0.0,1
2007,8,20,-119.64,32.92,0.0,0.83,0.0,5.36,1.58,0.0,0.0,0.0,1
2007,8,21,-119.35,33.73,0.0,0.83,0.0,4.78,1.43,0.0,0.0,0.0,1
2007,8,21,-119.91,33.94,0.0,0.83,0.0,4.78,1.43,0.0,0.0,0.0,1
2007,8,22,-119.86,33.81,0.0,0.83,0.0,5.19,1.62,0.0,0.0,0.0,1
2007,8,30,-119.02,33.38,0.0,0.83,0.0,5.32,1.59,0.0,0.0,0.0,1
2007,8,31,-118.61,33.33,0.0,0.83,0.0,2.95,1.42,0.0,0.0,0.0,1
2007,10,13,-117.29,32.47,0.0,0.83,0.0,4.6,1.52,0.0,0.0,0.0,1
2007,10,17,-119.66,31.11,0.0,0.83,0.0,9.76,2.18,0.0,0.0,0.0,1
2007,10,18,-120.11,30.71,0.00319,0.83,0.00265,9.36,2.45,8270.0,196.0,5.48,1
2007,10,19,-121.33,29.69,0.0,0.83,0.0,8.86,3.36,0.0,0.0,0.0,1
2007,10,19,-120.33,29.59,0.0,0.83,0.0,9.45,3.3,0.0,0.0,0.0,1
2007,10,21,-117.97,28.75,0.0,0.83,0.0,9.01,2.96,0.0,0.0,0.0,1
2007,10,25,-117.14,28.07,0.0,0.83,0.0,0.817,1.48,0.0,0.0,0.0,1
2007,10,26,-114.08,25.84,0.00897,0.83,0.00745,0.663,1.3,873.0,20.7,0.353,1
2007,10,27,-112.41,23.95,0.0,0.83,0.0,1.6,1.18,0.0,0.0,0.0,1
2007,10,28,-112.37,23.26,0.0,0.83,0.0,4.21,1.42,0.0,0.0,0.0,1
2007,10,29,-111.34,22.94,0.00229,0.83,0.0019,3.24,1.87,1560.0,36.9,0.717,1
2007,10,30,-109.85,22.84,0.0,0.83,0.0,2.49,1.21,0.0,0.0,0.0,1
2007,10,30,-109.66,22.7,0.0,0.83,0.0,2.49,1.21,0.0,0.0,0.0,1
2007,10,31,-109.67,24.4,0.019,0.83,0.0158,2.6,0.0,6440.0,152.0,4.04,1
2007,11,5,-110.12,24.39,0.0,0.83,0.0,0.0,1.03,0.0,0.0,0.0,1
2007,11,6,-109.39,23.61,0.00212,0.83,0.00176,7.87,0.0,718.0,17.0,0.278,1
2007,11,6,-109.31,23.23,0.00128,0.83,0.00106,7.87,0.0,434.0,10.3,0.15,1
2007,11,8,-110.01,21.44,0.0,0.83,0.0,2.92,2.03,0.0,0.0,0.0,1
2007,11,8,-110.6,20.54,0.00666,0.83,0.00553,3.19,2.07,4940.0,117.0,2.93,1
2007,11,25,-106.15,20.45,0.00704,0.83,0.00584,6.08,1.13,5450.0,129.0,3.3,1
2007,11,26,-106.85,20.09,0.0,0.83,0.0,6.6,1.1,0.0,0.0,0.0,1
2007,11,26,-107.62,19.73,0.0,0.83,0.0,6.31,1.61,0.0,0.0,0.0,1
2007,11,27,-108.7,19.31,0.0,0.83,0.0,6.77,1.61,0.0,0.0,0.0,1
2007,11,27,-109.2,19.0,0.0119,0.83,0.00988,6.49,1.56,13500.0,320.0,10.0,1
2007,11,28,-110.71,18.64,0.00541,0.83,0.00449,4.29,1.69,4430.0,105.0,2.56,1
2007,11,28,-111.3,18.28,0.0,0.83,0.0,5.01,1.69,0.0,0.0,0.0,1
2007,11,29,-112.71,17.54,0.0018,0.83,0.00149,9.67,1.66,3250.0,77.0,1.76,1
2007,11,30,-113.31,17.25,0.00413,0.83,0.00343,8.12,1.82,6890.0,163.0,4.39,1
2007,12,2,-116.57,15.52,0.0,0.83,0.0,8.58,2.08,0.0,0.0,0.0,1
2007,12,2,-117.32,14.75,0.0,0.83,0.0,9.04,2.11,0.0,0.0,0.0,1
2007,12,4,-119.85,13.12,0.0,0.83,0.0,9.75,2.47,0.0,0.0,0.0,1
2007,12,4,-120.22,12.38,0.0,0.83,0.0,9.49,2.5,0.0,0.0,0.0,1
2007,12,6,-121.81,10.79,0.0,0.83,0.0,5.94,2.6,0.0,0.0,0.0,1
2007,12,7,-122.53,9.37,0.0,0.83,0.0,7.67,2.79,0.0,0.0,0.0,1
2007,12,7,-123.19,8.57,0.00108,0.83,0.000896,5.66,2.74,1890.0,44.7,0.905,1
2007,12,8,-123.65,8.04,0.0,0.83,0.0,8.23,2.32,0.0,0.0,0.0,1
2007,12,10,-126.56,5.51,0.0,0.83,0.0,4.49,2.06,0.0,0.0,0.0,1
2007,12,10,-127.33,5.49,0.00324,0.83,0.00269,5.18,2.06,3900.0,92.3,2.19,1
2007,12,11,-127.87,4.68,0.0,0.83,0.0,6.42,2.32,0.0,0.0,0.0,1
2007,12,12,-129.39,3.96,0.0,0.83,0.0,7.62,2.46,0.0,0.0,0.0,1
2007,12,12,-129.97,3.19,0.0,0.83,0.0,7.62,2.46,0.0,0.0,0.0,1
2007,12,13,-130.46,2.43,0.00102,0.83,0.000847,7.39,2.3,1960.0,46.3,0.946,1
2007,12,14,-131.6,0.76,0.0,0.83,0.0,5.98,2.27,0.0,0.0,0.0,1
2007,12,15,-132.5,-0.44,0.000722,0.83,0.000599,6.1,2.27,1130.0,26.7,0.483,1
2007,12,15,-132.87,-0.78,0.0,0.83,0.0,6.1,2.27,0.0,0.0,0.0,1
2007,12,17,-134.48,-3.08,0.00082,0.83,0.000681,6.81,2.17,1370.0,32.3,0.61,1
2007,12,18,-135.25,-4.67,0.0,0.83,0.0,7.68,2.19,0.0,0.0,0.0,1
2007,12,19,-136.37,-6.49,0.0,0.83,0.0,8.2,2.19,0.0,0.0,0.0,1
2007,12,20,-137.94,-8.37,0.0,0.83,0.0,7.1,2.31,0.0,0.0,0.0,1
2007,12,28,-143.62,-12.14,0.00122,0.83,0.00101,6.46,2.12,1880.0,44.5,0.901,1
2008,2,15,-149.05,-16.71,0.00372,0.83,0.00309,1.78,1.76,1320.0,31.2,0.583,1
2008,2,17,-148.28,-15.29,0.00106,0.83,0.00088,7.74,1.89,1750.0,41.3,0.823,1
2008,2,18,-147.32,-14.71,0.00306,0.83,0.00254,6.25,2.15,4640.0,110.0,2.71,1
2008,2,20,-145.59,-13.97,0.0,0.83,0.0,3.62,1.62,0.0,0.0,0.0,1
2008,2,21,-144.12,-12.96,0.00206,0.83,0.00171,3.71,1.41,1210.0,28.7,0.527,1
2008,2,21,-143.52,-12.31,0.00108,0.83,0.000896,3.82,1.42,661.0,15.7,0.252,1
2008,2,22,-143.48,-11.89,0.0,0.83,0.0,5.89,1.92,0.0,0.0,0.0,1
2008,2,23,-142.67,-10.56,0.0,0.83,0.0,7.71,2.77,0.0,0.0,0.0,1
2007,2,24,-141.81,-9.48,0.0,0.83,0.0,4.98,2.32,0.0,0.0,0.0,1
2008,2,24,-141.07,-9.37,0.00196,0.83,0.00163,8.75,2.89,5590.0,132.0,3.4,1
2008,2,29,-140.36,-8.8,0.0,0.83,0.0,7.04,2.46,0.0,0.0,0.0,1
2008,3,1,-140.98,-7.48,0.0,0.83,0.0,6.65,2.36,0.0,0.0,0.0,1
2008,3,2,-141.27,-6.6,0.0,0.83,0.0,6.03,2.05,0.0,0.0,0.0,1
2008,3,3,-141.94,-5.24,0.0,0.83,0.0,6.41,1.96,0.0,0.0,0.0,1
2008,3,3,-142.38,-4.41,0.0,0.83,0.0,6.13,1.97,0.0,0.0,0.0,1
2008,3,4,-142.99,-3.5,0.0,0.83,0.0,5.66,1.9,0.0,0.0,0.0,1
2008,3,4,-143.65,-2.32,0.0,0.83,0.0,6.0,1.92,0.0,0.0,0.0,1
2008,3,5,-143.94,-2.03,0.0,0.83,0.0,5.23,1.86,0.0,0.0,0.0,1
2008,3,5,-144.39,-1.27,0.0,0.83,0.0,5.84,1.9,0.0,0.0,0.0,1
2008,3,6,-144.57,-1.04,0.0,0.83,0.0,6.16,1.89,0.0,0.0,0.0,1
2008,3,7,-145.08,-0.52,0.0,0.83,0.0,6.6,2.0,0.0,0.0,0.0,1
2008,3,8,-145.55,2.28,0.0,0.83,0.0,7.6,2.17,0.0,0.0,0.0,1
2008,3,9,-145.98,3.71,0.0,0.83,0.0,6.58,2.32,0.0,0.0,0.0,1
2008,3,9,-146.17,4.51,0.0,0.83,0.0,5.5,2.46,0.0,0.0,0.0,1
2008,3,9,-146.29,4.79,0.0,0.83,0.0,5.5,2.46,0.0,0.0,0.0,1
2008,3,10,-147.0,6.64,0.0,0.83,0.0,5.3,2.46,0.0,0.0,0.0,1
2008,3,13,-149.54,10.16,0.0,0.83,0.0,9.6,2.78,0.0,0.0,0.0,1
2008,3,15,-152.16,13.83,0.0,0.83,0.0,9.76,3.13,0.0,0.0,0.0,1
2008,3,16,-154.7,17.12,0.0,0.83,0.0,10.8,3.18,0.0,0.0,0.0,1
2008,3,30,-157.96,18.98,0.0,0.83,0.0,10.6,2.83,0.0,0.0,0.0,1
2008,4,3,-157.53,10.38,0.0,0.83,0.0,9.27,2.69,0.0,0.0,0.0,1
2008,4,4,-157.48,8.65,0.000742,0.83,0.000616,7.66,2.32,1480.0,35.1,0.675,1
2008,4,5,-157.19,6.96,0.0,0.83,0.0,5.78,1.98,0.0,0.0,0.0,1
2008,4,6,-157.0,5.47,0.0,0.83,0.0,5.21,1.73,0.0,0.0,0.0,1
2008,4,7,-156.93,4.25,0.000946,0.83,0.000785,6.82,2.04,1490.0,35.2,0.676,1
2008,4,14,-157.74,0.67,0.0,0.83,0.0,6.35,2.2,0.0,0.0,0.0,1
2008,4,15,-156.82,-0.69,0.0,0.83,0.0,4.99,2.43,0.0,0.0,0.0,1
2008,4,16,-156.6,-1.92,0.0,0.83,0.0,5.62,2.8,0.0,0.0,0.0,1
2008,4,17,-156.47,-3.76,0.0,0.83,0.0,7.18,2.74,0.0,0.0,0.0,1
2008,4,18,-156.07,-5.27,0.0,0.83,0.0,8.07,2.54,0.0,0.0,0.0,1
2008,4,19,-155.39,-6.74,0.0,0.83,0.0,8.1,2.49,0.0,0.0,0.0,1
2008,4,21,-154.25,-9.34,0.0,0.83,0.0,7.74,2.45,0.0,0.0,0.0,1
2008,4,24,-153.51,-12.47,0.0,0.83,0.0,6.6,2.37,0.0,0.0,0.0,1
2008,4,26,-152.0,-15.73,0.0,0.83,0.0,5.1,2.9,0.0,0.0,0.0,1
2008,4,30,-150.74,-16.42,0.00337,0.83,0.0028,4.96,2.77,5230.0,124.0,3.14,1
2008,5,11,-149.59,-16.66,0.00411,0.83,0.00341,4.16,1.48,2860.0,67.7,1.5,1
2008,5,12,-149.45,-16.21,0.0,0.83,0.0,5.18,1.45,0.0,0.0,0.0,1
2008,5,12,-149.21,-15.66,0.00217,0.83,0.0018,6.13,1.5,2260.0,53.4,1.13,1
2008,5,13,-148.9,-15.18,0.0,0.83,0.0,6.11,1.47,0.0,0.0,0.0,1
2008,5,13,-148.81,-14.75,0.0,0.83,0.0,6.26,1.55,0.0,0.0,0.0,1
2008,5,14,-148.39,-14.08,0.0,0.83,0.0,5.96,1.84,0.0,0.0,0.0,1
2008,5,14,-148.17,-13.68,0.00108,0.83,0.000896,5.95,1.81,1310.0,31.1,0.582,1
2008,5,15,-148.15,-13.13,0.0,0.83,0.0,4.41,1.97,0.0,0.0,0.0,1
2008,5,15,-147.6,-12.75,0.0,0.83,0.0,4.79,1.97,0.0,0.0,0.0,1
2008,5,16,-146.84,-12.36,0.0,0.83,0.0,3.46,1.8,0.0,0.0,0.0,1
2008,5,16,-145.88,-12.15,0.00201,0.83,0.00167,3.42,1.84,1420.0,33.7,0.642,1
2008,5,17,-145.22,-11.75,0.0045,0.83,0.00373,3.61,1.89,3460.0,81.9,1.9,1
2008,5,17,-144.74,-11.36,0.0,0.83,0.0,4.3,1.94,0.0,0.0,0.0,1
2008,5,18,-144.96,-10.86,0.0,0.83,0.0,4.28,2.0,0.0,0.0,0.0,1
2008,5,18,-143.93,-10.42,0.00278,0.83,0.00231,3.42,2.04,2190.0,51.7,1.08,1
2008,5,18,-143.5,-10.26,0.0,0.83,0.0,3.42,2.04,0.0,0.0,0.0,1
2008,5,19,-142.5,-10.14,0.0,0.83,0.0,4.08,1.97,0.0,0.0,0.0,1
2008,5,20,-141.6,-9.81,0.0,0.83,0.0,3.4,1.74,0.0,0.0,0.0,1
2008,5,20,-140.56,-9.28,0.0,0.83,0.0,3.67,1.73,0.0,0.0,0.0,1
2008,5,25,-140.35,-8.76,0.0,0.83,0.0,4.04,1.47,0.0,0.0,0.0,1
2008,5,25,-140.37,-8.13,0.0,0.83,0.0,4.04,1.47,0.0,0.0,0.0,1
2008,5,26,-140.71,-6.99,0.0,0.83,0.0,7.6,1.63,0.0,0.0,0.0,1
2008,5,26,-140.8,-6.3,0.0,0.83,0.0,7.6,1.63,0.0,0.0,0.0,1
2008,5,27,-141.37,-5.09,0.0,0.83,0.0,8.36,2.02,0.0,0.0,0.0,1
2008,5,27,-141.72,-4.27,0.000892,0.83,0.00074,8.26,1.99,1650.0,39.1,0.77,1
2008,5,28,-141.87,-3.42,0.0,0.83,0.0,6.97,2.03,0.0,0.0,0.0,1
2008,5,28,-142.06,-2.84,0.0,0.83,0.0,7.52,2.03,0.0,0.0,0.0,1
2008,5,28,-142.07,-2.01,0.0,0.83,0.0,7.52,2.03,0.0,0.0,0.0,1
2008,5,29,-142.1,-1.37,0.0,0.83,0.0,7.94,2.24,0.0,0.0,0.0,1
2008,5,30,-142.13,-0.42,0.0,0.83,0.0,5.6,2.15,0.0,0.0,0.0,1
2008,5,30,-142.01,0.12,0.0,0.83,0.0,5.69,2.12,0.0,0.0,0.0,1
2008,5,31,-141.89,0.67,0.0,0.83,0.0,4.9,1.95,0.0,0.0,0.0,1
2008,5,31,-142.03,1.33,0.0,0.83,0.0,4.83,1.94,0.0,0.0,0.0,1
2008,6,1,-142.94,2.63,0.0,0.83,0.0,4.08,2.18,0.0,0.0,0.0,1
2008,6,1,-143.46,3.46,0.0,0.83,0.0,4.01,2.19,0.0,0.0,0.0,1
2008,6,1,-143.81,4.02,0.000676,0.83,0.000561,4.7,2.22,796.0,18.8,0.316,1
2008,6,2,-144.37,5.03,0.0,0.83,0.0,5.13,2.36,0.0,0.0,0.0,1
2008,6,3,-144.8,5.68,0.0,0.83,0.0,5.68,2.43,0.0,0.0,0.0,1
2008,6,3,-145.41,6.51,0.0,0.83,0.0,7.47,2.53,0.0,0.0,0.0,1
2008,6,4,-146.33,7.31,0.0,0.83,0.0,9.02,2.41,0.0,0.0,0.0,1
2008,6,4,-146.99,8.19,0.00077,0.83,0.000639,9.2,2.37,1890.0,44.8,0.909,1
2008,6,7,-150.35,13.65,0.0,0.83,0.0,9.3,2.97,0.0,0.0,0.0,1
2008,6,7,-150.86,14.57,0.0,0.83,0.0,9.35,2.9,0.0,0.0,0.0,1
2008,6,8,-151.53,15.57,0.0,0.83,0.0,10.2,3.05,0.0,0.0,0.0,1
2008,6,9,-152.77,17.46,0.0,0.83,0.0,10.1,3.14,0.0,0.0,0.0,1
2008,6,9,-153.36,18.29,0.000796,0.83,0.000661,9.98,3.06,2740.0,64.8,1.43,1
2008,6,10,-153.81,18.77,0.0,0.83,0.0,6.55,2.77,0.0,0.0,0.0,1
2008,6,10,-154.42,19.33,0.0,0.83,0.0,6.79,2.83,0.0,0.0,0.0,1
2008,6,11,-155.21,20.36,0.00102,0.83,0.000847,8.73,2.68,2690.0,63.7,1.39,1
2008,6,12,-155.79,20.8,0.00108,0.83,0.000896,7.62,2.53,2350.0,55.6,1.18,1
2008,6,12,-157.19,21.41,0.0,0.83,0.0,6.37,2.05,0.0,0.0,0.0,1
2008,6,22,-158.39,21.68,0.0,0.83,0.0,10.3,1.93,0.0,0.0,0.0,1
2008,6,22,-158.36,22.36,0.000832,0.83,0.000691,9.19,1.99,1720.0,40.6,0.806,1
2008,6,23,-158.42,22.91,0.0,0.83,0.0,9.34,2.01,0.0,0.0,0.0,1
2008,6,23,-158.49,23.45,0.0,0.83,0.0,8.74,1.96,0.0,0.0,0.0,1
2008,6,24,-158.18,24.08,0.00762,0.83,0.00632,7.72,1.81,12000.0,285.0,8.67,1
2008,6,24,-158.03,24.71,0.0,0.83,0.0,7.72,1.81,0.0,0.0,0.0,1
2008,6,25,-158.1,25.5,0.0151,0.83,0.0125,7.83,1.91,25400.0,602.0,21.6,1
2008,6,25,-158.14,26.32,0.0537,0.83,0.0446,7.59,1.8,82900.0,1960.0,91.4,1
2008,6,26,-158.01,27.1,0.0651,0.83,0.054,6.45,1.76,83500.0,1980.0,92.1,1
2008,6,26,-157.8,27.92,0.0333,0.83,0.0276,6.97,1.79,46800.0,1110.0,45.5,1
2008,6,27,-157.76,28.26,0.173,0.83,0.144,5.47,1.68,180000.0,4250.0,235.0,1
2008,6,27,-157.57,28.72,0.328,0.83,0.272,5.47,1.68,341000.0,8060.0,512.0,1
2008,6,28,-156.64,29.46,0.124,0.83,0.103,3.02,1.5,63300.0,1500.0,65.8,1
2008,6,28,-155.7,29.99,0.0174,0.83,0.0144,2.34,1.52,6970.0,165.0,4.46,1
2008,6,29,-154.62,30.15,0.0127,0.83,0.0105,8.57,1.74,21400.0,507.0,17.5,1
2008,6,29,-153.61,30.72,0.0263,0.83,0.0218,8.08,1.7,40700.0,963.0,38.3,1
2008,6,30,-152.73,31.24,0.0264,0.83,0.0219,9.07,2.39,64400.0,1520.0,67.1,1
2008,6,30,-151.63,31.2,0.0186,0.83,0.0154,8.34,2.28,39900.0,945.0,37.5,1
2008,7,1,-150.42,30.99,0.0434,0.83,0.036,8.38,2.28,93500.0,2210.0,106.0,1
2008,7,1,-149.57,30.82,0.1,0.83,0.083,7.48,2.23,188000.0,4450.0,248.0,1
2008,7,2,-148.61,30.75,0.295,0.83,0.245,7.01,2.55,594000.0,14100.0,1010.0,1
2008,7,2,-147.73,30.74,0.177,0.83,0.147,7.41,2.52,372000.0,8810.0,571.0,1
2008,7,3,-146.63,31.51,0.259,0.83,0.215,5.29,2.26,349000.0,8270.0,528.0,1
2008,7,3,-145.77,31.9,0.154,0.83,0.128,5.0,2.27,198000.0,4670.0,263.0,1
2008,7,4,-145.04,32.05,0.213,0.83,0.177,5.01,1.92,231000.0,5460.0,319.0,1
2008,7,4,-144.16,32.71,0.242,0.83,0.201,5.15,1.93,272000.0,6430.0,389.0,1
2008,7,5,-143.01,33.52,0.115,0.83,0.0954,3.33,1.91,82300.0,1950.0,90.5,1
2008,7,5,-141.96,33.25,0.162,0.83,0.134,2.3,1.83,76900.0,1820.0,83.4,1
2008,7,6,-141.79,33.45,0.546,0.83,0.453,5.13,2.0,633000.0,15000.0,1090.0,1
2008,7,6,-141.38,34.15,0.299,0.83,0.248,5.19,2.09,365000.0,8630.0,557.0,1
2008,7,7,-140.53,34.82,0.46,0.83,0.382,6.55,1.92,653000.0,15500.0,1130.0,1
2008,7,8,-138.84,36.49,0.159,0.83,0.132,7.82,2.06,289000.0,6840.0,419.0,1
2008,7,8,-138.06,37.26,0.014,0.83,0.0116,7.3,1.95,22500.0,532.0,18.6,1
2008,7,10,-136.76,39.53,0.0373,0.83,0.031,9.87,2.36,98100.0,2320.0,112.0,1
2008,7,10,-136.74,40.19,0.0379,0.83,0.0315,8.62,2.1,77400.0,1830.0,84.0,1
2008,7,11,-136.31,40.46,0.0891,0.83,0.074,7.14,1.88,135000.0,3190.0,165.0,1
2008,7,11,-134.55,40.41,0.013,0.83,0.0108,7.45,2.19,23900.0,566.0,20.0,1
2008,7,12,-133.09,40.31,0.0653,0.83,0.0542,4.8,1.73,61100.0,1450.0,62.9,1
2008,7,12,-132.05,39.93,0.0128,0.83,0.0106,5.78,2.05,17100.0,404.0,13.3,1
2008,7,13,-129.34,39.24,0.00393,0.83,0.00326,8.09,1.96,7030.0,166.0,4.5,1
2008,7,14,-128.23,38.92,0.0,0.83,0.0,3.43,1.45,0.0,0.0,0.0,1
2008,7,14,-126.57,38.69,0.0,0.83,0.0,0.284,1.35,0.0,0.0,0.0,1
2008,7,15,-124.69,38.39,0.0,0.83,0.0,0.873,1.25,0.0,0.0,0.0,1
2008,10,16,-118.12,33.12,0.0123,0.83,0.0102,3.2,1.46,6490.0,154.0,4.08,1
2008,10,16,-119.0,33.79,0.0,0.83,0.0,3.2,1.46,0.0,0.0,0.0,1
2008,10,17,-119.61,33.76,0.0116,0.83,0.00963,2.6,1.57,5340.0,126.0,3.22,1
2008,10,17,-120.2,33.52,0.0115,0.83,0.00955,1.28,1.76,2930.0,69.2,1.54,1
2008,10,18,-120.5,33.25,0.0,0.83,0.0,3.78,1.47,0.0,0.0,0.0,1
2008,10,18,-120.6,32.84,0.0106,0.83,0.0088,3.67,1.51,6620.0,157.0,4.19,1
2008,10,18,-120.66,32.27,0.0,0.83,0.0,3.67,1.51,0.0,0.0,0.0,1
2008,10,19,-121.22,31.94,0.00079,0.83,0.000656,4.5,1.32,529.0,12.5,0.191,1
2008,10,20,-122.34,31.55,0.00388,0.83,0.00322,8.05,1.79,6320.0,149.0,3.95,1
2008,10,20,-123.43,31.21,0.0,0.83,0.0,9.03,1.86,0.0,0.0,0.0,1
2008,10,20,-124.07,30.73,0.0,0.83,0.0,8.8,1.9,0.0,0.0,0.0,1
2008,10,21,-124.61,29.93,0.000876,0.83,0.000727,9.67,2.52,2410.0,56.9,1.22,1
2008,10,21,-124.1,29.43,0.0,0.83,0.0,9.67,2.52,0.0,0.0,0.0,1
2008,10,22,-123.34,28.78,0.00203,0.83,0.00168,6.76,2.32,3590.0,85.0,1.98,1
2008,10,22,-122.81,28.32,0.0032,0.83,0.00266,6.69,2.32,5600.0,132.0,3.41,1
2008,10,23,-122.35,27.83,0.00253,0.83,0.0021,3.76,1.93,2070.0,49.0,1.01,1
2008,10,23,-122.05,27.46,0.000822,0.83,0.000682,3.76,1.93,673.0,15.9,0.257,1
2008,10,24,-120.93,26.63,0.0,0.83,0.0,2.94,1.99,0.0,0.0,0.0,1
2008,10,24,-120.48,26.45,0.0,0.83,0.0,2.94,1.99,0.0,0.0,0.0,1
2008,10,25,-120.01,26.11,0.00175,0.83,0.00145,2.94,1.81,1050.0,24.9,0.443,1
2008,10,26,-119.78,25.76,0.0,0.83,0.0,4.17,1.71,0.0,0.0,0.0,1
2008,10,26,-118.7,25.55,0.00107,0.83,0.000888,4.12,1.71,852.0,20.2,0.343,1
2008,10,27,-117.87,25.49,0.0,0.83,0.0,4.44,1.58,0.0,0.0,0.0,1
2008,10,27,-117.12,25.34,0.00463,0.83,0.00384,4.44,1.58,3660.0,86.6,2.03,1
2008,10,29,-114.8,25.14,0.0,0.83,0.0,1.5,1.75,0.0,0.0,0.0,1
2008,10,29,-113.8,25.5,0.000844,0.83,0.000701,1.88,1.66,297.0,7.02,0.0946,1
2008,10,30,-112.6,24.98,0.0,0.83,0.0,5.12,1.64,0.0,0.0,0.0,1
2008,10,30,-112.48,25.3,0.0,0.83,0.0,5.09,1.42,0.0,0.0,0.0,1
2008,10,31,-112.71,25.04,0.00377,0.83,0.00313,4.71,1.44,2880.0,68.3,1.52,1
2008,10,31,-112.54,24.45,0.00167,0.83,0.00139,6.12,1.76,2030.0,48.1,0.99,1
2008,10,31,-112.45,23.79,0.00264,0.83,0.00219,5.34,1.76,2790.0,66.0,1.46,1
2008,11,1,-111.76,23.4,0.0,0.83,0.0,5.53,1.62,0.0,0.0,0.0,1
2008,11,2,-111.43,23.18,0.00276,0.83,0.00229,2.0,1.58,983.0,23.3,0.408,1
2008,11,2,-110.86,22.72,0.00407,0.83,0.00338,1.22,1.54,866.0,20.5,0.35,1
2008,11,3,-110.08,22.73,0.0125,0.83,0.0104,3.37,1.53,7250.0,172.0,4.67,1
2008,11,3,-109.39,23.02,0.00685,0.83,0.00569,3.69,0.0,3970.0,94.0,2.24,1
2008,11,4,-109.53,23.87,0.0,0.83,0.0,2.79,0.0,0.0,0.0,0.0,1
2008,11,4,-110.07,24.6,0.00359,0.83,0.00298,0.0,1.12,2080.0,49.3,1.02,1
2008,11,5,-110.17,24.83,0.00389,0.83,0.00323,0.0,1.18,2260.0,53.4,1.12,1
2008,11,5,-110.51,24.73,0.0195,0.83,0.0162,0.0,1.18,11300.0,268.0,8.04,1
2008,11,9,-109.91,24.81,0.00425,0.83,0.00353,3.37,0.0,2460.0,58.3,1.25,1
2008,11,10,-109.28,24.53,0.0,0.83,0.0,3.57,0.0,0.0,0.0,0.0,1
2008,11,10,-108.58,24.34,0.0213,0.83,0.0177,2.26,0.756,4100.0,97.0,2.33,1
2008,11,11,-109.22,23.62,0.00943,0.83,0.00783,6.55,0.0,1810.0,42.9,0.863,1
2008,11,12,-108.47,23.58,0.00483,0.83,0.00401,6.32,1.05,3620.0,85.7,2.0,1
2008,11,12,-107.75,23.53,0.00876,0.83,0.00727,4.64,1.18,5410.0,128.0,3.27,1
2008,11,13,-108.47,22.3,0.0,0.83,0.0,5.83,1.56,0.0,0.0,0.0,1
2008,11,13,-108.8,21.75,0.0,0.83,0.0,5.86,1.84,0.0,0.0,0.0,1
2008,11,15,-108.87,20.99,0.0,0.83,0.0,3.78,1.66,0.0,0.0,0.0,1
2008,11,16,-108.48,20.56,0.0072,0.83,0.00598,3.02,1.58,3870.0,91.6,2.17,1
2008,11,16,-108.32,20.54,0.0,0.83,0.0,3.02,1.58,0.0,0.0,0.0,1
2008,11,16,-107.84,20.5,0.00997,0.83,0.00828,2.27,1.46,3720.0,88.1,2.07,1
2008,11,17,-107.62,21.01,0.0043,0.83,0.00357,4.22,1.27,2590.0,61.4,1.33,1
2008,11,17,-106.92,21.13,0.00303,0.83,0.00251,4.5,1.15,1770.0,41.8,0.834,1
2008,11,28,-108.71,18.31,0.0,0.83,0.0,7.5,1.86,0.0,0.0,0.0,1
2008,11,29,-109.6,17.55,0.00752,0.83,0.00624,7.98,2.27,15400.0,363.0,11.7,1
2008,11,29,-110.14,16.89,0.000986,0.83,0.000818,8.19,2.23,2030.0,48.0,0.988,1
2008,11,30,-110.68,16.4,0.0,0.83,0.0,6.45,2.12,0.0,0.0,0.0,1
2008,11,30,-111.16,15.94,0.00135,0.83,0.00112,5.81,2.11,1870.0,44.3,0.895,1
2008,12,1,-112.26,14.67,0.00102,0.83,0.000847,5.09,1.89,1110.0,26.2,0.472,1
2008,12,1,-112.83,14.2,0.0,0.83,0.0,5.09,1.89,0.0,0.0,0.0,1
2008,12,2,-112.94,13.58,0.00144,0.83,0.0012,5.39,2.02,1770.0,41.8,0.836,1
2008,12,2,-113.25,13.09,0.00153,0.83,0.00127,4.99,2.04,1750.0,41.5,0.828,1
2008,12,3,-113.75,12.41,0.00231,0.83,0.00192,7.84,2.37,4840.0,114.0,2.85,1
2008,12,3,-114.15,12.13,0.00748,0.83,0.00621,7.51,2.44,15500.0,367.0,11.8,1
2008,12,4,-114.77,11.21,0.00402,0.83,0.00334,4.62,2.22,4660.0,110.0,2.72,1
2008,12,4,-115.25,10.84,0.0,0.83,0.0,5.0,2.21,0.0,0.0,0.0,1
2008,12,4,-115.78,10.55,0.00354,0.83,0.00294,5.0,2.21,4410.0,104.0,2.55,1
2008,12,5,-116.15,10.24,0.00636,0.83,0.00528,5.27,1.93,7300.0,173.0,4.72,1
2008,12,6,-116.56,9.76,0.000888,0.83,0.000737,6.57,2.14,1410.0,33.3,0.632,1
2008,12,7,-118.7,7.6,0.00207,0.83,0.00172,8.25,2.35,4520.0,107.0,2.62,1
2008,12,8,-119.17,7.18,0.0,0.83,0.0,6.58,2.47,0.0,0.0,0.0,1
2008,12,8,-119.6,4.73,0.0,0.83,0.0,6.73,2.29,0.0,0.0,0.0,1
2008,12,9,-120.53,6.12,0.0,0.83,0.0,7.46,2.47,0.0,0.0,0.0,1
2008,12,9,-120.64,5.76,0.0,0.83,0.0,7.72,2.44,0.0,0.0,0.0,1
2008,12,10,-120.98,4.65,0.0,0.83,0.0,5.97,2.2,0.0,0.0,0.0,1
2008,12,10,-121.91,4.43,0.0,0.83,0.0,5.74,2.14,0.0,0.0,0.0,1
2008,12,11,-123.48,3.99,0.0,0.83,0.0,6.2,1.75,0.0,0.0,0.0,1
2008,12,11,-124.5,3.47,0.0,0.83,0.0,6.74,1.76,0.0,0.0,0.0,1
2008,12,12,-125.66,2.63,0.0,0.83,0.0,6.0,1.71,0.0,0.0,0.0,1
2008,12,12,-126.59,2.19,0.0,0.83,0.0,6.09,1.71,0.0,0.0,0.0,1
2008,12,13,-127.49,1.66,0.0,0.83,0.0,5.07,1.64,0.0,0.0,0.0,1
2008,12,13,-128.14,1.06,0.0,0.83,0.0,5.55,1.65,0.0,0.0,0.0,1
2008,12,14,-129.08,0.22,0.0,0.83,0.0,5.03,1.5,0.0,0.0,0.0,1
2008,12,14,-129.7,-0.18,0.0,0.83,0.0,4.0,1.52,0.0,0.0,0.0,1
2008,12,15,-130.58,-0.79,0.0,0.83,0.0,5.28,1.65,0.0,0.0,0.0,1
2008,12,15,-131.69,-1.42,0.0,0.83,0.0,5.27,1.67,0.0,0.0,0.0,1
2008,12,16,-132.57,-2.24,0.0,0.83,0.0,6.48,2.09,0.0,0.0,0.0,1
2008,12,16,-133.36,-3.11,0.0,0.83,0.0,8.62,2.12,0.0,0.0,0.0,1
2008,12,17,-134.21,-4.12,0.0,0.83,0.0,7.83,2.12,0.0,0.0,0.0,1
2008,12,18,-135.96,-5.92,0.0,0.83,0.0,6.45,1.72,0.0,0.0,0.0,1
2008,12,18,-136.73,-6.62,0.0,0.83,0.0,6.84,1.75,0.0,0.0,0.0,1
2008,12,19,-137.28,-7.46,0.0,0.83,0.0,6.57,1.65,0.0,0.0,0.0,1
2008,12,19,-137.7,-8.12,0.00153,0.83,0.00127,6.23,1.61,1730.0,40.8,0.811,1
2008,12,20,-138.54,-8.76,0.00107,0.83,0.000888,7.68,1.78,1650.0,39.0,0.766,1
2008,12,20,-139.12,-8.94,0.0,0.83,0.0,7.4,1.83,0.0,0.0,0.0,1
2008,12,21,-139.59,-9.31,0.0,0.83,0.0,6.66,1.9,0.0,0.0,0.0,1
2008,12,26,-140.7,-9.6,0.0012,0.83,0.000996,8.12,2.33,2560.0,60.5,1.31,1
2008,12,27,-141.57,-10.39,0.0,0.83,0.0,7.75,2.07,0.0,0.0,0.0,1
2008,12,27,-142.52,-11.31,0.0,0.83,0.0,7.39,2.13,0.0,0.0,0.0,1
2008,12,28,-143.79,-12.52,0.00763,0.83,0.00633,9.39,2.4,19400.0,459.0,15.5,1
2008,12,28,-144.44,-13.07,0.0,0.83,0.0,8.82,2.35,0.0,0.0,0.0,1
2008,12,29,-145.28,-13.8,0.0,0.83,0.0,8.8,2.49,0.0,0.0,0.0,1
2008,12,30,-146.75,-14.83,0.0,0.83,0.0,7.43,2.74,0.0,0.0,0.0,1
2008,12,30,-147.26,-15.44,0.0,0.83,0.0,6.76,2.71,0.0,0.0,0.0,1
2008,12,31,-148.06,-16.09,0.0,0.83,0.0,6.4,2.75,0.0,0.0,0.0,1
2008,12,31,-148.8,-16.64,0.0,0.83,0.0,6.4,2.75,0.0,0.0,0.0,1
2009,2,13,-149.02,-16.77,0.000978,0.83,0.000812,6.66,2.32,1700.0,40.3,0.798,1
2009,2,14,-148.53,-15.87,0.0,0.83,0.0,4.88,2.49,0.0,0.0,0.0,1
2009,2,15,-147.53,-14.75,0.0,0.83,0.0,5.6,2.32,0.0,0.0,0.0,1
2009,2,16,-147.45,-14.1,0.0,0.83,0.0,7.01,2.15,0.0,0.0,0.0,1
2009,2,16,-146.97,-13.67,0.0,0.83,0.0,7.05,2.23,0.0,0.0,0.0,1
2009,2,17,-146.12,-13.36,0.000822,0.83,0.000682,7.9,2.26,1660.0,39.3,0.773,1
2009,2,17,-145.9,-12.79,0.0,0.83,0.0,7.79,2.29,0.0,0.0,0.0,1
2009,2,18,-145.65,-12.01,0.000832,0.83,0.000691,8.91,2.82,2350.0,55.7,1.19,1
2009,2,18,-145.47,-11.5,0.0,0.83,0.0,8.95,2.73,0.0,0.0,0.0,1
2009,2,19,-145.36,-10.78,0.0011,0.83,0.000913,8.88,2.72,3000.0,70.9,1.59,1
2009,2,19,-145.09,-10.42,0.0,0.83,0.0,8.88,2.72,0.0,0.0,0.0,1
2009,2,20,-143.95,-10.24,0.0,0.83,0.0,9.13,3.04,0.0,0.0,0.0,1
2009,2,20,-143.06,-10.16,0.0,0.83,0.0,9.13,3.04,0.0,0.0,0.0,1
2009,2,21,-141.78,-10.09,0.000608,0.83,0.000505,6.95,2.77,1320.0,31.2,0.584,1
2009,2,22,-141.58,-9.87,0.0,0.83,0.0,6.84,2.5,0.0,0.0,0.0,1
2009,2,22,-140.8,-9.44,0.00127,0.83,0.00105,7.23,2.49,2580.0,61.0,1.32,1
2009,2,27,-139.89,-7.67,0.0,0.83,0.0,8.6,2.6,0.0,0.0,0.0,1
2009,2,28,-139.87,-7.31,0.0,0.83,0.0,8.42,2.96,0.0,0.0,0.0,1
2009,3,1,-139.82,-6.67,0.0,0.83,0.0,7.75,2.86,0.0,0.0,0.0,1
2009,3,1,-139.77,-6.14,0.0,0.83,0.0,7.75,2.86,0.0,0.0,0.0,1
2009,3,1,-139.85,-5.53,0.0,0.83,0.0,6.02,2.81,0.0,0.0,0.0,1
2009,3,2,-140.11,-4.72,0.0,0.83,0.0,6.95,2.46,0.0,0.0,0.0,1
2009,3,2,-140.53,-3.76,0.0,0.83,0.0,6.1,2.41,0.0,0.0,0.0,1
2009,3,3,-141.02,-2.74,0.0,0.83,0.0,5.33,2.3,0.0,0.0,0.0,1
2009,3,3,-141.57,-2.31,0.0,0.83,0.0,5.33,2.3,0.0,0.0,0.0,1
2009,3,4,-141.9,-1.62,0.0,0.83,0.0,6.15,2.58,0.0,0.0,0.0,1
2009,3,4,-142.14,-1.13,0.0,0.83,0.0,6.76,2.6,0.0,0.0,0.0,1
2009,3,5,-142.5,0.01,0.00108,0.83,0.000896,6.74,2.9,2380.0,56.3,1.2,1
2009,3,6,-142.96,1.21,0.0,0.83,0.0,7.94,3.16,0.0,0.0,0.0,1
2009,3,6,-143.42,2.02,0.0,0.83,0.0,7.74,3.28,0.0,0.0,0.0,1
2009,3,7,-144.04,3.53,0.0,0.83,0.0,7.99,3.08,0.0,0.0,0.0,1
2009,3,7,-144.36,4.33,0.00135,0.83,0.00112,8.67,3.14,4140.0,97.9,2.36,1
2009,3,8,-144.44,5.58,0.0,0.83,0.0,5.71,2.75,0.0,0.0,0.0,1
2009,3,8,-144.73,6.41,0.0,0.83,0.0,7.54,2.85,0.0,0.0,0.0,1
2009,3,9,-145.04,7.41,0.00083,0.83,0.000689,9.07,2.79,2370.0,56.1,1.2,1
2009,3,9,-145.57,8.29,0.00135,0.83,0.00112,8.54,2.79,3630.0,85.8,2.01,1
2009,3,10,-146.32,9.22,0.00203,0.83,0.00168,7.6,2.58,4490.0,106.0,2.6,1
2009,3,10,-146.85,9.76,0.0,0.83,0.0,7.6,2.58,0.0,0.0,0.0,1
2009,3,11,-147.78,11.58,0.0,0.83,0.0,3.84,2.5,0.0,0.0,0.0,1
2009,3,12,-149.29,13.8,0.00508,0.83,0.00422,3.93,2.39,5370.0,127.0,3.24,1
2009,3,18,-156.96,20.46,0.0,0.83,0.0,7.0,1.71,0.0,0.0,0.0,1
2009,3,28,-157.69,19.3,0.0,0.83,0.0,8.85,3.53,0.0,0.0,0.0,1
2009,3,28,-157.66,19.1,0.0,0.83,0.0,8.85,3.53,0.0,0.0,0.0,1
2009,3,29,-157.71,18.58,0.00609,0.83,0.00505,11.1,3.53,26900.0,637.0,23.2,1
2009,3,29,-157.73,17.59,0.0,0.83,0.0,11.9,3.69,0.0,0.0,0.0,1
2009,3,30,-157.74,16.82,0.000916,0.83,0.00076,11.1,3.38,3870.0,91.5,2.17,1
2009,3,31,-157.51,14.74,0.0,0.83,0.0,11.4,3.46,0.0,0.0,0.0,1
2009,3,31,-157.45,13.88,0.0,0.83,0.0,11.5,3.41,0.0,0.0,0.0,1
2009,4,1,-157.43,12.85,0.0,0.83,0.0,11.7,3.57,0.0,0.0,0.0,1
2009,4,1,-157.44,12.04,0.0,0.83,0.0,11.7,3.57,0.0,0.0,0.0,1
2009,4,2,-157.51,11.17,0.0,0.83,0.0,9.11,3.74,0.0,0.0,0.0,1
2009,4,2,-157.54,10.37,0.0,0.83,0.0,8.4,3.48,0.0,0.0,0.0,1
2009,4,3,-157.38,9.41,0.0,0.83,0.0,9.25,3.41,0.0,0.0,0.0,1
2009,4,3,-157.29,8.67,0.0,0.83,0.0,9.4,3.28,0.0,0.0,0.0,1
2009,4,4,-157.03,7.71,0.000844,0.83,0.000701,9.38,3.15,2810.0,66.5,1.47,1
2009,4,4,-156.9,7.12,0.0,0.83,0.0,10.1,3.14,0.0,0.0,0.0,1
2009,4,5,-156.58,6.36,0.0,0.83,0.0,8.66,2.97,0.0,0.0,0.0,1
2009,4,5,-156.39,5.49,0.0,0.83,0.0,8.2,2.91,0.0,0.0,0.0,1
2009,4,12,-157.61,1.81,0.0,0.83,0.0,5.53,2.15,0.0,0.0,0.0,1
2009,4,12,-157.31,1.27,0.0,0.83,0.0,5.53,2.15,0.0,0.0,0.0,1
2009,4,13,-157.06,0.52,0.0,0.83,0.0,6.68,2.11,0.0,0.0,0.0,1
2009,4,13,-156.74,-0.06,0.0,0.83,0.0,6.6,2.07,0.0,0.0,0.0,1
2009,4,14,-156.42,-0.91,0.0,0.83,0.0,7.5,2.18,0.0,0.0,0.0,1
2009,4,15,-156.14,-1.76,0.0,0.83,0.0,7.15,2.25,0.0,0.0,0.0,1
2009,4,15,-155.88,-2.52,0.0,0.83,0.0,7.74,2.28,0.0,0.0,0.0,1
2009,4,15,-155.59,-3.35,0.0,0.83,0.0,7.0,2.21,0.0,0.0,0.0,1
2009,4,16,-155.31,-4.14,0.000842,0.83,0.000699,6.79,2.29,1480.0,35.0,0.672,1
2009,4,17,-155.32,-4.83,0.0,0.83,0.0,6.03,2.21,0.0,0.0,0.0,1
2009,4,18,-154.94,-6.6,0.000818,0.83,0.000679,6.95,2.27,1460.0,34.5,0.66,1
2009,4,18,-154.87,-7.2,0.0,0.83,0.0,7.34,2.35,0.0,0.0,0.0,1
2009,4,19,-154.84,-7.95,0.0,0.83,0.0,5.47,2.51,0.0,0.0,0.0,1
2009,4,26,-151.47,-17.14,0.0,0.83,0.0,2.85,2.72,0.0,0.0,0.0,1
2009,4,26,-150.88,-17.35,0.0,0.83,0.0,2.92,2.68,0.0,0.0,0.0,1
2009,4,27,-150.15,-17.19,0.0,0.83,0.0,7.85,3.09,0.0,0.0,0.0,1
2009,4,27,-150.17,-17.04,0.0,0.83,0.0,7.85,3.09,0.0,0.0,0.0,1
2009,4,28,-150.0,-16.98,0.0,0.83,0.0,4.65,2.64,0.0,0.0,0.0,1
2009,4,28,-150.09,-16.91,0.0,0.83,0.0,5.3,2.6,0.0,0.0,0.0,1
2009,5,10,-148.64,-15.69,0.00755,0.83,0.00627,6.85,2.74,16000.0,378.0,12.3,1
2009,5,11,-147.96,-14.81,0.00805,0.83,0.00668,6.66,2.76,16700.0,395.0,12.9,1
2009,5,13,-147.46,-14.8,0.0,0.83,0.0,6.55,2.8,0.0,0.0,0.0,1
2009,5,14,-146.96,-14.27,0.0,0.83,0.0,9.2,3.15,0.0,0.0,0.0,1
2009,5,14,-146.68,-13.78,0.00338,0.83,0.00281,7.93,3.04,9190.0,218.0,6.24,1
2009,5,14,-146.31,-12.99,0.0,0.83,0.0,8.47,2.98,0.0,0.0,0.0,1
2009,5,15,-145.81,-12.36,0.0,0.83,0.0,9.96,3.09,0.0,0.0,0.0,1
2009,5,16,-145.18,-11.82,0.0,0.83,0.0,4.58,2.8,0.0,0.0,0.0,1
2009,5,16,-144.35,-11.38,0.0,0.83,0.0,4.46,2.79,0.0,0.0,0.0,1
2009,5,17,-143.79,-11.19,0.0,0.83,0.0,3.89,2.63,0.0,0.0,0.0,1
2009,5,17,-142.82,-10.69,0.0013,0.83,0.00108,3.77,2.58,1430.0,33.8,0.643,1
2009,5,18,-142.29,-10.22,0.0,0.83,0.0,4.02,2.72,0.0,0.0,0.0,1
2009,5,18,-141.53,-9.49,0.00117,0.83,0.000971,2.86,2.71,1020.0,24.2,0.429,1
2009,5,18,-141.37,-9.2,0.0,0.83,0.0,2.86,2.71,0.0,0.0,0.0,1
2009,5,19,-140.89,-8.73,0.00176,0.83,0.00146,4.5,2.78,2480.0,58.7,1.26,1
2009,5,19,-140.82,-9.07,0.0013,0.83,0.00108,3.1,2.77,1260.0,29.7,0.551,1
2009,5,19,-140.47,-8.94,0.0,0.83,0.0,4.5,2.78,0.0,0.0,0.0,1
2009,5,20,-140.18,-9.08,0.0,0.83,0.0,3.4,2.4,0.0,0.0,0.0,1
2009,5,24,-140.03,-7.23,0.0,0.83,0.0,7.36,1.88,0.0,0.0,0.0,1
2009,5,25,-140.06,-6.5,0.001,0.83,0.00083,6.61,1.88,1400.0,33.2,0.63,1
2009,5,25,-140.07,-5.52,0.0,0.83,0.0,6.74,1.94,0.0,0.0,0.0,1
2009,5,25,-140.14,-4.65,0.0,0.83,0.0,7.0,1.97,0.0,0.0,0.0,1
2009,5,26,-140.15,-3.58,0.0,0.83,0.0,7.2,2.05,0.0,0.0,0.0,1
2009,5,27,-140.21,-2.64,0.0,0.83,0.0,7.75,1.93,0.0,0.0,0.0,1
2009,5,27,-140.28,-1.75,0.0,0.83,0.0,7.29,1.94,0.0,0.0,0.0,1
2009,5,27,-140.34,-0.9,0.0,0.83,0.0,6.61,1.89,0.0,0.0,0.0,1
2009,5,28,-140.17,-0.13,0.0,0.83,0.0,6.97,1.91,0.0,0.0,0.0,1
2009,5,29,-140.43,0.86,0.0,0.83,0.0,7.95,2.08,0.0,0.0,0.0,1
2009,5,29,-140.69,1.78,0.000948,0.83,0.000787,8.82,2.07,1950.0,46.2,0.942,1
2009,5,29,-141.01,2.67,0.0,0.83,0.0,8.54,2.1,0.0,0.0,0.0,1
2009,5,30,-141.53,3.96,0.0044,0.83,0.00365,7.1,2.13,7500.0,177.0,4.87,1
2009,5,31,-142.7,5.95,0.0,0.83,0.0,5.81,2.15,0.0,0.0,0.0,1
2009,5,31,-143.2,6.95,0.0,0.83,0.0,7.85,2.13,0.0,0.0,0.0,1
2009,6,1,-144.09,7.99,0.0,0.83,0.0,6.85,2.32,0.0,0.0,0.0,1
2009,6,1,-144.66,8.38,0.0,0.83,0.0,8.62,2.35,0.0,0.0,0.0,1
2009,6,2,-145.86,10.03,0.00358,0.83,0.00297,8.98,2.65,9620.0,228.0,6.6,1
2009,6,4,-149.02,13.18,0.0,0.83,0.0,9.26,2.65,0.0,0.0,0.0,1
2009,6,5,-150.46,14.76,0.00172,0.83,0.00143,10.3,2.63,5250.0,124.0,3.16,1
2009,6,25,-157.56,21.9,0.018,0.83,0.0149,9.42,2.32,44400.0,1050.0,42.6,1
2009,6,25,-157.62,22.6,0.00453,0.83,0.00376,10.2,2.82,14700.0,349.0,11.1,1
2009,6,26,-157.5,23.38,0.0119,0.83,0.00988,9.72,3.06,39900.0,945.0,37.5,1
2009,6,26,-157.43,23.88,0.0154,0.83,0.0128,9.72,3.06,51700.0,1220.0,51.3,1
2009,6,27,-157.48,24.47,0.0267,0.83,0.0222,8.67,2.81,73300.0,1740.0,78.7,1
2009,6,27,-157.59,24.94,0.006,0.83,0.00498,8.67,2.81,16500.0,390.0,12.7,1
2009,6,28,-157.7,25.59,0.0291,0.83,0.0242,7.91,2.62,68100.0,1610.0,71.8,1
2009,6,28,-157.71,25.99,0.0235,0.83,0.0195,7.91,2.62,55000.0,1300.0,55.3,1
2009,6,29,-157.36,27.02,0.484,0.83,0.402,3.87,2.21,466000.0,11000.0,751.0,1
2009,6,29,-156.87,28.25,0.024,0.83,0.0199,3.54,2.16,20600.0,489.0,16.8,1
2009,6,30,-156.3,29.61,0.0375,0.83,0.0311,3.12,1.71,22500.0,533.0,18.6,1
2009,6,30,-156.19,30.26,0.0692,0.83,0.0574,6.19,1.71,82500.0,1950.0,90.8,1
2009,7,1,-156.43,30.92,0.0394,0.83,0.0327,8.09,1.75,63000.0,1490.0,65.3,1
2009,7,1,-156.58,31.51,0.0269,0.83,0.0223,6.19,1.75,32900.0,778.0,29.6,1
2009,7,2,-156.25,32.1,0.191,0.83,0.159,6.34,1.73,236000.0,5580.0,327.0,1
2009,7,2,-155.53,32.95,0.0362,0.83,0.03,6.66,1.69,46100.0,1090.0,44.6,1
2009,7,3,-154.57,33.92,0.375,0.83,0.311,7.81,1.67,553000.0,13100.0,925.0,1
2009,7,3,-153.91,34.62,0.159,0.83,0.132,5.93,1.67,178000.0,4220.0,232.0,1
2009,7,4,-152.62,35.41,0.321,0.83,0.266,6.27,1.82,412000.0,9760.0,647.0,1
2009,7,4,-151.75,35.92,0.137,0.83,0.114,6.83,1.92,202000.0,4780.0,271.0,1
2009,7,5,-150.68,36.62,0.374,0.83,0.31,6.82,1.77,510000.0,12100.0,839.0,1
2009,7,5,-149.84,37.21,0.435,0.83,0.361,6.95,1.75,599000.0,14200.0,1020.0,1
2009,7,6,-148.7,37.95,0.612,0.83,0.508,5.49,1.55,588000.0,13900.0,996.0,1
2009,7,6,-147.52,38.16,0.226,0.83,0.188,4.65,1.54,182000.0,4310.0,239.0,1
2009,7,7,-146.05,38.36,0.232,0.83,0.193,5.59,1.36,199000.0,4700.0,265.0,1
2009,7,7,-145.2,38.17,0.301,0.83,0.25,5.98,1.39,281000.0,6660.0,406.0,1
2009,7,8,-143.91,38.53,0.39,0.83,0.324,6.31,1.28,357000.0,8440.0,542.0,1
2009,7,8,-142.59,38.94,0.0651,0.83,0.054,6.4,1.39,65200.0,1540.0,68.1,1
2009,7,9,-141.24,39.11,0.367,0.83,0.305,6.22,1.49,384000.0,9100.0,594.0,1
2009,7,9,-140.36,39.12,0.155,0.83,0.129,7.2,1.52,191000.0,4520.0,253.0,1
2009,7,10,-138.81,39.12,0.105,0.83,0.0871,5.62,1.41,93800.0,2220.0,106.0,1
2009,7,10,-138.0,39.0,0.611,0.83,0.507,6.38,1.41,620000.0,14700.0,1060.0,1
2009,7,11,-136.32,39.18,0.345,0.83,0.286,4.57,1.18,210000.0,4970.0,284.0,1
2009,7,11,-135.59,39.27,0.158,0.83,0.131,5.41,1.2,115000.0,2730.0,137.0,1
2009,7,12,-134.09,39.44,0.0885,0.83,0.0735,3.66,0.976,35700.0,845.0,32.7,1
2009,7,12,-132.53,39.52,0.0562,0.83,0.0466,3.77,0.95,22700.0,537.0,18.8,1
2009,7,13,-131.12,39.52,0.0344,0.83,0.0286,4.17,0.89,14400.0,341.0,10.8,1
2009,7,15,-127.1,38.82,0.00971,0.83,0.00806,8.93,2.23,21800.0,516.0,17.9,1
2009,7,15,-125.63,38.51,0.0,0.83,0.0,8.45,2.06,0.0,0.0,0.0,1
2009,7,16,-124.33,38.39,0.0,0.83,0.0,6.09,1.42,0.0,0.0,0.0,1
2009,7,16,-123.75,38.1,0.0,0.83,0.0,3.17,1.22,0.0,0.0,0.0,1
2009,7,29,-123.04,37.8,0.0,0.83,0.0,1.9,1.62,0.0,0.0,0.0,1
2009,8,5,-122.13,36.64,0.0,0.83,0.0,3.6,1.18,0.0,0.0,0.0,1
2009,8,6,-122.66,36.43,0.0,0.83,0.0,1.54,1.15,0.0,0.0,0.0,1
2009,8,6,-123.36,35.86,0.0,0.83,0.0,3.45,1.24,0.0,0.0,0.0,1
2009,8,7,-123.61,35.61,0.0,0.83,0.0,6.25,1.2,0.0,0.0,0.0,1
2009,8,7,-124.23,35.03,0.0,0.83,0.0,6.06,1.23,0.0,0.0,0.0,1
2009,8,8,-124.03,34.99,0.0,0.83,0.0,7.89,1.68,0.0,0.0,0.0,1
2009,8,8,-122.63,34.09,0.0,0.83,0.0,9.02,1.84,0.0,0.0,0.0,1
2009,8,18,-118.43,33.53,0.0,0.83,0.0,2.94,1.15,0.0,0.0,0.0,1
2009,8,19,-119.03,33.79,0.0,0.83,0.0,0.91,1.22,0.0,0.0,0.0,1
2009,8,19,-119.12,33.75,0.0,0.83,0.0,0.91,1.22,0.0,0.0,0.0,1
2009,8,20,-119.84,33.77,0.0,0.83,0.0,3.4,1.17,0.0,0.0,0.0,1
2009,8,20,-120.31,33.36,0.0,0.83,0.0,2.65,1.35,0.0,0.0,0.0,1
2009,8,21,-120.73,32.85,0.0,0.83,0.0,5.07,1.36,0.0,0.0,0.0,1
2009,8,21,-119.98,33.07,0.0,0.83,0.0,5.07,1.18,0.0,0.0,0.0,1
2009,8,31,-119.07,32.98,0.0,0.83,0.0,4.64,1.76,0.0,0.0,0.0,1
2009,9,1,-118.57,32.5,0.0,0.83,0.0,2.39,1.46,0.0,0.0,0.0,1
2009,10,16,-118.24,33.36,0.00687,0.83,0.0057,1.8,2.13,2970.0,70.2,1.57,1
2009,10,16,-118.45,33.54,0.0,0.83,0.0,1.8,2.13,0.0,0.0,0.0,1
2009,10,16,-118.92,33.35,0.0,0.83,0.0,1.8,2.13,0.0,0.0,0.0,1
2009,10,17,-119.99,33.17,0.0,0.83,0.0,2.6,1.91,0.0,0.0,0.0,1
2009,10,17,-120.59,32.46,0.0,0.83,0.0,5.43,2.09,0.0,0.0,0.0,1
2009,10,18,-121.41,31.71,0.0,0.83,0.0,5.84,1.83,0.0,0.0,0.0,1
2009,10,19,-122.06,30.9,0.0,0.83,0.0,6.48,1.78,0.0,0.0,0.0,1
2009,10,19,-122.74,30.38,0.0,0.83,0.0,6.48,1.78,0.0,0.0,0.0,1
2009,10,19,-123.08,29.66,0.0,0.83,0.0,6.24,1.77,0.0,0.0,0.0,1
2009,10,20,-123.43,29.08,0.0,0.83,0.0,6.18,1.9,0.0,0.0,0.0,1
2009,10,20,-124.03,28.27,0.0,0.83,0.0,6.25,1.91,0.0,0.0,0.0,1
2009,10,21,-124.53,27.58,0.0,0.83,0.0,8.35,2.23,0.0,0.0,0.0,1
2009,10,22,-125.04,26.6,0.0,0.83,0.0,8.52,2.49,0.0,0.0,0.0,1
2009,10,22,-125.48,25.98,0.0,0.83,0.0,8.23,2.43,0.0,0.0,0.0,1
2009,10,23,-125.69,25.04,0.0,0.83,0.0,7.5,2.28,0.0,0.0,0.0,1
2009,10,23,-125.85,24.34,0.0,0.83,0.0,6.76,2.12,0.0,0.0,0.0,1
2009,10,23,-126.12,23.67,0.0,0.83,0.0,7.18,2.07,0.0,0.0,0.0,1
2009,10,24,-126.49,22.99,0.0,0.83,0.0,5.72,2.13,0.0,0.0,0.0,1
2009,10,24,-126.71,22.39,0.00238,0.83,0.00198,5.72,2.13,3280.0,77.5,1.77,1
2009,10,25,-127.49,20.41,0.0,0.83,0.0,6.77,1.81,0.0,0.0,0.0,1
2009,10,26,-127.61,19.72,0.0,0.83,0.0,6.95,1.63,0.0,0.0,0.0,1
2009,10,26,-127.76,18.86,0.0,0.83,0.0,8.0,1.69,0.0,0.0,0.0,1
2009,10,27,-127.98,18.15,0.0,0.83,0.0,6.68,1.46,0.0,0.0,0.0,1
2009,10,27,-128.5,17.32,0.0,0.83,0.0,7.67,1.59,0.0,0.0,0.0,1
2009,10,28,-128.92,16.72,0.0,0.83,0.0,7.34,1.76,0.0,0.0,0.0,1
2009,10,29,-129.98,14.97,0.00204,0.83,0.00169,9.57,2.28,5030.0,119.0,2.99,1
2009,10,29,-130.65,14.31,0.0,0.83,0.0,9.12,2.39,0.0,0.0,0.0,1
2009,10,30,-131.27,13.67,0.0,0.83,0.0,7.99,2.63,0.0,0.0,0.0,1
2009,10,30,-131.81,13.18,0.0,0.83,0.0,7.99,2.63,0.0,0.0,0.0,1
2009,10,31,-132.4,12.58,0.0164,0.83,0.0136,7.11,2.62,34400.0,814.0,31.3,1
2009,11,1,-132.84,11.69,0.0,0.83,0.0,7.37,2.43,0.0,0.0,0.0,1
2009,11,1,-133.01,10.98,0.00299,0.83,0.00248,6.92,2.44,5690.0,135.0,3.47,1
2009,11,1,-133.58,10.47,0.0,0.83,0.0,6.92,2.44,0.0,0.0,0.0,1
2009,11,2,-134.05,10.16,0.0,0.83,0.0,6.8,2.34,0.0,0.0,0.0,1
2009,11,2,-134.42,9.23,0.0,0.83,0.0,8.12,2.36,0.0,0.0,0.0,1
2009,11,3,-134.78,8.47,0.0,0.83,0.0,3.08,1.99,0.0,0.0,0.0,1
2009,11,3,-134.88,8.15,0.0,0.83,0.0,3.08,1.99,0.0,0.0,0.0,1
2009,11,4,-135.97,8.83,0.0,0.83,0.0,2.24,1.98,0.0,0.0,0.0,1
2009,11,5,-135.85,10.06,0.0,0.83,0.0,1.85,2.02,0.0,0.0,0.0,1
2009,11,5,-136.17,11.17,0.0,0.83,0.0,2.83,2.05,0.0,0.0,0.0,1
2009,11,6,-136.84,11.57,0.00114,0.83,0.000946,8.27,2.36,2500.0,59.2,1.28,1
2009,11,6,-137.61,11.95,0.0024,0.83,0.00199,9.0,2.25,5490.0,130.0,3.33,1
2009,11,6,-138.49,12.26,0.000804,0.83,0.000667,8.5,2.35,1810.0,42.7,0.858,1
2009,11,7,-139.68,12.74,0.0,0.83,0.0,10.2,3.13,0.0,0.0,0.0,1
2009,11,8,-140.74,13.13,0.0,0.83,0.0,10.2,3.4,0.0,0.0,0.0,1
2009,11,9,-143.63,14.41,0.0,0.83,0.0,9.42,3.82,0.0,0.0,0.0,1
2009,11,10,-144.48,14.71,0.00237,0.83,0.00197,7.97,3.24,6890.0,163.0,4.39,1
2009,11,10,-145.12,14.89,0.0,0.83,0.0,9.08,3.14,0.0,0.0,0.0,1
2009,11,11,-145.9,15.27,0.0,0.83,0.0,7.57,2.79,0.0,0.0,0.0,1
2009,11,11,-146.46,15.66,0.0148,0.83,0.0123,7.35,2.73,33500.0,792.0,30.2,1
2009,11,29,-158.29,18.12,0.0056,0.83,0.00465,7.61,3.19,15300.0,362.0,11.6,1
2009,12,2,-158.73,14.3,0.00226,0.83,0.00188,5.7,2.95,4280.0,101.0,2.46,1
2009,12,4,-160.22,10.77,0.0,0.83,0.0,2.49,2.68,0.0,0.0,0.0,1
2009,12,6,-161.83,6.22,0.00202,0.83,0.00168,6.06,2.48,3420.0,80.8,1.87,1
2009,12,9,-162.12,5.81,0.00412,0.83,0.00342,9.45,3.76,16500.0,391.0,12.8,1
2009,12,12,-160.37,1.29,0.0,0.83,0.0,5.36,2.77,0.0,0.0,0.0,1
2009,12,15,-158.87,-0.72,0.0,0.83,0.0,3.43,2.33,0.0,0.0,0.0,1
2009,12,22,-154.02,5.98,0.0,0.83,0.0,6.2,2.06,0.0,0.0,0.0,1
2009,12,23,-154.1,7.82,0.00843,0.83,0.007,5.71,2.16,11700.0,277.0,8.38,1
2009,12,29,-155.27,17.85,0.00475,0.83,0.00394,9.26,2.8,13900.0,328.0,10.3,1
2010,6,2,-160.24,22.23,0.0,0.83,0.0,8.73,2.52,0.0,0.0,0.0,1
2010,6,4,-162.1,23.1,0.0276,0.83,0.0229,6.1,1.76,33300.0,789.0,30.1,1
2010,6,4,-162.77,23.31,0.004,0.83,0.00332,6.1,1.76,4830.0,114.0,2.85,1
2010,6,5,-163.7,23.58,0.0211,0.83,0.0175,6.35,1.59,24000.0,569.0,20.2,1
2010,6,5,-164.1,23.4,0.0585,0.83,0.0486,6.04,1.62,64600.0,1530.0,67.4,1
2010,6,6,-164.78,23.65,0.046,0.83,0.0382,4.35,1.46,33000.0,780.0,29.7,1
2010,6,6,-165.15,23.78,0.00123,0.83,0.00102,5.61,1.44,1120.0,26.6,0.481,1
2010,6,10,-165.08,24.9,0.00539,0.83,0.00447,7.16,2.27,9880.0,234.0,6.82,1
2010,6,10,-164.41,25.12,0.0,0.83,0.0,7.64,2.23,0.0,0.0,0.0,1
2010,6,13,-160.17,22.78,0.0,0.83,0.0,9.43,2.22,0.0,0.0,0.0,1
2010,7,1,-158.66,21.53,0.0,0.83,0.0,10.3,2.26,0.0,0.0,0.0,1
2010,7,2,-159.92,22.03,0.0,0.83,0.0,9.86,2.4,0.0,0.0,0.0,1
2010,7,3,-160.23,22.98,0.00877,0.83,0.00728,9.28,2.64,24200.0,572.0,20.3,1
2010,7,3,-160.35,23.63,0.000828,0.83,0.000687,9.5,2.47,2190.0,51.8,1.08,1
2010,7,4,-160.95,25.35,0.0232,0.83,0.0193,7.51,2.21,43400.0,1030.0,41.4,1
2010,7,6,-160.82,29.06,0.121,0.83,0.1,1.67,1.33,30200.0,715.0,26.7,1
2010,7,6,-159.94,29.85,0.0341,0.83,0.0283,1.87,1.37,9840.0,233.0,6.78,1
2010,7,7,-158.36,30.24,0.0607,0.83,0.0504,1.32,1.34,12100.0,287.0,8.75,1
2010,7,7,-157.9,31.25,0.00227,0.83,0.00188,1.13,1.37,396.0,9.38,0.135,1
2010,7,8,-157.4,32.73,0.143,0.83,0.119,2.53,1.39,56700.0,1340.0,57.5,1
2010,7,8,-157.41,33.88,0.0213,0.83,0.0177,3.63,1.37,12000.0,283.0,8.62,1
2010,7,10,-156.48,37.46,0.0357,0.83,0.0296,3.85,1.83,28300.0,670.0,24.6,1
2010,7,12,-153.37,39.73,0.0168,0.83,0.0139,4.05,1.97,15100.0,357.0,11.4,1
2010,7,12,-152.07,40.6,1.3,0.83,1.08,2.27,1.99,662000.0,15700.0,1150.0,1
2010,7,13,-150.66,41.0,0.0,0.83,0.0,3.42,1.58,0.0,0.0,0.0,1
2010,7,13,-148.68,41.61,0.0207,0.83,0.0172,3.35,1.63,12800.0,303.0,9.33,1
2010,7,14,-147.15,41.98,0.002,0.83,0.00166,4.05,1.39,1270.0,30.0,0.556,1
2010,7,14,-145.34,42.15,0.0299,0.83,0.0248,2.66,1.33,11900.0,282.0,8.55,1
2010,7,14,-143.34,42.26,0.0164,0.83,0.0136,2.42,1.38,6150.0,146.0,3.83,1
2010,7,16,-139.94,42.17,0.0166,0.83,0.0138,4.54,1.46,12400.0,293.0,8.98,1
2010,7,17,-137.13,42.03,0.00456,0.83,0.00378,3.69,1.41,2680.0,63.4,1.39,1
2010,7,17,-134.19,42.03,0.00215,0.83,0.00178,5.85,1.68,2380.0,56.4,1.2,1
2010,7,18,-133.37,42.05,0.00877,0.83,0.00728,4.45,1.38,6070.0,144.0,3.76,1
2010,7,19,-132.0,41.98,0.0038,0.83,0.00315,7.75,1.79,5930.0,140.0,3.66,1
2010,7,24,-124.5,38.35,0.0,0.83,0.0,0.636,1.98,0.0,0.0,0.0,1
2010,8,3,-122.07,36.94,0.0,0.83,0.0,6.87,1.77,0.0,0.0,0.0,1
2010,8,4,-122.09,36.22,0.0,0.83,0.0,6.63,1.59,0.0,0.0,0.0,1
2010,8,4,-121.98,35.82,0.0,0.83,0.0,6.0,1.48,0.0,0.0,0.0,1
2010,8,4,-121.92,35.32,0.0,0.83,0.0,6.0,1.48,0.0,0.0,0.0,1
2010,8,6,-119.49,33.82,0.0,0.83,0.0,4.21,1.51,0.0,0.0,0.0,1
2010,8,6,-118.22,33.73,0.0,0.83,0.0,2.6,1.37,0.0,0.0,0.0,1
2010,8,17,-118.95,33.78,0.000926,0.83,0.000769,2.55,1.14,302.0,7.15,0.0968,1
2010,8,18,-118.95,32.48,0.0,0.83,0.0,2.65,1.24,0.0,0.0,0.0,1
2010,8,18,-118.07,32.57,0.0,0.83,0.0,2.65,1.24,0.0,0.0,0.0,1
2010,10,4,-118.36,33.47,0.0107,0.83,0.00888,3.8,1.74,7970.0,189.0,5.25,1
2010,10,4,-118.95,33.85,0.00626,0.83,0.0052,3.8,1.74,4660.0,110.0,2.73,1
2010,10,5,-119.89,33.86,0.0,0.83,0.0,7.9,2.38,0.0,0.0,0.0,1
2010,10,6,-121.31,33.92,0.0,0.83,0.0,4.19,2.72,0.0,0.0,0.0,1
2010,10,6,-122.29,33.63,0.0,0.83,0.0,4.49,2.77,0.0,0.0,0.0,1
2010,10,6,-123.13,32.26,0.0,0.83,0.0,5.92,2.85,0.0,0.0,0.0,1
2010,10,7,-123.9,31.12,0.0117,0.83,0.00971,3.88,2.15,11000.0,260.0,7.77,1
2010,10,7,-124.54,30.09,0.00175,0.83,0.00145,4.07,2.2,1770.0,41.8,0.836,1
2010,10,8,-125.05,29.14,0.0174,0.83,0.0144,2.75,1.55,8350.0,198.0,5.55,1
2010,10,9,-125.42,28.52,0.0847,0.83,0.0703,5.47,1.29,67300.0,1590.0,70.9,1
2010,10,9,-125.78,28.02,0.0142,0.83,0.0118,5.47,1.29,11300.0,267.0,8.02,1
2010,10,10,-126.2,27.31,0.00236,0.83,0.00196,8.04,1.69,3610.0,85.5,2.0,1
2010,10,10,-126.6,26.59,0.0188,0.83,0.0156,7.9,1.62,27100.0,640.0,23.3,1
2010,10,10,-127.07,25.94,0.00358,0.83,0.00297,7.97,1.61,5180.0,123.0,3.1,1
2010,10,11,-127.15,25.12,0.0101,0.83,0.00838,7.6,1.97,17000.0,403.0,13.3,1
2010,10,12,-127.22,24.43,0.00982,0.83,0.00815,4.4,2.04,9920.0,235.0,6.85,1
2010,10,12,-127.47,23.91,0.0565,0.83,0.0469,3.46,1.97,43300.0,1030.0,41.4,1
2010,10,13,-128.08,23.0,0.0159,0.83,0.0132,3.42,2.1,12900.0,304.0,9.41,1
2010,10,13,-128.64,22.03,0.0165,0.83,0.0137,2.8,2.03,10600.0,251.0,7.42,1
2010,10,14,-129.34,20.63,0.0698,0.83,0.0579,6.9,2.29,124000.0,2940.0,150.0,1
2010,10,14,-129.72,20.04,0.021,0.83,0.0174,6.9,2.29,37400.0,885.0,34.6,1
2010,10,15,-130.03,19.5,0.00765,0.83,0.00635,8.13,2.49,17400.0,413.0,13.6,1
2010,10,15,-130.52,18.64,0.00671,0.83,0.00557,8.49,2.6,16700.0,396.0,13.0,1
2010,10,16,-131.08,17.54,0.0175,0.83,0.0145,7.57,2.41,35900.0,850.0,32.9,1
2010,10,16,-131.4,16.72,0.00848,0.83,0.00704,8.27,2.44,19300.0,456.0,15.4,1
2010,10,17,-132.04,15.46,0.00158,0.83,0.00131,9.15,2.44,3970.0,94.0,2.24,1
2010,10,17,-132.61,14.51,0.00295,0.83,0.00245,9.41,2.56,8020.0,190.0,5.28,1
2010,10,17,-133.13,13.8,0.000932,0.83,0.000774,9.66,2.57,2610.0,61.7,1.34,1
2010,10,18,-133.65,12.89,0.00429,0.83,0.00356,8.31,2.49,10000.0,237.0,6.93,1
2010,10,18,-133.93,11.98,0.000578,0.83,0.00048,6.95,2.32,1050.0,24.9,0.443,1
2010,10,19,-134.4,11.01,0.00115,0.83,0.000954,9.79,2.42,3070.0,72.6,1.64,1
2010,10,20,-134.94,10.18,0.00089,0.83,0.000739,6.22,2.54,1590.0,37.5,0.732,1
2010,10,20,-134.98,9.36,0.00116,0.83,0.000963,7.15,2.44,2280.0,54.0,1.14,1
2010,10,21,-134.92,8.52,0.0,0.83,0.0,4.57,2.33,0.0,0.0,0.0,1
2010,10,21,-135.06,7.76,0.0,0.83,0.0,4.83,2.27,0.0,0.0,0.0,1
2010,10,22,-135.22,7.18,0.0,0.83,0.0,4.52,2.17,0.0,0.0,0.0,1
2010,10,22,-135.37,6.58,0.00108,0.83,0.000896,5.81,2.14,1520.0,35.9,0.694,1
2010,10,23,-135.88,5.95,0.0,0.83,0.0,6.56,2.11,0.0,0.0,0.0,1
2010,10,23,-136.44,5.43,0.0,0.83,0.0,5.86,2.12,0.0,0.0,0.0,1
2010,10,24,-137.06,5.25,0.0,0.83,0.0,6.59,2.25,0.0,0.0,0.0,1
2010,10,24,-137.62,6.1,0.0,0.83,0.0,5.98,2.33,0.0,0.0,0.0,1
2010,10,25,-138.22,7.19,0.0,0.83,0.0,6.85,2.3,0.0,0.0,0.0,1
2010,10,25,-138.67,7.88,0.0,0.83,0.0,6.85,2.3,0.0,0.0,0.0,1
2010,10,26,-139.0,8.61,0.0,0.83,0.0,3.52,2.37,0.0,0.0,0.0,1
2010,10,26,-139.6,9.39,0.00424,0.83,0.00352,6.43,2.57,7910.0,187.0,5.2,1
2010,10,27,-140.25,10.32,0.0,0.83,0.0,9.67,2.67,0.0,0.0,0.0,1
2010,10,27,-141.11,10.88,0.00308,0.83,0.00256,9.44,2.73,8940.0,212.0,6.04,1
2010,10,27,-141.96,11.29,0.00424,0.83,0.00352,9.19,2.74,12000.0,285.0,8.68,1
2010,10,28,-142.9,11.89,0.016,0.83,0.0133,7.26,2.39,31300.0,740.0,27.8,1
2010,10,28,-143.72,12.32,0.0137,0.83,0.0114,7.66,2.45,29000.0,686.0,25.3,1
2010,10,29,-144.61,12.86,0.0417,0.83,0.0346,7.54,2.24,79500.0,1880.0,86.9,1
2010,10,31,-145.65,13.37,0.0,0.83,0.0,7.55,2.61,0.0,0.0,0.0,1
2010,11,1,-146.75,13.99,0.00798,0.83,0.00662,9.73,2.56,22400.0,531.0,18.5,1
2010,11,1,-147.59,14.29,0.0142,0.83,0.0118,9.49,2.54,38500.0,912.0,35.9,1
2010,11,2,-148.73,14.77,0.0027,0.83,0.00224,7.64,2.23,5180.0,123.0,3.1,1
2010,11,2,-149.47,15.23,0.026,0.83,0.0216,7.02,2.14,44000.0,1040.0,42.1,1
2010,11,3,-150.31,16.06,0.0457,0.83,0.0379,5.9,3.73,113000.0,2680.0,134.0,1
2010,11,3,-150.94,16.57,0.00268,0.83,0.00222,5.9,3.73,6650.0,157.0,4.2,1
2010,11,4,-151.61,17.07,0.00738,0.83,0.00613,8.27,3.67,25200.0,597.0,21.4,1
2010,11,4,-152.32,17.64,0.00744,0.83,0.00618,7.97,3.55,23800.0,562.0,19.9,1
2010,11,5,-153.12,18.06,0.0,0.83,0.0,8.96,3.29,0.0,0.0,0.0,1
2010,11,17,-158.07,20.11,0.0,0.83,0.0,3.66,2.64,0.0,0.0,0.0,1
2010,11,18,-158.01,18.04,0.00102,0.83,0.000847,3.67,2.65,1120.0,26.5,0.478,1
2010,11,19,-157.89,15.83,0.00261,0.83,0.00217,4.7,2.59,3580.0,84.7,1.97,1
2010,11,22,-157.41,11.01,0.0,0.83,0.0,7.94,1.94,0.0,0.0,0.0,1
2010,11,22,-157.39,10.08,0.0,0.83,0.0,7.33,1.94,0.0,0.0,0.0,1
2010,11,23,-157.47,9.92,0.0,0.83,0.0,8.79,2.36,0.0,0.0,0.0,1
2010,11,23,-157.51,9.76,0.0,0.83,0.0,8.79,2.36,0.0,0.0,0.0,1
2010,11,23,-157.4,9.0,0.0,0.83,0.0,8.79,2.36,0.0,0.0,0.0,1
2010,11,24,-156.87,7.9,0.0,0.83,0.0,6.58,2.28,0.0,0.0,0.0,1
2010,11,25,-156.71,7.62,0.00094,0.83,0.00078,8.11,2.59,2230.0,52.7,1.11,1
2010,11,25,-156.61,7.27,0.0,0.83,0.0,8.11,2.59,0.0,0.0,0.0,1
2010,11,25,-156.67,7.19,0.0,0.83,0.0,8.11,2.59,0.0,0.0,0.0,1
2010,11,26,-156.72,7.08,0.0,0.83,0.0,5.9,2.57,0.0,0.0,0.0,1
2010,12,3,-157.73,0.46,0.0,0.83,0.0,9.14,2.46,0.0,0.0,0.0,1
2010,12,4,-157.75,0.3,0.0,0.83,0.0,7.66,2.17,0.0,0.0,0.0,1
2010,12,4,-157.77,0.12,0.0,0.83,0.0,7.66,2.17,0.0,0.0,0.0,1
2010,12,4,-157.82,0.04,0.0,0.83,0.0,7.66,2.17,0.0,0.0,0.0,1
2010,12,4,-157.9,-0.35,0.0,0.83,0.0,7.46,2.17,0.0,0.0,0.0,1
2010,12,7,-156.89,-5.15,0.0,0.83,0.0,8.46,2.65,0.0,0.0,0.0,1
2010,12,9,-156.41,-7.12,0.0,0.83,0.0,10.0,2.94,0.0,0.0,0.0,1
2010,12,10,-156.07,-8.35,0.00125,0.83,0.00104,7.25,2.73,2790.0,66.1,1.46,1
2010,12,10,-155.84,-8.76,0.0,0.83,0.0,8.46,2.73,0.0,0.0,0.0,1
2010,12,10,-155.55,-9.5,0.0,0.83,0.0,7.83,2.7,0.0,0.0,0.0,1
2010,12,11,-155.36,-9.94,0.0,0.83,0.0,7.37,2.68,0.0,0.0,0.0,1
2010,12,12,-155.25,-10.77,0.0,0.83,0.0,8.22,2.78,0.0,0.0,0.0,1
2010,12,12,-154.98,-11.29,0.00121,0.83,0.001,6.92,2.78,2620.0,62.0,1.35,1
2010,12,13,-154.68,-12.12,0.0,0.83,0.0,7.46,3.06,0.0,0.0,0.0,1
2010,12,14,-153.26,-13.82,0.00266,0.83,0.00221,5.82,2.7,4710.0,111.0,2.76,1
2010,12,19,-151.87,-16.82,0.0,0.83,0.0,8.9,2.56,0.0,0.0,0.0,1
2010,12,19,-151.87,-16.84,0.0,0.83,0.0,8.9,2.56,0.0,0.0,0.0,1
2010,12,20,-151.68,-17.39,0.0,0.83,0.0,7.75,2.41,0.0,0.0,0.0,1
2010,12,20,-151.49,-17.18,0.0,0.83,0.0,7.75,2.41,0.0,0.0,0.0,1
2010,12,20,-151.49,-17.21,0.0,0.83,0.0,7.75,2.41,0.0,0.0,0.0,1
2010,12,21,-150.65,-16.85,0.00369,0.83,0.00306,7.0,2.5,7270.0,172.0,4.69,1
2010,12,21,-150.1,-17.42,0.0,0.83,0.0,5.13,2.41,0.0,0.0,0.0,1
2010,12,21,-150.09,-17.44,0.0,0.83,0.0,5.13,2.41,0.0,0.0,0.0,1
2011,1,4,-149.93,-17.43,0.000856,0.83,0.00071,7.28,2.48,1740.0,41.2,0.82,1
2011,1,6,-150.68,-17.1,0.0,0.83,0.0,4.79,2.17,0.0,0.0,0.0,1
2011,2,6,-149.02,-16.24,0.0,0.83,0.0,7.87,3.31,0.0,0.0,0.0,1
2011,2,6,-148.55,-15.57,0.0,0.83,0.0,6.83,3.19,0.0,0.0,0.0,1
2011,2,6,-148.09,-15.17,0.0,0.83,0.0,6.83,3.19,0.0,0.0,0.0,1
2011,2,9,-147.35,-14.23,0.0,0.83,0.0,10.4,2.83,0.0,0.0,0.0,1
2011,2,10,-146.69,-13.23,0.0,0.83,0.0,9.58,3.02,0.0,0.0,0.0,1
2011,2,11,-145.36,-12.5,0.0,0.83,0.0,8.55,2.83,0.0,0.0,0.0,1
2011,2,11,-144.71,-11.99,0.0,0.83,0.0,8.56,2.76,0.0,0.0,0.0,1
2011,2,12,-143.74,-11.7,0.0,0.83,0.0,7.48,2.44,0.0,0.0,0.0,1
2011,2,12,-143.38,-10.92,0.000728,0.83,0.000604,7.7,2.47,1560.0,36.9,0.717,1
2011,2,13,-142.88,-9.83,0.0,0.83,0.0,8.24,2.33,0.0,0.0,0.0,1
2011,2,13,-142.74,-9.08,0.0,0.83,0.0,8.24,2.33,0.0,0.0,0.0,1
2011,2,14,-141.95,-9.1,0.0,0.83,0.0,7.16,2.15,0.0,0.0,0.0,1
2011,2,14,-141.87,-8.42,0.0,0.83,0.0,7.59,2.29,0.0,0.0,0.0,1
2011,2,15,-141.14,-8.55,0.0,0.83,0.0,8.03,2.29,0.0,0.0,0.0,1
2011,2,20,-141.12,-8.45,0.0,0.83,0.0,8.08,2.64,0.0,0.0,0.0,1
2011,2,21,-141.89,-7.79,0.0,0.83,0.0,7.9,2.69,0.0,0.0,0.0,1
2011,2,21,-142.63,-7.24,0.0,0.83,0.0,7.66,2.67,0.0,0.0,0.0,1
2011,2,22,-143.43,-6.61,0.0,0.83,0.0,7.26,2.53,0.0,0.0,0.0,1
2011,2,22,-144.09,-6.13,0.0,0.83,0.0,6.84,2.52,0.0,0.0,0.0,1
2011,2,23,-144.81,-5.59,0.00245,0.83,0.00203,6.04,2.33,3890.0,92.1,2.19,1
2011,2,23,-145.5,-5.15,0.0,0.83,0.0,5.95,2.32,0.0,0.0,0.0,1
2011,2,24,-146.48,-4.72,0.0,0.83,0.0,6.49,2.22,0.0,0.0,0.0,1
2011,2,25,-148.44,-3.24,0.0,0.83,0.0,9.79,2.41,0.0,0.0,0.0,1
2011,2,26,-149.28,-2.52,0.0,0.83,0.0,10.4,2.84,0.0,0.0,0.0,1
2011,2,26,-150.06,-1.76,0.0,0.83,0.0,9.37,2.74,0.0,0.0,0.0,1
2011,2,26,-150.83,-1.38,0.0,0.83,0.0,9.37,2.74,0.0,0.0,0.0,1
2011,2,27,-151.74,-0.98,0.0,0.83,0.0,7.31,2.68,0.0,0.0,0.0,1
2011,2,27,-152.55,-0.73,0.0,0.83,0.0,6.93,2.66,0.0,0.0,0.0,1
2011,2,28,-153.2,-0.38,0.0,0.83,0.0,6.69,2.45,0.0,0.0,0.0,1
2011,2,28,-153.91,-0.03,0.0,0.83,0.0,6.69,2.45,0.0,0.0,0.0,1
2011,3,2,-156.6,1.59,0.0,0.83,0.0,7.87,2.28,0.0,0.0,0.0,1
2011,3,2,-157.21,2.18,0.0,0.83,0.0,8.18,2.35,0.0,0.0,0.0,1
2011,3,6,-156.5,2.81,0.0,0.83,0.0,4.58,2.22,0.0,0.0,0.0,1
2011,3,7,-155.39,3.58,0.0,0.83,0.0,6.4,2.12,0.0,0.0,0.0,1
2011,3,8,-154.56,4.55,0.0,0.83,0.0,7.43,2.33,0.0,0.0,0.0,1
2011,3,8,-154.38,5.4,0.0,0.83,0.0,7.85,2.52,0.0,0.0,0.0,1
2011,3,8,-154.1,6.65,0.0,0.83,0.0,8.58,2.75,0.0,0.0,0.0,1
2011,3,9,-153.87,8.11,0.0,0.83,0.0,8.11,2.46,0.0,0.0,0.0,1
2011,3,9,-154.31,8.82,0.0,0.83,0.0,4.63,2.47,0.0,0.0,0.0,1
2011,3,10,-154.79,10.64,0.0,0.83,0.0,10.2,2.61,0.0,0.0,0.0,1
2011,3,11,-154.93,11.52,0.0,0.83,0.0,9.96,2.85,0.0,0.0,0.0,1
2011,3,11,-154.88,12.73,0.0,0.83,0.0,10.4,2.92,0.0,0.0,0.0,1
2011,3,12,-155.22,15.28,0.00106,0.83,0.00088,10.5,3.05,3820.0,90.3,2.14,1
2011,3,13,-155.46,17.43,0.000866,0.83,0.000719,8.7,2.41,2040.0,48.4,0.997,1
2011,3,26,-158.01,19.82,0.00493,0.83,0.00409,7.24,3.34,13500.0,318.0,9.94,1
2011,3,26,-158.04,19.11,0.00264,0.83,0.00219,7.24,3.34,7210.0,171.0,4.64,1
2011,3,27,-158.2,18.7,0.00153,0.83,0.00127,9.8,3.18,5380.0,127.0,3.25,1
2011,3,28,-158.79,18.91,0.0149,0.83,0.0124,9.96,3.0,50200.0,1190.0,49.5,1
2011,3,28,-159.26,18.94,0.00673,0.83,0.00559,9.21,3.0,20900.0,496.0,17.0,1
2011,3,29,-159.95,19.06,0.0269,0.83,0.0223,8.17,2.76,68400.0,1620.0,72.3,1
2011,3,29,-160.65,19.32,0.0118,0.83,0.00979,8.93,2.77,32900.0,778.0,29.6,1
2011,3,29,-161.68,19.83,0.00798,0.83,0.00662,8.39,2.77,20900.0,495.0,17.0,1
2011,3,30,-162.79,20.24,0.00957,0.83,0.00794,7.83,2.58,21800.0,516.0,17.9,1
2011,3,30,-163.49,20.61,0.00285,0.83,0.00237,7.74,2.56,6360.0,151.0,3.98,1
2011,3,31,-164.37,21.01,0.0175,0.83,0.0145,6.13,3.02,36600.0,866.0,33.7,1
2011,4,1,-165.74,21.64,0.0184,0.83,0.0153,5.3,2.78,30500.0,723.0,27.0,1
2011,4,1,-167.08,22.21,0.119,0.83,0.0988,5.0,2.7,181000.0,4280.0,237.0,1
2011,4,2,-168.86,23.02,0.0227,0.83,0.0188,3.79,2.18,21200.0,501.0,17.3,1
2011,4,2,-170.07,23.63,0.00762,0.83,0.00632,5.05,2.1,9120.0,216.0,6.19,1
2011,4,3,-172.09,24.26,0.0156,0.83,0.0129,9.81,2.66,45800.0,1080.0,44.3,1
2011,4,5,-175.69,25.96,0.0112,0.83,0.0093,11.0,4.23,58900.0,1390.0,60.1,1
2011,4,6,-176.54,26.9,0.00696,0.83,0.00578,10.8,3.71,31500.0,746.0,28.1,1
2011,4,10,-176.71,29.04,0.0186,0.83,0.0154,7.32,2.85,43700.0,1030.0,41.8,1
2011,4,10,-176.45,29.41,0.0429,0.83,0.0356,7.32,2.85,101000.0,2380.0,116.0,1
2011,4,10,-175.71,29.81,0.00296,0.83,0.00246,7.23,2.87,6920.0,164.0,4.42,1
2011,4,11,-175.06,30.15,0.0334,0.83,0.0277,8.52,2.95,94500.0,2240.0,107.0,1
2011,4,12,-174.04,30.23,0.00626,0.83,0.0052,4.73,2.25,7500.0,178.0,4.87,1
2011,4,12,-172.62,30.28,0.0508,0.83,0.0422,5.12,2.27,66500.0,1570.0,69.8,1
2011,4,13,-170.61,30.92,0.032,0.83,0.0266,3.92,2.13,30200.0,715.0,26.6,1
2011,4,13,-169.19,31.32,0.181,0.83,0.15,5.07,2.1,218000.0,5150.0,297.0,1
2011,4,14,-168.11,31.64,0.0497,0.83,0.0413,4.94,1.78,49200.0,1160.0,48.3,1
2011,4,14,-167.54,31.77,0.987,0.83,0.819,4.25,1.8,853000.0,20200.0,1570.0,1
2011,4,15,-166.13,32.21,0.078,0.83,0.0647,3.47,1.64,50100.0,1190.0,49.4,1
2011,4,15,-164.67,32.68,0.153,0.83,0.127,3.69,1.61,103000.0,2430.0,119.0,1
2011,4,16,-163.48,32.98,0.0856,0.83,0.071,6.11,1.94,114000.0,2710.0,135.0,1
2011,4,16,-162.61,33.08,0.041,0.83,0.034,5.26,1.95,47500.0,1120.0,46.3,1
2011,4,17,-161.23,33.5,0.0217,0.83,0.018,4.14,1.79,18100.0,429.0,14.3,1
2011,4,17,-160.29,33.72,0.17,0.83,0.141,2.69,1.78,91700.0,2170.0,103.0,1
2011,4,18,-159.38,33.59,0.0593,0.83,0.0492,4.1,1.82,49800.0,1180.0,49.0,1
2011,4,18,-158.41,32.83,0.0849,0.83,0.0705,3.36,1.75,56300.0,1330.0,56.9,1
2011,4,19,-157.63,32.31,0.0398,0.83,0.033,5.32,2.07,49500.0,1170.0,48.7,1
2011,4,19,-156.8,31.95,0.106,0.83,0.088,6.02,1.91,137000.0,3250.0,169.0,1
2011,4,20,-155.84,31.85,0.0969,0.83,0.0804,6.57,2.2,158000.0,3730.0,200.0,1
2011,4,20,-155.32,32.17,0.161,0.83,0.134,5.21,2.05,194000.0,4590.0,258.0,1
2011,4,21,-154.83,32.15,0.153,0.83,0.127,7.08,2.07,253000.0,5990.0,357.0,1
2011,4,21,-154.34,31.53,0.0679,0.83,0.0564,6.92,2.13,113000.0,2660.0,133.0,1
2011,4,22,-153.98,30.62,0.139,0.83,0.115,4.9,1.91,147000.0,3470.0,183.0,1
2011,4,22,-153.73,30.2,0.599,0.83,0.497,4.9,1.91,632000.0,15000.0,1090.0,1
2011,4,23,-153.71,29.36,0.929,0.83,0.771,2.98,1.7,531000.0,12600.0,880.0,1
2011,4,23,-153.95,28.17,0.267,0.83,0.222,2.36,1.67,119000.0,2810.0,141.0,1
2011,4,24,-154.01,26.81,0.0131,0.83,0.0109,3.82,1.49,8390.0,199.0,5.59,1
2011,4,24,-154.14,25.65,0.154,0.83,0.128,5.22,1.48,134000.0,3180.0,164.0,1
2011,4,25,-154.43,25.28,0.0282,0.83,0.0234,7.3,1.71,39700.0,939.0,37.2,1
2011,4,25,-154.7,24.86,0.0223,0.83,0.0185,6.94,1.76,30700.0,727.0,27.2,1
2011,4,25,-155.17,23.85,0.0361,0.83,0.03,7.3,1.78,53000.0,1250.0,52.9,1
2011,4,26,-155.64,22.72,0.0483,0.83,0.0401,6.73,2.06,75600.0,1790.0,81.6,1
2011,4,26,-156.05,21.74,0.0198,0.83,0.0164,6.76,1.12,16900.0,400.0,13.1,1
2011,4,27,-156.44,21.11,0.00548,0.83,0.00455,7.82,1.14,5490.0,130.0,3.33,1
2011,5,9,-158.31,20.53,0.0063,0.83,0.00523,9.23,2.61,17100.0,405.0,13.3,1
2011,5,9,-158.71,19.89,0.00636,0.83,0.00528,10.7,2.66,20400.0,482.0,16.5,1
2011,5,10,-158.94,19.59,0.00232,0.83,0.00193,8.41,2.49,5470.0,129.0,3.31,1
2011,5,10,-159.27,19.26,0.00366,0.83,0.00304,7.7,2.5,7940.0,188.0,5.22,1
2011,5,11,-159.46,18.53,0.00904,0.83,0.0075,6.96,2.25,16000.0,378.0,12.3,1
2011,5,11,-159.77,17.37,0.0,0.83,0.0,7.98,2.32,0.0,0.0,0.0,1
2011,5,12,-160.16,16.16,0.00343,0.83,0.00285,7.36,2.15,6130.0,145.0,3.81,1
2011,5,12,-160.47,15.3,0.0,0.83,0.0,7.37,2.27,0.0,0.0,0.0,1
2011,5,13,-160.73,14.32,0.0,0.83,0.0,8.37,2.51,0.0,0.0,0.0,1
2011,5,13,-160.99,13.28,0.0,0.83,0.0,9.02,2.58,0.0,0.0,0.0,1
2011,5,14,-161.15,12.11,0.0,0.83,0.0,8.5,2.57,0.0,0.0,0.0,1
2011,5,14,-161.27,11.34,0.000972,0.83,0.000807,8.42,2.61,2410.0,57.0,1.22,1
2011,5,15,-161.39,10.34,0.0,0.83,0.0,8.07,2.44,0.0,0.0,0.0,1
2011,5,15,-161.56,9.42,0.0,0.83,0.0,7.88,2.44,0.0,0.0,0.0,1
2011,5,16,-161.65,8.6,0.0,0.83,0.0,9.44,2.49,0.0,0.0,0.0,1
2011,5,16,-161.72,7.73,0.0,0.83,0.0,8.84,2.46,0.0,0.0,0.0,1
2011,5,24,-160.95,4.17,0.0,0.83,0.0,9.13,3.03,0.0,0.0,0.0,1
2011,5,25,-160.08,3.23,0.0,0.83,0.0,9.04,3.04,0.0,0.0,0.0,1
2011,5,25,-159.43,2.33,0.0,0.83,0.0,8.42,2.88,0.0,0.0,0.0,1
2011,5,26,-159.22,1.99,0.0,0.83,0.0,9.34,2.92,0.0,0.0,0.0,1
2011,5,26,-158.61,1.99,0.0,0.83,0.0,9.1,2.92,0.0,0.0,0.0,1
2011,5,27,-157.91,1.99,0.0,0.83,0.0,7.37,2.84,0.0,0.0,0.0,1
2011,5,30,-156.85,3.06,0.0,0.83,0.0,4.84,2.84,0.0,0.0,0.0,1
2011,5,31,-156.41,4.15,0.0,0.83,0.0,5.99,2.65,0.0,0.0,0.0,1
2011,5,31,-155.92,5.06,0.0,0.83,0.0,5.14,2.71,0.0,0.0,0.0,1
2011,6,1,-156.14,5.68,0.0,0.83,0.0,7.9,2.55,0.0,0.0,0.0,1
2011,6,1,-156.49,6.68,0.00224,0.83,0.00186,9.1,2.74,6290.0,149.0,3.93,1
2011,6,2,-156.94,7.55,0.0,0.83,0.0,8.71,2.89,0.0,0.0,0.0,1
2011,6,2,-156.92,8.61,0.0,0.83,0.0,8.81,3.0,0.0,0.0,0.0,1
2011,6,2,-157.26,9.63,0.0,0.83,0.0,9.44,3.14,0.0,0.0,0.0,1
2011,6,3,-157.46,10.59,0.0,0.83,0.0,9.82,3.2,0.0,0.0,0.0,1
2011,6,4,-157.76,11.46,0.0,0.83,0.0,8.75,3.07,0.0,0.0,0.0,1
2011,6,4,-157.8,12.48,0.0,0.83,0.0,8.63,3.08,0.0,0.0,0.0,1
2011,6,4,-157.99,13.35,0.0,0.83,0.0,8.91,3.07,0.0,0.0,0.0,1
2011,6,5,-158.16,14.35,0.0,0.83,0.0,9.4,2.95,0.0,0.0,0.0,1
2011,6,5,-158.23,15.19,0.0,0.83,0.0,9.02,2.96,0.0,0.0,0.0,1
2011,6,6,-158.45,16.02,0.00111,0.83,0.000921,8.65,2.72,2940.0,69.6,1.56,1
2011,6,6,-158.57,16.89,0.00105,0.83,0.000871,8.65,2.72,2780.0,65.9,1.45,1
2011,6,7,-158.59,17.76,0.00804,0.83,0.00667,8.3,2.33,17500.0,414.0,13.7,1
2011,6,7,-158.43,18.61,0.0034,0.83,0.00282,7.38,2.25,6360.0,151.0,3.98,1
2011,6,8,-157.45,19.34,0.0,0.83,0.0,9.05,2.21,0.0,0.0,0.0,1
2011,7,4,-158.31,21.54,0.0,0.83,0.0,7.91,1.44,0.0,0.0,0.0,1
2011,7,5,-158.64,22.17,0.0503,0.83,0.0417,7.37,1.36,56800.0,1340.0,57.6,1
2011,7,5,-158.88,23.04,0.0118,0.83,0.00979,6.84,1.33,12100.0,287.0,8.76,1
2011,7,5,-158.95,23.77,0.00848,0.83,0.00704,6.84,1.33,8720.0,206.0,5.86,1
2011,7,6,-158.93,24.56,0.0156,0.83,0.0129,8.83,1.75,27200.0,644.0,23.5,1
2011,7,7,-159.12,25.18,0.00183,0.83,0.00152,9.77,2.53,5110.0,121.0,3.05,1
2011,7,7,-159.33,25.74,0.00696,0.83,0.00578,9.77,2.53,19400.0,460.0,15.6,1
2011,7,8,-159.71,27.01,0.00826,0.83,0.00686,10.3,2.97,28400.0,673.0,24.8,1
2011,7,9,-159.84,27.63,0.00674,0.83,0.00559,9.53,3.12,22600.0,536.0,18.7,1
2011,7,9,-159.92,28.22,0.0149,0.83,0.0124,9.1,2.91,44500.0,1050.0,42.8,1
2011,7,9,-160.08,29.2,0.00196,0.83,0.00163,9.14,2.77,5590.0,132.0,3.4,1
2011,7,10,-160.33,29.92,0.00756,0.83,0.00627,9.66,2.81,23100.0,547.0,19.2,1
2011,7,10,-160.51,30.75,0.0505,0.83,0.0419,9.1,2.69,139000.0,3300.0,172.0,1
2011,7,11,-160.45,31.68,0.0589,0.83,0.0489,8.47,2.32,131000.0,3090.0,159.0,1
2011,7,11,-160.51,32.32,0.0737,0.83,0.0612,7.75,2.21,142000.0,3370.0,177.0,1
2011,7,12,-160.66,32.85,0.0411,0.83,0.0341,8.88,2.2,90600.0,2140.0,102.0,1
2011,7,13,-160.91,33.79,0.0601,0.83,0.0499,9.82,2.51,167000.0,3950.0,215.0,1
2011,7,13,-160.15,36.07,0.0392,0.83,0.0325,9.98,2.5,110000.0,2610.0,129.0,1
2011,7,14,-159.72,37.15,0.0159,0.83,0.0132,10.4,2.6,48500.0,1150.0,47.5,1
2011,7,14,-159.54,37.88,0.00942,0.83,0.00782,10.4,2.6,28700.0,680.0,25.1,1
2011,7,15,-159.24,38.67,0.0707,0.83,0.0587,9.4,2.28,171000.0,4040.0,220.0,1
2011,7,15,-158.72,39.41,0.0347,0.83,0.0288,7.49,1.88,55100.0,1300.0,55.5,1
2011,7,16,-157.43,40.21,0.102,0.83,0.0847,4.38,1.23,62000.0,1470.0,64.1,1
2011,7,17,-156.08,40.47,0.0386,0.83,0.032,2.9,1.17,14700.0,348.0,11.1,1
2011,7,17,-154.31,40.54,0.0135,0.83,0.0112,3.96,1.19,7150.0,169.0,4.6,1
2011,7,17,-152.72,40.59,0.00517,0.83,0.00429,6.65,1.44,5600.0,133.0,3.41,1
2011,7,18,-151.03,40.41,0.0145,0.83,0.012,7.15,1.68,19600.0,465.0,15.8,1
2011,7,18,-149.84,40.33,0.0,0.83,0.0,8.2,1.84,0.0,0.0,0.0,1
2011,7,19,-148.46,40.72,0.0,0.83,0.0,6.32,1.67,0.0,0.0,0.0,1
2011,7,19,-146.94,40.64,0.01,0.83,0.0083,7.76,1.73,15200.0,359.0,11.5,1
2011,7,20,-145.08,40.58,0.0121,0.83,0.01,7.02,1.45,13800.0,328.0,10.3,1
2011,7,20,-143.33,40.65,0.00327,0.83,0.00271,7.05,1.46,3790.0,89.8,2.12,1
2011,7,21,-141.36,40.73,0.0148,0.83,0.0123,7.97,1.52,20100.0,477.0,16.3,1
2011,7,22,-139.85,40.78,0.00556,0.83,0.00461,8.76,1.86,10200.0,242.0,7.1,1
2011,7,22,-138.2,40.82,0.0,0.83,0.0,9.01,1.9,0.0,0.0,0.0,1
2011,7,22,-136.73,40.8,0.0,0.83,0.0,8.35,1.84,0.0,0.0,0.0,1
2011,7,23,-134.57,40.76,0.00571,0.83,0.00474,4.45,1.63,4680.0,111.0,2.74,1
2011,7,24,-132.64,40.77,0.01,0.83,0.0083,3.4,1.47,5620.0,133.0,3.43,1
2011,7,24,-130.56,40.51,0.0,0.83,0.0,3.95,1.57,0.0,0.0,0.0,1
2011,7,25,-128.97,40.31,0.0,0.83,0.0,4.48,1.46,0.0,0.0,0.0,1
2011,7,25,-126.99,40.09,0.0052,0.83,0.00432,4.26,1.4,3500.0,82.9,1.93,1
2011,7,25,-125.43,39.74,0.0,0.83,0.0,5.73,1.4,0.0,0.0,0.0,1
2011,7,26,-124.7,39.11,0.0,0.83,0.0,9.71,1.6,0.0,0.0,0.0,1
2011,7,26,-123.69,38.44,0.0,0.83,0.0,8.5,1.45,0.0,0.0,0.0,1
2011,8,6,-122.82,37.03,0.0,0.83,0.0,0.0,1.52,0.0,0.0,0.0,1
2011,8,6,-121.98,36.81,0.00118,0.83,0.000979,0.0,1.34,1640.0,38.8,0.762,1
2011,8,6,-122.16,36.1,0.0,0.83,0.0,5.66,1.63,0.0,0.0,0.0,1
2011,8,7,-121.87,35.51,0.0,0.83,0.0,9.64,1.69,0.0,0.0,0.0,1
2011,8,7,-121.69,34.64,0.0,0.83,0.0,8.94,1.81,0.0,0.0,0.0,1
2011,8,8,-120.62,34.27,0.0,0.83,0.0,5.46,1.73,0.0,0.0,0.0,1
2011,8,8,-119.7,33.89,0.0,0.83,0.0,4.9,1.7,0.0,0.0,0.0,1
2011,8,9,-118.91,33.73,0.000752,0.83,0.000624,2.34,1.49,296.0,7.0,0.0944,1
2011,8,17,-118.54,33.57,0.00606,0.83,0.00503,2.45,1.38,2300.0,54.4,1.15,1
2011,8,18,-119.37,33.74,0.0,0.83,0.0,6.42,1.68,0.0,0.0,0.0,1
2011,8,20,-119.36,33.45,0.0,0.83,0.0,7.21,1.66,0.0,0.0,0.0,1
2011,10,4,-119.22,32.03,0.0,0.83,0.0,6.25,1.51,0.0,0.0,0.0,1
2011,10,4,-119.7,31.94,0.0,0.83,0.0,7.01,1.63,0.0,0.0,0.0,1
2011,10,5,-120.54,31.86,0.0,0.83,0.0,6.11,2.05,0.0,0.0,0.0,1
2011,10,6,-121.25,31.61,0.0,0.83,0.0,7.9,2.4,0.0,0.0,0.0,1
2011,10,6,-122.01,31.2,0.0,0.83,0.0,7.77,2.41,0.0,0.0,0.0,1
2011,10,6,-122.77,30.82,0.0,0.83,0.0,7.61,2.35,0.0,0.0,0.0,1
2011,10,7,-123.66,30.34,0.0,0.83,0.0,8.73,3.36,0.0,0.0,0.0,1
2011,10,8,-124.79,29.77,0.0,0.83,0.0,8.0,3.02,0.0,0.0,0.0,1
2011,10,8,-125.76,29.43,0.0,0.83,0.0,7.91,2.98,0.0,0.0,0.0,1
2011,10,8,-126.51,28.97,0.0,0.83,0.0,8.06,2.87,0.0,0.0,0.0,1
2011,10,9,-127.31,28.49,0.0,0.83,0.0,7.58,2.42,0.0,0.0,0.0,1
2011,10,9,-128.15,28.03,0.0,0.83,0.0,7.87,2.35,0.0,0.0,0.0,1
2011,10,10,-128.79,27.7,0.00542,0.83,0.0045,7.52,2.06,9460.0,224.0,6.46,1
2011,10,10,-129.4,27.45,0.0,0.83,0.0,6.7,2.02,0.0,0.0,0.0,1
2011,10,11,-129.41,26.58,0.0,0.83,0.0,7.43,1.98,0.0,0.0,0.0,1
2011,10,12,-129.31,25.69,0.00173,0.83,0.00144,7.57,1.96,2900.0,68.6,1.53,1
2011,10,12,-129.39,24.81,0.103,0.83,0.0855,7.29,1.99,168000.0,3990.0,217.0,1
2011,10,12,-129.29,24.13,0.0,0.83,0.0,7.29,1.99,0.0,0.0,0.0,1
2011,10,13,-129.27,23.42,0.0149,0.83,0.0124,4.14,2.13,14800.0,351.0,11.2,1
2011,10,14,-129.34,22.83,0.00866,0.83,0.00719,2.63,2.42,6210.0,147.0,3.87,1
2011,10,14,-129.39,21.65,0.00675,0.83,0.0056,3.18,2.4,5800.0,137.0,3.56,1
2011,10,14,-129.36,20.88,0.0,0.83,0.0,2.22,2.38,0.0,0.0,0.0,1
2011,10,15,-129.47,19.23,0.00328,0.83,0.00272,2.61,2.25,2170.0,51.4,1.07,1
2011,10,16,-129.43,18.28,0.0,0.83,0.0,2.05,1.97,0.0,0.0,0.0,1
2011,10,16,-129.59,17.15,0.00139,0.83,0.00115,2.35,1.99,733.0,17.3,0.285,1
2011,10,16,-129.66,16.55,0.00283,0.83,0.00235,2.17,2.01,1390.0,32.9,0.624,1
2011,10,17,-129.63,15.63,0.0,0.83,0.0,5.58,2.04,0.0,0.0,0.0,1
2011,10,18,-129.79,14.73,0.00109,0.83,0.000905,8.76,2.68,2890.0,68.4,1.52,1
2011,10,18,-129.94,13.83,0.00174,0.83,0.00144,9.62,2.65,4990.0,118.0,2.97,1
2011,10,18,-129.97,13.06,0.0,0.83,0.0,9.62,2.65,0.0,0.0,0.0,1
2011,10,19,-130.0,12.26,0.0,0.83,0.0,8.8,2.42,0.0,0.0,0.0,1
2011,10,19,-130.16,11.68,0.0,0.83,0.0,4.86,2.54,0.0,0.0,0.0,1
2011,10,20,-130.43,11.07,0.00875,0.83,0.00726,5.09,2.02,10100.0,239.0,7.02,1
2011,10,20,-130.83,10.67,0.00841,0.83,0.00698,3.31,2.06,6470.0,153.0,4.07,1
2011,10,21,-131.19,10.0,0.00363,0.83,0.00301,6.12,1.79,4490.0,106.0,2.61,1
2011,10,21,-131.73,10.53,0.0,0.83,0.0,6.12,1.79,0.0,0.0,0.0,1
2011,10,22,-131.75,10.5,0.0,0.83,0.0,8.32,2.02,0.0,0.0,0.0,1
2011,10,22,-131.99,10.53,0.00148,0.83,0.00123,8.32,2.02,2800.0,66.2,1.46,1
2011,10,22,-132.61,10.62,0.0,0.83,0.0,9.04,2.0,0.0,0.0,0.0,1
2011,10,23,-133.34,10.7,0.0,0.83,0.0,9.96,2.66,0.0,0.0,0.0,1
2011,10,23,-134.23,10.81,0.0,0.83,0.0,9.42,2.68,0.0,0.0,0.0,1
2011,10,24,-134.88,10.89,0.00142,0.83,0.00118,9.26,2.63,3900.0,92.3,2.19,1
2011,10,24,-135.75,11.33,0.0,0.83,0.0,9.06,2.62,0.0,0.0,0.0,1
2011,10,24,-136.46,11.51,0.0,0.83,0.0,8.93,2.62,0.0,0.0,0.0,1
2011,10,25,-137.65,11.71,0.0014,0.83,0.00116,9.23,2.43,3540.0,83.8,1.95,1
2011,10,26,-138.86,12.34,0.0021,0.83,0.00174,7.95,2.5,4710.0,112.0,2.76,1
2011,10,26,-139.6,12.76,0.00449,0.83,0.00373,6.68,2.51,8490.0,201.0,5.66,1
2011,10,26,-140.38,13.18,0.0,0.83,0.0,7.6,2.51,0.0,0.0,0.0,1
2011,10,27,-141.35,14.21,0.00936,0.83,0.00777,7.74,2.62,21400.0,507.0,17.5,1
2011,10,28,-142.11,14.65,0.0,0.83,0.0,7.82,2.59,0.0,0.0,0.0,1
2011,10,28,-143.27,15.58,0.0,0.83,0.0,8.7,2.61,0.0,0.0,0.0,1
2011,10,29,-144.06,15.98,0.0,0.83,0.0,7.48,2.49,0.0,0.0,0.0,1
2011,10,29,-145.03,16.52,0.00213,0.83,0.00177,8.45,2.51,5090.0,120.0,3.04,1
2011,10,30,-145.84,16.64,0.00137,0.83,0.00114,9.11,2.56,3610.0,85.4,2.0,1
2011,10,30,-146.68,16.81,0.000794,0.83,0.000659,8.91,2.53,2020.0,47.7,0.98,1
2011,10,31,-147.48,16.77,0.00119,0.83,0.000988,10.5,2.68,3760.0,88.9,2.1,1
2011,11,1,-148.43,16.94,0.00232,0.83,0.00193,10.4,2.9,7910.0,187.0,5.2,1
2011,11,1,-149.41,17.26,0.00213,0.83,0.00177,10.1,2.83,6850.0,162.0,4.36,1
2011,11,2,-150.4,17.64,0.00106,0.83,0.00088,9.52,3.12,3550.0,84.1,1.96,1
2011,11,2,-151.32,18.12,0.0,0.83,0.0,9.85,3.05,0.0,0.0,0.0,1
2011,11,3,-152.22,18.32,0.0,0.83,0.0,10.5,3.17,0.0,0.0,0.0,1
2011,11,3,-152.95,18.41,0.0,0.83,0.0,10.5,3.17,0.0,0.0,0.0,1
2011,11,3,-153.89,18.58,0.0,0.83,0.0,10.3,3.13,0.0,0.0,0.0,1
2011,11,4,-154.76,19.07,0.0,0.83,0.0,11.2,3.08,0.0,0.0,0.0,1
2011,11,5,-155.99,19.45,0.0227,0.83,0.0188,10.5,3.01,81200.0,1920.0,89.0,1
2001,11,17,-158.03,19.41,0.00105,0.83,0.000871,2.78,2.76,911.0,21.6,0.372,1
2011,11,17,-158.02,19.15,0.000892,0.83,0.00074,7.72,2.13,1660.0,39.2,0.771,1
2011,11,18,-158.25,18.2,0.0,0.83,0.0,10.6,2.66,0.0,0.0,0.0,1
2011,11,18,-158.28,17.19,0.000774,0.83,0.000642,10.0,2.63,2300.0,54.3,1.15,1
2011,11,19,-158.28,16.4,0.0,0.83,0.0,10.2,2.75,0.0,0.0,0.0,1
2011,11,19,-158.18,15.54,0.0,0.83,0.0,10.4,2.82,0.0,0.0,0.0,1
2011,11,20,-158.0,14.64,0.000846,0.83,0.000702,9.67,2.5,2310.0,54.6,1.16,1
2011,11,21,-158.01,12.29,0.0,0.83,0.0,7.87,2.49,0.0,0.0,0.0,1
2011,11,22,-157.95,11.39,0.0,0.83,0.0,9.81,2.65,0.0,0.0,0.0,1
2011,11,22,-157.78,10.43,0.0,0.83,0.0,9.75,2.58,0.0,0.0,0.0,1
2011,11,23,-157.43,9.52,0.0,0.83,0.0,10.8,3.08,0.0,0.0,0.0,1
2011,11,24,-157.19,8.94,0.0,0.83,0.0,7.99,2.76,0.0,0.0,0.0,1
2011,11,24,-156.89,8.36,0.0,0.83,0.0,7.03,2.7,0.0,0.0,0.0,1
2011,11,24,-156.83,8.11,0.0,0.83,0.0,7.03,2.7,0.0,0.0,0.0,1
2011,11,25,-156.53,7.13,0.00198,0.83,0.00164,6.16,2.36,3240.0,76.8,1.75,1
2011,11,26,-156.59,6.18,0.0,0.83,0.0,7.52,2.65,0.0,0.0,0.0,1
2011,11,26,-156.6,4.9,0.00476,0.83,0.00395,5.24,2.28,6400.0,151.0,4.01,1
2011,11,27,-156.63,4.6,0.0,0.83,0.0,7.47,2.51,0.0,0.0,0.0,1
2011,11,27,-157.05,3.68,0.0,0.83,0.0,7.63,2.37,0.0,0.0,0.0,1
2011,11,27,-157.63,2.95,0.0,0.83,0.0,7.63,2.2,0.0,0.0,0.0,1
2011,12,2,-157.64,1.91,0.0,0.83,0.0,10.6,3.03,0.0,0.0,0.0,1
2011,12,2,-157.96,1.24,0.0,0.83,0.0,10.6,3.03,0.0,0.0,0.0,1
2011,12,3,-158.54,0.29,0.0,0.83,0.0,9.01,2.96,0.0,0.0,0.0,1
2011,12,3,-159.0,-0.61,0.0,0.83,0.0,8.94,2.99,0.0,0.0,0.0,1
2011,12,4,-158.65,-1.3,0.0,0.83,0.0,8.44,2.97,0.0,0.0,0.0,1
2011,12,5,-157.17,-2.24,0.00304,0.83,0.00252,9.16,2.83,8890.0,210.0,6.0,1
2011,12,5,-157.2,-3.07,0.0,0.83,0.0,9.14,2.8,0.0,0.0,0.0,1
2011,12,6,-157.1,-3.91,0.0,0.83,0.0,9.0,2.56,0.0,0.0,0.0,1
2011,12,6,-157.13,-3.74,0.0,0.83,0.0,9.0,2.56,0.0,0.0,0.0,1
2011,12,7,-157.38,-4.62,0.0,0.83,0.0,8.95,2.52,0.0,0.0,0.0,1
2011,12,7,-157.36,-5.42,0.0,0.83,0.0,8.93,2.5,0.0,0.0,0.0,1
2011,12,8,-157.32,-6.39,0.0,0.83,0.0,8.28,2.34,0.0,0.0,0.0,1
2011,12,8,-156.79,-7.03,0.0,0.83,0.0,8.19,2.32,0.0,0.0,0.0,1
2011,12,9,-156.24,-7.85,0.0,0.83,0.0,6.76,1.97,0.0,0.0,0.0,1
2011,12,9,-155.9,-8.7,0.0,0.83,0.0,6.29,1.94,0.0,0.0,0.0,1
2011,12,10,-155.53,-9.45,0.0,0.83,0.0,4.59,1.76,0.0,0.0,0.0,1
2011,12,11,-155.16,-10.37,0.00378,0.83,0.00314,5.85,1.83,4570.0,108.0,2.66,1
2011,12,11,-154.88,-11.09,0.000814,0.83,0.000676,5.04,1.76,813.0,19.2,0.324,1
2011,12,11,-154.83,-11.39,0.0,0.83,0.0,5.04,1.76,0.0,0.0,0.0,1
2011,12,12,-154.87,-12.5,0.0,0.83,0.0,6.16,2.0,0.0,0.0,0.0,1
2011,12,12,-153.95,-12.49,0.0,0.83,0.0,6.22,2.01,0.0,0.0,0.0,1
2011,12,13,-152.86,-13.46,0.0,0.83,0.0,8.07,2.16,0.0,0.0,0.0,1
2011,12,14,-152.51,-13.8,0.0,0.83,0.0,7.97,2.39,0.0,0.0,0.0,1
2011,12,14,-152.46,-14.13,0.0,0.83,0.0,7.4,2.31,0.0,0.0,0.0,1
2011,12,15,-152.54,-14.31,0.0,0.83,0.0,7.34,2.21,0.0,0.0,0.0,1
2011,12,15,-152.4,-14.47,0.0,0.83,0.0,7.34,2.21,0.0,0.0,0.0,1
2011,12,16,-151.87,-15.33,0.00223,0.83,0.00185,5.67,1.82,2600.0,61.6,1.34,1
2011,12,16,-151.63,-16.21,0.0,0.83,0.0,5.58,1.79,0.0,0.0,0.0,1
2011,12,20,-150.5,-17.25,0.0,0.83,0.0,6.12,1.64,0.0,0.0,0.0,1
2012,1,1,-150.99,-17.04,0.0,0.83,0.0,4.2,2.37,0.0,0.0,0.0,1
2012,1,1,-152.09,-16.59,0.0,0.83,0.0,5.53,2.49,0.0,0.0,0.0,1
2012,1,1,-152.31,-16.52,0.0,0.83,0.0,5.53,2.49,0.0,0.0,0.0,1
2012,1,2,-152.29,-16.59,0.00911,0.83,0.00756,4.7,2.02,9730.0,230.0,6.69,1
2012,1,2,-152.02,-16.8,0.0103,0.83,0.00855,4.7,2.02,11000.0,260.0,7.78,1
2012,1,3,-151.69,-16.57,0.00304,0.83,0.00252,3.9,1.69,2260.0,53.4,1.12,1
2012,1,3,-151.84,-16.44,0.00943,0.83,0.00783,3.9,1.69,7000.0,166.0,4.48,1
2012,1,4,-151.68,-16.69,0.0,0.83,0.0,1.15,1.55,0.0,0.0,0.0,1
2012,1,4,-151.59,-16.72,0.0,0.83,0.0,1.15,1.55,0.0,0.0,0.0,1
2012,1,5,-150.71,-16.65,0.00748,0.83,0.00621,5.23,1.37,6040.0,143.0,3.74,1
2012,1,5,-150.43,-17.08,0.00158,0.83,0.00131,6.18,1.41,1550.0,36.6,0.71,1
2012,1,6,-150.28,-17.05,0.0,0.83,0.0,5.59,1.48,0.0,0.0,0.0,1
2012,1,12,-150.82,-16.81,0.0,0.83,0.0,8.59,2.29,0.0,0.0,0.0,1
2012,2,4,-148.38,-16.17,0.0,0.83,0.0,5.82,2.72,0.0,0.0,0.0,1
2012,2,5,-148.14,-15.99,0.00272,0.83,0.00226,6.23,2.32,4440.0,105.0,2.57,1
2012,2,5,-148.34,-15.27,0.000822,0.83,0.000682,6.23,2.32,1340.0,31.8,0.597,1
2012,2,8,-147.02,-14.69,0.000966,0.83,0.000802,3.32,1.87,676.0,16.0,0.259,1
2012,2,9,-143.01,-14.03,0.0164,0.83,0.0136,4.52,1.49,12400.0,294.0,9.01,1
2012,2,9,-145.48,-13.67,0.00167,0.83,0.00139,4.66,1.52,1330.0,31.6,0.592,1
2012,2,10,-144.5,-13.33,0.0,0.83,0.0,4.64,1.4,0.0,0.0,0.0,1
2012,2,10,-144.1,-12.95,0.0,0.83,0.0,2.5,1.4,0.0,0.0,0.0,1
2012,2,11,-143.29,-12.03,0.0,0.83,0.0,1.64,1.66,0.0,0.0,0.0,1
2012,2,11,-142.87,-11.42,0.0,0.83,0.0,1.11,1.68,0.0,0.0,0.0,1
2012,2,12,-142.21,-10.73,0.00131,0.83,0.00109,3.04,1.92,865.0,20.5,0.349,1
2012,2,12,-141.71,-10.38,0.0,0.83,0.0,4.26,1.89,0.0,0.0,0.0,1
2012,2,13,-140.89,-9.76,0.0,0.83,0.0,2.38,2.1,0.0,0.0,0.0,1
2012,2,14,-140.23,-9.08,0.0,0.83,0.0,1.06,1.87,0.0,0.0,0.0,1
2012,2,20,-140.95,-8.73,0.0,0.83,0.0,5.08,2.41,0.0,0.0,0.0,1
2012,2,20,-141.38,-8.27,0.0,0.83,0.0,4.7,2.42,0.0,0.0,0.0,1
2012,2,20,-141.74,-7.82,0.0,0.83,0.0,4.53,2.47,0.0,0.0,0.0,1
2012,2,21,-142.64,-6.7,0.00117,0.83,0.000971,3.73,2.45,1210.0,28.6,0.524,1
2012,2,21,-143.32,-6.18,0.0,0.83,0.0,3.42,2.45,0.0,0.0,0.0,1
2012,2,22,-144.39,-5.29,0.0,0.83,0.0,4.09,2.25,0.0,0.0,0.0,1
2012,2,22,-144.82,-4.95,0.0,0.83,0.0,3.56,2.27,0.0,0.0,0.0,1
2012,2,23,-145.72,-4.44,0.0,0.83,0.0,4.8,2.23,0.0,0.0,0.0,1
2012,2,23,-147.01,-3.69,0.0,0.83,0.0,4.67,2.31,0.0,0.0,0.0,1
2012,2,24,-149.57,-2.48,0.0,0.83,0.0,3.46,2.36,0.0,0.0,0.0,1
2012,2,25,-151.29,-1.67,0.0,0.83,0.0,6.37,2.17,0.0,0.0,0.0,1
2012,2,26,-152.27,-1.06,0.0,0.83,0.0,6.52,1.96,0.0,0.0,0.0,1
2012,2,28,-156.27,0.64,0.000856,0.83,0.00071,6.67,2.03,1310.0,31.0,0.578,1
2012,2,28,-157.22,1.48,0.0,0.83,0.0,6.5,2.18,0.0,0.0,0.0,1
2012,3,4,-157.34,3.48,0.00294,0.83,0.00244,9.04,3.32,9940.0,235.0,6.87,1
2012,3,4,-157.52,4.27,0.0,0.83,0.0,9.43,3.36,0.0,0.0,0.0,1
2012,3,5,-157.63,6.33,0.0,0.83,0.0,10.1,3.26,0.0,0.0,0.0,1
2012,3,6,-157.83,8.02,0.0,0.83,0.0,8.98,3.1,0.0,0.0,0.0,1
2012,3,8,-158.35,12.01,0.0,0.83,0.0,10.1,3.2,0.0,0.0,0.0,1
2012,3,29,-157.88,21.25,0.00198,0.83,0.00164,7.84,1.67,2920.0,69.1,1.54,1
2012,3,29,-158.05,20.69,0.0036,0.83,0.00299,6.91,2.29,6420.0,152.0,4.03,1
2012,3,30,-158.39,19.9,0.000928,0.83,0.00077,8.95,2.58,2420.0,57.2,1.22,1
2012,3,31,-158.68,18.96,0.0084,0.83,0.00697,11.6,3.46,38000.0,898.0,35.2,1
2012,3,31,-158.96,18.42,0.0167,0.83,0.0139,11.6,3.46,75500.0,1790.0,81.4,1
2012,3,31,-159.22,17.38,0.00193,0.83,0.0016,11.7,3.55,9040.0,214.0,6.12,1
2012,4,1,-159.34,16.45,0.0,0.83,0.0,9.9,3.25,0.0,0.0,0.0,1
2012,4,1,-159.46,15.39,0.00264,0.83,0.00219,10.3,3.23,9890.0,234.0,6.83,1
2012,4,2,-159.29,14.59,0.00393,0.83,0.00326,9.4,2.97,12400.0,293.0,8.98,1
2012,4,2,-159.18,13.65,0.00264,0.83,0.00219,9.49,3.03,8550.0,202.0,5.72,1
2012,4,3,-159.03,12.71,0.0,0.83,0.0,9.54,2.86,0.0,0.0,0.0,1
2012,4,4,-159.02,11.49,0.000866,0.83,0.000719,9.02,2.62,2310.0,54.6,1.16,1
2012,4,4,-158.95,10.51,0.0,0.83,0.0,8.94,2.63,0.0,0.0,0.0,1
2012,4,5,-158.87,9.48,0.0,0.83,0.0,9.54,2.6,0.0,0.0,0.0,1
2012,4,5,-158.71,8.56,0.0,0.83,0.0,9.21,2.67,0.0,0.0,0.0,1
2012,4,6,-158.45,7.4,0.0,0.83,0.0,9.0,2.6,0.0,0.0,0.0,1
2012,4,6,-158.16,6.39,0.00732,0.83,0.00608,8.94,2.58,19100.0,451.0,15.2,1
2012,4,7,-158.02,5.68,0.000822,0.83,0.000682,6.49,2.4,1450.0,34.2,0.654,1
2012,4,7,-157.62,4.78,0.0,0.83,0.0,7.38,2.48,0.0,0.0,0.0,1
2012,4,8,-157.54,3.88,0.00129,0.83,0.00107,6.48,2.19,2060.0,48.7,1.01,1
2012,4,8,-157.49,3.24,0.0,0.83,0.0,6.48,2.19,0.0,0.0,0.0,1
2012,4,8,-157.56,2.47,0.0,0.83,0.0,4.68,2.14,0.0,0.0,0.0,1
2012,4,12,-157.55,1.99,0.0,0.83,0.0,6.64,2.16,0.0,0.0,0.0,1
2012,4,12,-158.05,1.29,0.0,0.83,0.0,6.32,2.08,0.0,0.0,0.0,1
2012,4,12,-158.38,1.8,0.0,0.83,0.0,6.32,2.08,0.0,0.0,0.0,1
2012,4,13,-158.89,2.53,0.00308,0.83,0.00256,6.48,2.64,5950.0,141.0,3.67,1
2012,4,14,-159.61,3.45,0.0,0.83,0.0,9.57,3.16,0.0,0.0,0.0,1
2012,4,14,-160.18,4.29,0.0,0.83,0.0,9.49,3.21,0.0,0.0,0.0,1
2012,4,15,-160.96,4.95,0.0,0.83,0.0,10.1,2.97,0.0,0.0,0.0,1
2012,4,15,-161.95,5.55,0.00363,0.83,0.00301,10.1,3.01,12500.0,296.0,9.09,1
2012,4,19,-162.09,6.64,0.027,0.83,0.0224,9.32,2.89,82000.0,1940.0,90.1,1
2012,4,20,-162.19,7.42,0.0,0.83,0.0,9.56,2.97,0.0,0.0,0.0,1
2012,4,21,-162.27,8.22,0.0,0.83,0.0,10.2,2.99,0.0,0.0,0.0,1
2012,4,21,-162.35,9.19,0.0,0.83,0.0,10.1,2.92,0.0,0.0,0.0,1
2012,4,22,-162.34,10.33,0.0,0.83,0.0,10.1,2.73,0.0,0.0,0.0,1
2012,4,23,-162.1,12.59,0.0,0.83,0.0,9.69,2.8,0.0,0.0,0.0,1
2012,4,24,-161.51,14.53,0.0,0.83,0.0,10.9,3.38,0.0,0.0,0.0,1
2012,4,24,-161.06,15.46,0.00124,0.83,0.00103,10.5,3.36,4910.0,116.0,2.9,1
2012,4,25,-160.97,16.05,0.0,0.83,0.0,10.0,3.06,0.0,0.0,0.0,1
2012,4,25,-160.59,17.02,0.0,0.83,0.0,9.4,3.03,0.0,0.0,0.0,1
2012,4,26,-160.45,17.87,0.0,0.83,0.0,9.06,2.78,0.0,0.0,0.0,1
2012,4,26,-159.72,18.47,0.0174,0.83,0.0144,8.48,2.71,45100.0,1070.0,43.5,1
2012,4,27,-159.29,19.09,0.00909,0.83,0.00754,7.9,2.32,18800.0,445.0,14.9,1
2012,4,27,-158.85,19.41,0.0157,0.83,0.013,7.44,2.33,30700.0,726.0,27.2,1
2012,4,27,-158.32,19.84,0.0,0.83,0.0,7.44,2.33,0.0,0.0,0.0,1
2012,4,29,-158.74,19.64,0.0,0.83,0.0,7.75,2.78,0.0,0.0,0.0,1
2012,4,29,-156.47,19.43,0.00878,0.83,0.00729,7.71,2.91,22200.0,526.0,18.3,1
2012,5,13,-157.82,20.38,0.00314,0.83,0.00261,6.3,1.9,4240.0,100.0,2.43,1
2012,5,14,-157.97,19.19,0.0283,0.83,0.0235,3.02,1.64,15800.0,374.0,12.1,1
2012,5,15,-158.49,18.25,0.118,0.83,0.0979,4.82,1.53,98100.0,2320.0,112.0,1
2012,5,15,-158.8,17.17,0.00215,0.83,0.00178,5.68,1.64,2250.0,53.3,1.12,1
2012,5,15,-158.8,16.34,0.0,0.83,0.0,7.14,1.8,0.0,0.0,0.0,1
2012,5,16,-158.9,15.83,0.00918,0.83,0.00762,8.87,2.08,19100.0,452.0,15.2,1
2012,5,16,-158.81,14.91,0.00109,0.83,0.000905,8.86,2.21,2400.0,56.9,1.22,1
2012,5,17,-158.85,13.94,0.00108,0.83,0.000896,8.99,2.38,2610.0,61.7,1.34,1
2012,5,18,-159.2,12.78,0.0,0.83,0.0,9.0,2.46,0.0,0.0,0.0,1
2012,5,18,-159.45,12.01,0.0,0.83,0.0,9.0,2.46,0.0,0.0,0.0,1
2012,5,19,-159.84,10.78,0.0,0.83,0.0,9.78,2.51,0.0,0.0,0.0,1
2012,5,19,-160.81,8.93,0.0,0.83,0.0,9.93,2.62,0.0,0.0,0.0,1
2012,5,20,-161.18,8.08,0.0,0.83,0.0,9.2,2.62,0.0,0.0,0.0,1
2012,5,20,-161.67,6.9,0.0,0.83,0.0,9.72,2.71,0.0,0.0,0.0,1
2012,5,25,-161.12,3.97,0.0,0.83,0.0,10.2,2.86,0.0,0.0,0.0,1
2012,5,25,-160.55,2.95,0.0,0.83,0.0,8.49,2.86,0.0,0.0,0.0,1
2012,5,26,-159.93,2.1,0.0,0.83,0.0,7.9,2.72,0.0,0.0,0.0,1
2012,5,26,-158.96,1.03,0.0,0.83,0.0,7.83,2.61,0.0,0.0,0.0,1
2012,5,27,-158.08,0.22,0.0,0.83,0.0,8.23,2.46,0.0,0.0,0.0,1
2012,6,5,-155.56,17.29,0.0,0.83,0.0,9.33,2.38,0.0,0.0,0.0,1
2012,6,21,-158.32,21.54,0.0,0.83,0.0,10.7,2.47,0.0,0.0,0.0,1
2012,6,22,-158.69,22.34,0.0064,0.83,0.00531,8.54,2.36,14500.0,344.0,10.9,1
2012,6,22,-158.82,23.02,0.0125,0.83,0.0104,8.52,2.36,28400.0,671.0,24.7,1
2012,6,23,-158.88,23.91,0.00889,0.83,0.00738,9.45,2.29,21700.0,512.0,17.8,1
2012,6,23,-158.85,24.61,0.0101,0.83,0.00838,9.54,2.21,24000.0,569.0,20.2,1
2012,6,23,-158.88,25.3,0.0,0.83,0.0,9.86,2.32,0.0,0.0,0.0,1
2012,6,24,-158.94,26.51,0.0189,0.83,0.0157,10.7,2.64,60500.0,1430.0,62.2,1
2012,6,25,-158.98,27.52,0.0,0.83,0.0,11.0,2.69,0.0,0.0,0.0,1
2012,6,25,-159.03,28.33,0.0214,0.83,0.0178,10.6,2.61,66500.0,1570.0,69.9,1
2012,6,25,-158.81,29.1,0.00229,0.83,0.0019,9.8,2.27,5750.0,136.0,3.52,1
2012,6,26,-158.62,30.01,0.0204,0.83,0.0169,8.99,1.96,40600.0,960.0,38.2,1
2012,6,27,-157.36,29.7,0.0433,0.83,0.0359,9.8,2.27,109000.0,2570.0,127.0,1
2012,6,27,-157.1,30.33,0.0507,0.83,0.0421,9.09,2.06,107000.0,2530.0,125.0,1
2012,6,27,-157.24,31.3,0.0773,0.83,0.0642,8.44,1.79,132000.0,3120.0,161.0,1
2012,6,28,-157.05,32.18,0.0638,0.83,0.053,6.5,1.37,64000.0,1510.0,66.6,1
2012,6,29,-156.79,32.54,0.107,0.83,0.0888,7.39,1.4,125000.0,2950.0,150.0,1
2012,6,29,-156.55,32.81,0.204,0.83,0.169,7.39,1.4,238000.0,5630.0,331.0,1
2012,6,29,-155.66,33.19,0.0145,0.83,0.012,7.5,1.47,18100.0,428.0,14.2,1
2012,6,30,-155.85,34.03,0.00871,0.83,0.00723,9.24,1.82,16500.0,391.0,12.8,1
2012,7,1,-155.49,35.11,0.226,0.83,0.188,6.67,1.36,232000.0,5490.0,320.0,1
2012,7,1,-154.97,36.13,0.224,0.83,0.186,5.13,1.15,149000.0,3530.0,187.0,1
2012,7,2,-153.55,37.12,0.127,0.83,0.105,2.44,0.927,32400.0,767.0,29.0,1
2012,7,2,-151.84,37.71,0.185,0.83,0.154,3.25,0.973,65900.0,1560.0,69.0,1
2012,7,2,-150.25,38.03,0.11,0.83,0.0913,5.66,1.08,76000.0,1800.0,82.1,1
2012,7,3,-148.42,38.34,0.199,0.83,0.165,3.66,1.12,92100.0,2180.0,104.0,1
2012,7,4,-146.57,38.69,0.234,0.83,0.194,7.17,1.24,234000.0,5540.0,324.0,1
2012,7,4,-145.63,39.0,0.0509,0.83,0.0422,7.87,1.29,58500.0,1380.0,59.7,1
2012,7,4,-144.59,38.99,0.0,0.83,0.0,7.48,1.26,0.0,0.0,0.0,1
2012,7,5,-143.33,39.1,0.0234,0.83,0.0194,5.24,1.71,23600.0,558.0,19.7,1
2012,7,6,-142.0,39.15,0.0651,0.83,0.054,3.66,1.66,44600.0,1050.0,42.8,1
2012,7,6,-140.16,39.18,0.235,0.83,0.195,3.78,1.68,168000.0,3980.0,217.0,1
2012,7,6,-139.31,39.25,0.00927,0.83,0.00769,3.55,1.7,6300.0,149.0,3.94,1
2012,7,7,-137.71,39.39,0.13,0.83,0.108,4.17,1.51,92400.0,2190.0,104.0,1
2012,7,8,-136.55,39.54,0.0311,0.83,0.0258,3.05,1.42,15200.0,360.0,11.5,1
2012,7,8,-135.02,39.79,0.4,0.83,0.332,3.11,1.41,198000.0,4690.0,265.0,1
2012,7,9,-133.67,39.9,0.121,0.83,0.1,2.92,1.29,51500.0,1220.0,51.1,1
2012,7,9,-132.29,39.96,0.0148,0.83,0.0123,1.53,1.32,3390.0,80.1,1.85,1
2012,7,10,-131.62,39.93,0.00281,0.83,0.00233,4.93,1.33,2080.0,49.2,1.02,1
2012,7,10,-130.27,39.96,0.0276,0.83,0.0229,6.41,1.43,28600.0,677.0,24.9,1
2012,7,11,-129.04,39.91,0.014,0.83,0.0116,10.1,2.09,33200.0,786.0,29.9,1
2012,7,11,-127.72,39.91,0.00194,0.83,0.00161,11.4,2.66,6650.0,157.0,4.21,1
2012,7,27,-123.25,37.49,0.0,0.83,0.0,4.07,1.38,0.0,0.0,0.0,1
2012,7,28,-122.27,36.42,0.0,0.83,0.0,8.56,1.35,0.0,0.0,0.0,1
2012,7,29,-121.23,34.6,0.0,0.83,0.0,11.9,2.18,0.0,0.0,0.0,1
2012,7,29,-120.27,34.15,0.0,0.83,0.0,7.54,1.72,0.0,0.0,0.0,1
2012,8,4,-118.41,33.58,0.00465,0.83,0.00386,2.75,1.41,2030.0,47.9,0.987,1
2012,8,5,-118.67,33.69,0.0,0.83,0.0,4.12,1.22,0.0,0.0,0.0,1
2012,8,5,-118.9,33.03,0.000808,0.83,0.000671,4.12,1.22,457.0,10.8,0.16,1
2012,8,6,-119.11,32.67,0.0,0.83,0.0,7.54,1.53,0.0,0.0,0.0,1
2012,8,7,-119.47,32.23,0.0,0.83,0.0,6.09,1.82,0.0,0.0,0.0,1
2012,8,7,-119.81,31.8,0.0,0.83,0.0,6.06,1.88,0.0,0.0,0.0,1
2012,9,19,-117.52,32.67,0.0,0.83,0.0,5.44,1.42,0.0,0.0,0.0,1
2012,9,19,-118.31,33.18,0.0,0.83,0.0,5.35,1.37,0.0,0.0,0.0,1
2012,9,20,-118.66,33.09,0.0,0.83,0.0,4.33,1.59,0.0,0.0,0.0,1
2012,9,20,-118.99,33.13,0.0,0.83,0.0,4.33,1.59,0.0,0.0,0.0,1
2012,9,21,-118.92,32.41,0.0,0.83,0.0,4.2,1.79,0.0,0.0,0.0,1
2012,9,21,-118.95,32.44,0.0,0.83,0.0,4.2,1.79,0.0,0.0,0.0,1
2012,9,22,-119.57,31.73,0.0,0.83,0.0,4.57,1.89,0.0,0.0,0.0,1
2012,9,22,-119.62,31.53,0.0,0.83,0.0,4.57,1.89,0.0,0.0,0.0,1
2012,9,23,-119.21,31.81,0.0,0.83,0.0,4.65,1.63,0.0,0.0,0.0,1
2012,10,5,-118.63,32.31,0.000772,0.83,0.000641,5.71,1.56,774.0,18.3,0.305,1
2012,10,5,-119.72,32.1,0.000904,0.83,0.00075,6.43,1.69,1110.0,26.2,0.473,1
2012,10,6,-120.82,31.88,0.0,0.83,0.0,7.76,1.91,0.0,0.0,0.0,1
2012,10,6,-121.57,31.81,0.00157,0.83,0.0013,6.21,1.9,2090.0,49.5,1.03,1
2012,10,7,-122.83,31.99,0.0,0.83,0.0,5.3,1.64,0.0,0.0,0.0,1
2012,10,7,-123.88,32.19,0.00633,0.83,0.00525,3.65,1.56,4070.0,96.3,2.31,1
2012,10,8,-124.41,32.63,0.025,0.83,0.0207,3.47,1.33,13000.0,308.0,9.56,1
2012,10,8,-125.58,33.02,0.0435,0.83,0.0361,3.15,1.3,20100.0,476.0,16.2,1
2012,10,9,-126.77,33.47,0.00846,0.83,0.00702,5.76,1.36,7470.0,177.0,4.85,1
2012,10,9,-127.77,33.47,0.178,0.83,0.148,5.91,1.42,169000.0,3990.0,217.0,1
2012,10,10,-128.55,32.96,0.00683,0.83,0.00567,6.98,1.55,8350.0,198.0,5.56,1
2012,10,10,-129.3,32.79,0.167,0.83,0.139,6.49,1.5,183000.0,4330.0,240.0,1
2012,10,11,-130.07,32.69,0.0825,0.83,0.0685,4.41,1.77,72800.0,1720.0,77.9,1
2012,10,11,-130.87,32.71,0.655,0.83,0.544,4.41,1.77,578000.0,13700.0,976.0,1
2012,10,11,-130.87,32.72,0.437,0.83,0.363,4.41,1.77,385000.0,9120.0,596.0,1
2012,10,12,-130.86,32.61,0.0122,0.83,0.0101,4.23,2.22,12900.0,305.0,9.43,1
2012,10,12,-131.55,32.95,0.083,0.83,0.0689,5.49,2.27,117000.0,2770.0,139.0,1
2012,10,13,-131.62,33.03,0.583,0.83,0.484,4.13,2.0,543000.0,12800.0,904.0,1
2012,10,13,-132.45,33.51,0.309,0.83,0.256,2.73,2.02,192000.0,4550.0,255.0,1
2012,10,13,-132.45,33.48,1.61,0.83,1.34,2.73,2.02,1000000.0,23700.0,1910.0,1
2012,10,14,-132.71,33.56,0.0221,0.83,0.0183,2.4,1.77,10600.0,250.0,7.41,1
2012,10,14,-133.46,33.7,0.0628,0.83,0.0521,1.88,1.74,23200.0,548.0,19.3,1
2012,10,15,-133.69,33.78,0.0622,0.83,0.0516,1.09,1.75,13300.0,316.0,9.83,1
2012,10,15,-134.27,33.9,0.559,0.83,0.464,1.22,1.83,141000.0,3330.0,174.0,1
2012,10,15,-134.28,33.92,0.323,0.83,0.268,1.22,1.83,81300.0,1920.0,89.2,1
2012,10,16,-134.72,33.88,0.0958,0.83,0.0795,2.16,2.25,52500.0,1240.0,52.3,1
2012,10,16,-135.44,33.57,24.6,0.83,20.4,1.77,2.28,11200000.0,265000.0,36300.0,1
2012,10,17,-135.75,33.44,0.0408,0.83,0.0339,4.49,2.05,42200.0,1000.0,40.1,1
2012,10,17,-136.21,33.26,1.41,0.83,1.17,4.82,2.02,1550000.0,36600.0,3250.0,1
2012,10,18,-136.94,33.05,0.828,0.83,0.687,4.86,1.94,883000.0,20900.0,1640.0,1
2012,10,18,-137.23,32.9,0.588,0.83,0.488,5.31,1.91,671000.0,15900.0,1170.0,1
2012,10,18,-137.23,32.89,1.45,0.83,1.2,5.31,1.91,1650000.0,39100.0,3520.0,1
2012,10,19,-138.06,32.55,0.153,0.83,0.127,7.49,1.85,239000.0,5660.0,333.0,1
2012,10,19,-138.57,32.26,0.563,0.83,0.467,7.49,1.85,880000.0,20800.0,1630.0,1
2012,10,19,-138.96,32.1,0.216,0.83,0.179,7.49,1.85,338000.0,7990.0,507.0,1
2012,10,20,-139.1,32.05,0.28,0.83,0.232,8.18,2.19,565000.0,13400.0,949.0,1
2012,10,20,-139.09,32.02,0.296,0.83,0.246,8.18,2.19,597000.0,14100.0,1020.0,1
2012,10,20,-139.38,31.97,0.539,0.83,0.447,8.71,2.35,1240000.0,29500.0,2490.0,1
2012,10,21,-139.63,31.88,4.36,0.83,3.62,4.7,1.96,4530000.0,107000.0,12000.0,1
2012,10,21,-139.58,31.91,0.593,0.83,0.492,4.7,1.96,616000.0,14600.0,1050.0,1
2012,10,22,-139.97,31.68,0.044,0.83,0.0365,7.62,2.1,79300.0,1880.0,86.5,1
2012,10,22,-140.34,31.32,0.247,0.83,0.205,7.37,2.1,430000.0,10200.0,681.0,1
2012,10,22,-140.33,31.31,0.125,0.83,0.104,7.37,2.1,218000.0,5150.0,297.0,1
2012,10,22,-140.44,30.99,0.137,0.83,0.114,5.99,1.88,174000.0,4110.0,225.0,1
2012,10,22,-140.56,30.66,0.189,0.83,0.157,5.99,1.88,239000.0,5670.0,333.0,1
2012,10,23,-140.62,30.48,0.308,0.83,0.256,4.59,2.59,412000.0,9750.0,646.0,1
2012,10,23,-140.68,30.26,0.673,0.83,0.559,4.59,2.59,900000.0,21300.0,1680.0,1
2012,10,23,-140.73,30.14,4.04,0.83,3.35,4.59,2.59,5410000.0,128000.0,14900.0,1
2012,10,24,-140.87,30.09,3.89,0.83,3.23,3.64,2.36,3770000.0,89200.0,9620.0,1
2012,10,24,-141.21,30.14,2.96,0.83,2.46,4.2,2.3,3220000.0,76200.0,7940.0,1
2012,10,24,-141.55,30.1,0.282,0.83,0.234,4.2,2.3,307000.0,7260.0,451.0,1
2012,10,25,-142.03,30.01,0.0285,0.83,0.0237,7.6,1.78,43500.0,1030.0,41.6,1
2012,10,25,-142.31,30.02,0.137,0.83,0.114,7.6,1.78,209000.0,4950.0,283.0,1
2012,10,25,-142.67,30.01,0.272,0.83,0.226,7.6,1.78,415000.0,9830.0,652.0,1
2012,10,25,-143.2,30.03,0.0882,0.83,0.0732,7.47,1.78,132000.0,3130.0,161.0,1
2012,10,26,-143.6,30.05,0.041,0.83,0.034,8.22,1.83,69600.0,1650.0,73.8,1
2012,10,26,-143.97,30.03,0.105,0.83,0.0871,8.22,1.83,178000.0,4220.0,232.0,1
2012,10,26,-144.02,30.04,0.0957,0.83,0.0794,8.32,1.84,165000.0,3910.0,212.0,1
2012,10,26,-144.21,30.03,0.156,0.83,0.129,8.32,1.84,270000.0,6380.0,385.0,1
2012,10,26,-144.55,30.01,0.0326,0.83,0.0271,8.32,1.84,56300.0,1330.0,57.0,1
2012,10,27,-144.79,30.01,0.17,0.83,0.141,6.92,2.09,278000.0,6570.0,399.0,1
2012,10,27,-145.06,30.07,0.391,0.83,0.325,7.35,2.31,747000.0,17700.0,1330.0,1
2012,10,27,-145.26,30.16,0.241,0.83,0.2,7.35,2.31,460000.0,10900.0,740.0,1
2012,10,27,-145.28,30.21,0.194,0.83,0.161,7.35,2.31,371000.0,8770.0,568.0,1
2012,10,27,-145.53,30.27,0.0907,0.83,0.0753,7.35,2.31,173000.0,4100.0,225.0,1
2012,10,28,-145.75,30.42,0.535,0.83,0.444,6.85,3.03,1250000.0,29600.0,2510.0,1
2012,10,28,-145.75,30.43,0.551,0.83,0.457,6.85,3.03,1290000.0,30500.0,2600.0,1
2012,10,28,-145.63,30.05,2.36,0.83,1.96,6.85,3.03,5520000.0,131000.0,15300.0,1
2012,10,29,-145.62,30.04,0.726,0.83,0.603,5.66,2.63,1220000.0,28900.0,2430.0,1
2012,10,29,-145.79,29.89,1.33,0.83,1.1,6.3,2.57,2430000.0,57400.0,5620.0,1
2012,10,30,-145.88,29.21,0.652,0.83,0.541,5.69,2.81,1180000.0,27800.0,2320.0,1
2012,10,30,-145.94,29.1,0.257,0.83,0.213,5.69,2.81,464000.0,11000.0,746.0,1
2012,10,30,-146.16,28.54,1.91,0.83,1.59,3.26,2.74,1920000.0,45400.0,4220.0,1
2012,10,30,-146.15,28.55,1.14,0.83,0.946,3.26,2.74,1150000.0,27100.0,2250.0,1
2012,10,30,-146.25,28.23,0.543,0.83,0.451,3.26,2.74,546000.0,12900.0,910.0,1
2012,10,30,-146.44,27.73,2.83,0.83,2.35,3.26,2.64,2740000.0,64900.0,6520.0,1
2012,10,31,-146.78,27.03,2.17,0.83,1.8,4.01,2.55,2500000.0,59200.0,5830.0,1
2012,10,31,-147.16,26.22,1.16,0.83,0.963,1.56,2.47,503000.0,11900.0,824.0,1
2012,11,1,-147.62,25.3,2.28,0.83,1.89,2.95,1.88,1420000.0,33700.0,2930.0,1
2012,11,1,-147.63,25.32,0.141,0.83,0.117,2.95,1.88,88000.0,2080.0,98.2,1
2012,11,1,-147.76,25.02,0.241,0.83,0.2,2.95,1.88,150000.0,3560.0,189.0,1
2012,11,1,-148.3,24.51,0.157,0.83,0.13,3.02,1.83,97700.0,2310.0,112.0,1
2012,11,2,-148.76,24.17,0.283,0.83,0.235,3.12,1.35,134000.0,3180.0,165.0,1
2012,11,2,-149.11,23.91,0.157,0.83,0.13,4.43,1.38,108000.0,2560.0,126.0,1
2012,11,3,-149.94,23.15,0.0,0.83,0.0,6.0,1.38,0.0,0.0,0.0,1
2012,11,3,-150.29,22.89,0.0135,0.83,0.0112,6.06,1.42,13100.0,310.0,9.61,1
2012,11,3,-150.78,22.52,0.117,0.83,0.0971,6.06,1.42,113000.0,2690.0,134.0,1
2012,11,3,-151.03,22.3,0.0136,0.83,0.0113,5.47,1.41,11800.0,280.0,8.49,1
2012,11,4,-151.42,21.95,0.0126,0.83,0.0105,7.2,1.81,18500.0,439.0,14.7,1
2012,11,4,-151.71,21.66,0.0113,0.83,0.00938,7.2,1.81,16600.0,394.0,12.9,1
2012,11,4,-152.02,21.39,0.0409,0.83,0.0339,7.03,1.77,57300.0,1360.0,58.2,1
2012,11,4,-152.35,21.14,0.0355,0.83,0.0295,7.03,1.77,49700.0,1180.0,48.9,1
2012,11,5,-153.0,20.61,0.0249,0.83,0.0207,7.31,2.63,54000.0,1280.0,54.2,1
2012,11,5,-153.52,20.28,0.00308,0.83,0.00256,6.91,2.57,6150.0,146.0,3.82,1
2012,11,5,-153.81,20.09,0.0104,0.83,0.00863,6.91,2.57,20800.0,492.0,16.9,1
2012,11,5,-154.11,19.77,0.00857,0.83,0.00711,6.67,2.39,15400.0,364.0,11.7,1
2012,11,17,-157.92,20.68,0.000798,0.83,0.000662,11.1,2.91,2910.0,68.9,1.53,1
2012,11,19,-157.98,19.31,0.00817,0.83,0.00678,9.14,2.33,19700.0,465.0,15.8,1
2012,11,20,-157.69,15.92,0.0,0.83,0.0,9.15,2.65,0.0,0.0,0.0,1
2012,11,21,-157.17,14.2,0.0097,0.83,0.00805,8.72,2.67,25400.0,602.0,21.6,1
2012,11,22,-156.91,12.51,0.0,0.83,0.0,8.0,2.53,0.0,0.0,0.0,1
2012,11,23,-156.07,10.56,0.00907,0.83,0.00753,8.52,2.53,22000.0,521.0,18.1,1
2012,11,24,-155.21,8.03,0.00669,0.83,0.00555,4.8,2.29,8300.0,196.0,5.51,1
2012,11,25,-155.18,5.9,0.00309,0.83,0.00256,5.54,2.16,4180.0,98.8,2.38,1
2012,11,26,-156.12,4.21,0.00103,0.83,0.000855,6.58,1.97,1510.0,35.6,0.687,1
2012,11,27,-157.37,2.29,0.0,0.83,0.0,5.91,1.82,0.0,0.0,0.0,1
2012,12,2,-157.69,1.59,0.0,0.83,0.0,5.82,2.16,0.0,0.0,0.0,1
2012,12,3,-157.71,1.56,0.0,0.83,0.0,7.48,2.31,0.0,0.0,0.0,1
2012,12,3,-158.11,0.75,0.0,0.83,0.0,6.5,2.31,0.0,0.0,0.0,1
2012,12,5,-157.9,0.59,0.00271,0.83,0.00225,7.25,2.24,4960.0,117.0,2.94,1
2012,12,4,-158.06,-0.4,0.000982,0.83,0.000815,8.05,2.32,2060.0,48.9,1.01,1
2012,12,5,-157.85,-1.22,0.00132,0.83,0.0011,7.19,2.24,2400.0,56.7,1.21,1
2012,12,5,-157.77,-2.01,0.0,0.83,0.0,6.74,2.24,0.0,0.0,0.0,1
2012,12,6,-157.67,-2.94,0.0,0.83,0.0,6.49,2.36,0.0,0.0,0.0,1
2012,12,6,-157.24,-3.43,0.0,0.83,0.0,6.38,2.29,0.0,0.0,0.0,1
2012,12,7,-156.56,-3.84,0.0,0.83,0.0,4.85,2.1,0.0,0.0,0.0,1
2012,12,7,-156.07,-4.5,0.0,0.83,0.0,3.65,2.06,0.0,0.0,0.0,1
2012,12,8,-155.03,-5.3,0.0,0.83,0.0,2.52,1.87,0.0,0.0,0.0,1
2012,12,8,-154.25,-6.08,0.0,0.83,0.0,3.4,1.87,0.0,0.0,0.0,1
2012,12,9,-153.76,-6.66,0.0011,0.83,0.000913,7.86,1.94,1900.0,44.9,0.91,1
2012,12,9,-153.21,-7.46,0.00363,0.83,0.00301,8.61,2.07,7280.0,172.0,4.69,1
2012,12,10,-152.54,-8.22,0.00348,0.83,0.00289,8.54,2.09,7010.0,166.0,4.48,1
2012,12,10,-152.05,-8.9,0.00132,0.83,0.0011,8.54,2.09,2660.0,62.9,1.37,1
2012,12,11,-151.53,-9.71,0.00104,0.83,0.000863,9.96,2.29,2680.0,63.4,1.39,1
2012,12,11,-151.11,-10.8,0.0,0.83,0.0,10.6,2.47,0.0,0.0,0.0,1
2012,12,12,-151.35,-11.53,0.0,0.83,0.0,9.89,2.59,0.0,0.0,0.0,1
2012,12,12,-151.21,-12.41,0.0,0.83,0.0,10.1,2.74,0.0,0.0,0.0,1
2012,12,13,-151.08,-13.28,0.00938,0.83,0.00779,8.93,2.61,24600.0,583.0,20.8,1
2012,12,13,-151.31,-13.85,0.00126,0.83,0.00105,8.93,2.61,3310.0,78.3,1.79,1
2012,12,20,-150.79,-17.11,0.0015,0.83,0.00124,5.61,2.84,2690.0,63.6,1.39,1
2016,12,6,99.3243,-6.7269,0.0224,1.0,0.0224,4.77,1.7,24600.0,583.0,20.8,2
2016,12,6,98.447,-6.5651,0.0124,1.0,0.0124,5.82,1.92,18800.0,444.0,14.9,2
2016,12,7,95.1541,-6.0231,0.143,1.0,0.143,7.01,1.98,270000.0,6390.0,386.0,2
2016,12,7,93.714,-7.7756,0.275,1.0,0.275,5.41,1.78,360000.0,8520.0,548.0,2
2016,12,8,90.5055,-7.2394,0.313,1.0,0.313,2.74,1.43,166000.0,3930.0,213.0,2
2016,12,8,89.6485,-7.095,0.0534,1.0,0.0534,3.35,1.42,34600.0,818.0,31.4,2
2016,12,9,89.3661,-7.4429,0.058,1.0,0.058,2.64,1.55,32200.0,763.0,28.8,2
2016,12,10,88.3502,-9.8404,0.0281,1.0,0.0281,5.01,1.73,33100.0,783.0,29.8,2
2016,12,11,87.7971,-9.6339,0.547,1.0,0.547,4.97,2.26,832000.0,19700.0,1520.0,2
2016,12,12,87.4278,-10.9859,0.219,1.0,0.219,6.68,2.76,548000.0,13000.0,914.0,2
2016,12,13,87.1943,-9.1035,0.42,1.0,0.42,1.47,2.8,234000.0,5540.0,324.0,2
2016,12,14,86.2566,-10.3523,0.592,1.0,0.592,5.43,2.76,1200000.0,28500.0,2390.0,2
2016,12,15,85.9873,-11.9069,0.118,1.0,0.118,8.84,2.57,365000.0,8630.0,557.0,2
2016,12,16,86.351,-11.6708,0.188,1.0,0.188,7.9,2.12,427000.0,10100.0,675.0,2
2016,12,16,87.4013,-12.9195,2.99,1.0,2.99,7.3,2.02,6000000.0,142000.0,17000.0,2
2016,12,17,89.6969,-13.2947,0.0488,1.0,0.0488,6.91,1.88,86200.0,2040.0,95.8,2
2016,12,17,89.8142,-13.2046,0.171,1.0,0.171,6.91,1.88,302000.0,7150.0,442.0,2
2016,12,18,92.3219,-15.4213,0.00458,1.0,0.00458,10.2,2.57,16200.0,384.0,12.5,2
2016,12,18,92.5417,-15.2239,0.0595,1.0,0.0595,10.2,2.57,211000.0,4990.0,285.0,2
2016,12,19,95.0406,-17.5228,0.0669,1.0,0.0669,8.33,2.63,199000.0,4700.0,265.0,2
2016,12,20,95.286,-17.3602,0.0133,1.0,0.0133,7.17,2.36,30600.0,723.0,27.0,2
2016,12,20,96.5486,-18.5121,0.0246,1.0,0.0246,7.7,2.43,62500.0,1480.0,64.8,2
2016,12,21,98.9625,-20.8861,0.187,1.0,0.187,7.98,2.27,460000.0,10900.0,739.0,2
2016,12,22,101.3991,-21.2444,0.0188,1.0,0.0188,8.79,2.31,51900.0,1230.0,51.5,2
2016,12,22,102.5353,-22.473,0.0418,1.0,0.0418,9.46,2.34,126000.0,2980.0,152.0,2
2016,12,23,104.952,-24.8701,0.088,1.0,0.088,7.9,2.71,256000.0,6060.0,362.0,2
2016,12,23,105.9532,-24.2042,0.0647,1.0,0.0647,9.16,2.83,228000.0,5390.0,314.0,2
2016,12,24,108.2842,-26.6675,0.00452,1.0,0.00452,10.5,3.36,21700.0,513.0,17.8,2
2016,12,24,109.3647,-27.9693,0.396,1.0,0.396,10.4,3.43,1920000.0,45500.0,4230.0,2
2017,1,22,128.7495,-59.8202,0.106,1.0,0.106,3.55,2.19,112000.0,2650.0,132.0,2
2017,1,23,134.5226,-54.5604,0.00388,1.0,0.00388,10.7,2.88,16300.0,385.0,12.5,2
2017,1,25,143.6274,-46.8317,0.00398,1.0,0.00398,13.6,4.56,33500.0,793.0,30.2,2
2017,11,14,138.52,32.4016,0.489,1.0,0.489,8.4,1.82,1010000.0,24000.0,1940.0,2
2017,11,14,137.8399,30.7594,0.158,1.0,0.158,6.98,1.83,274000.0,6480.0,392.0,2
2017,11,15,136.3552,27.4694,0.26,1.0,0.26,8.49,1.76,529000.0,12500.0,875.0,2
2017,11,15,135.7352,25.9792,0.388,1.0,0.388,6.79,1.54,551000.0,13000.0,922.0,2
2017,11,16,134.4728,22.9917,0.0662,1.0,0.0662,10.3,1.96,182000.0,4320.0,239.0,2
2017,11,16,133.8991,21.519,0.0572,1.0,0.0572,8.42,1.89,123000.0,2920.0,148.0,2
2017,11,17,132.6815,18.532,0.125,1.0,0.125,9.01,1.8,275000.0,6500.0,394.0,2
2017,11,17,132.0522,17.0454,0.0436,1.0,0.0436,8.92,1.74,91900.0,2180.0,104.0,2
2017,11,18,130.8809,14.0186,0.131,1.0,0.131,5.22,1.74,162000.0,3820.0,206.0,2
2017,11,18,130.2707,12.5048,0.174,1.0,0.174,5.08,1.57,189000.0,4470.0,249.0,2
2017,12,3,99.6148,-7.9532,0.0857,1.0,0.0857,5.06,1.84,108000.0,2560.0,126.0,2
2017,12,3,98.0571,-7.9793,0.338,1.0,0.338,5.35,1.82,448000.0,10600.0,715.0,2
2017,12,4,94.9486,-7.9668,0.0512,1.0,0.0512,4.89,1.85,63000.0,1490.0,65.3,2
2017,12,4,93.4179,-7.4673,0.16,1.0,0.16,4.29,1.87,174000.0,4130.0,226.0,2
2017,12,5,90.9905,-8.9331,0.343,1.0,0.343,6.86,1.82,581000.0,13700.0,982.0,2
2017,12,6,89.7368,-8.2591,0.764,1.0,0.764,2.95,1.86,569000.0,13500.0,957.0,2
2017,12,7,88.4527,-9.695,0.129,1.0,0.129,5.18,1.78,161000.0,3810.0,206.0,2
2017,12,8,87.2898,-9.6918,0.105,1.0,0.105,4.62,1.76,116000.0,2750.0,138.0,2
2017,12,9,86.9031,-9.7332,0.342,1.0,0.342,3.98,1.66,307000.0,7270.0,451.0,2
2017,12,11,87.3569,-9.7259,0.341,1.0,0.341,4.77,1.74,385000.0,9110.0,595.0,2
2017,12,12,87.1732,-8.081,0.198,1.0,0.198,5.97,1.8,289000.0,6840.0,419.0,2
2017,12,12,88.1778,-9.2648,1.06,1.0,1.06,6.15,1.86,1640000.0,38900.0,3490.0,2
2017,12,13,90.3147,-11.546,0.032,1.0,0.032,6.67,1.94,56200.0,1330.0,56.8,2
2017,12,13,91.2885,-12.7477,0.837,1.0,0.837,7.1,2.04,1650000.0,39000.0,3500.0,2
2017,12,14,91.3472,-12.6386,0.0353,1.0,0.0353,6.83,1.98,64800.0,1530.0,67.7,2
2017,12,15,91.6972,-12.3281,0.109,1.0,0.109,6.99,1.93,200000.0,4730.0,267.0,2
2017,12,16,92.0346,-12.0164,0.0832,1.0,0.0832,6.92,1.76,137000.0,3250.0,169.0,2
2017,12,17,92.106,-13.8559,0.482,1.0,0.482,4.89,1.49,476000.0,11300.0,770.0,2
2017,12,17,93.2554,-13.1515,1.27,1.0,1.27,5.29,1.54,1400000.0,33200.0,2880.0,2
2017,12,18,95.2402,-15.564,0.0494,1.0,0.0494,7.31,1.63,79800.0,1890.0,87.2,2
2017,12,18,95.8476,-15.0482,0.69,1.0,0.69,7.31,1.63,1110000.0,26400.0,2180.0,2
2017,12,19,97.7249,-17.5764,0.0421,1.0,0.0421,6.43,2.42,89000.0,2110.0,99.6,2
2017,12,19,98.3047,-17.1122,0.561,1.0,0.561,7.0,2.54,1350000.0,32100.0,2760.0,2
2017,12,20,100.2827,-19.6114,0.0621,1.0,0.0621,7.49,2.62,165000.0,3920.0,212.0,2
2017,12,21,102.4007,-21.9105,0.239,1.0,0.239,6.78,2.2,485000.0,11500.0,788.0,2
2017,12,21,103.4794,-21.0828,0.677,1.0,0.677,6.58,2.22,1340000.0,31700.0,2730.0,2
2017,12,22,104.6521,-22.1868,0.137,1.0,0.137,8.31,2.21,342000.0,8090.0,514.0,2
2017,12,23,106.8156,-24.5181,0.0735,1.0,0.0735,8.47,2.28,193000.0,4570.0,256.0,2
2017,12,23,107.8098,-25.7993,0.0185,1.0,0.0185,8.81,2.3,51000.0,1210.0,50.5,2
2018,1,17,124.8555,-58.0099,0.00387,1.0,0.00387,12.6,3.76,25000.0,591.0,21.1,2
2018,1,19,139.1524,-48.1468,0.014,1.0,0.014,12.0,3.33,76300.0,1810.0,82.6,2
2018,1,28,153.4116,-40.3033,0.0443,1.0,0.0443,11.8,2.33,166000.0,3920.0,213.0,2
2018,1,30,155.8458,-33.1217,0.0201,1.0,0.0201,6.38,2.08,36200.0,856.0,33.2,2
2018,2,7,146.9895,2.4301,0.121,1.0,0.121,5.55,1.52,139000.0,3280.0,171.0,2
2018,2,7,146.2522,3.7821,0.142,1.0,0.142,6.75,1.56,204000.0,4820.0,274.0,2
2018,2,10,141.1771,14.3485,0.0213,1.0,0.0213,9.91,2.75,78900.0,1870.0,86.0,2
2018,2,11,141.1928,18.0518,0.009,1.0,0.009,12.5,2.53,38700.0,915.0,36.0,2
2018,2,11,141.2041,19.4414,0.365,1.0,0.365,11.8,2.43,1430000.0,33700.0,2940.0,2
2018,2,12,141.1461,21.4829,0.155,1.0,0.155,11.6,2.01,490000.0,11600.0,799.0,2
2018,2,12,141.2143,22.7609,0.0911,1.0,0.0911,10.9,1.99,270000.0,6390.0,386.0,2
2018,2,13,141.1379,25.208,0.028,1.0,0.028,7.07,2.62,70300.0,1660.0,74.7,2
2018,2,14,140.7883,27.3706,0.881,1.0,0.881,6.89,2.09,1730000.0,40800.0,3710.0,2
2018,2,14,140.4957,28.7163,0.0528,1.0,0.0528,6.49,2.17,101000.0,2390.0,116.0,2
2018,2,15,140.3042,29.7878,0.0276,1.0,0.0276,12.6,1.69,79700.0,1890.0,87.1,2
2018,2,15,140.1261,31.3568,0.0434,1.0,0.0434,13.6,1.99,159000.0,3770.0,202.0,2
2018,2,16,139.9928,32.4858,0.0,1.0,0.0,11.5,2.36,0.0,0.0,0.0,2
2018,2,16,139.6888,33.9444,0.118,1.0,0.118,11.6,2.16,402000.0,9510.0,627.0,2
2018,2,17,139.7106,34.9725,0.0457,1.0,0.0457,10.5,2.51,163000.0,3860.0,208.0,2
2016,1,30,107.5246,-63.4747,0.099,1.0,0.099,6.88,2.91,270000.0,6380.0,385.0,2
2016,1,31,117.2831,-61.9637,0.0459,1.0,0.0459,9.77,3.26,198000.0,4700.0,265.0,2
2016,2,1,128.0747,-57.6021,0.00177,1.0,0.00177,6.16,2.42,3590.0,84.9,1.98,2
2016,2,2,133.5109,-54.5186,0.00399,1.0,0.00399,11.5,2.74,17100.0,404.0,13.3,2
2016,2,4,142.3236,-48.0419,0.0024,1.0,0.0024,11.8,4.72,18200.0,430.0,14.3,2
2016,2,12,152.833,-42.7404,0.00866,1.0,0.00866,11.2,2.52,33300.0,787.0,30.0,2
2016,2,12,153.2158,-41.7356,0.00887,1.0,0.00887,11.3,2.13,28900.0,684.0,25.2,2
2016,2,12,153.5781,-40.7312,0.00818,1.0,0.00818,11.3,1.83,23000.0,544.0,19.1,2
2016,2,13,153.9481,-39.7317,0.00207,1.0,0.00207,13.0,2.56,9350.0,221.0,6.37,2
2016,2,13,154.3173,-38.7456,0.00982,1.0,0.00982,11.6,2.24,34500.0,817.0,31.4,2
2016,2,13,154.6652,-37.7481,0.022,1.0,0.022,11.0,1.91,63000.0,1490.0,65.3,2
2016,2,13,154.995,-36.7091,0.00228,1.0,0.00228,9.83,1.45,4420.0,105.0,2.56,2
2016,2,14,155.3616,-35.7499,0.00565,1.0,0.00565,2.3,1.33,2350.0,55.6,1.18,2
2016,2,14,155.7123,-34.7671,0.0136,1.0,0.0136,3.88,1.37,9800.0,232.0,6.75,2
2016,2,14,156.0488,-33.7829,0.052,1.0,0.052,3.6,1.54,39100.0,925.0,36.5,2
2016,2,22,147.0403,2.3807,0.00495,1.0,0.00495,0.692,2.57,1200.0,28.3,0.519,2
2016,2,22,146.7603,2.867,0.00512,1.0,0.00512,1.78,2.56,3170.0,75.1,1.71,2
2016,2,22,146.5098,3.3002,0.105,1.0,0.105,2.06,2.67,78500.0,1860.0,85.4,2
2016,2,22,146.2527,3.7491,0.0607,1.0,0.0607,2.06,2.67,45400.0,1070.0,43.8,2
2016,2,25,141.1555,13.4993,0.00194,1.0,0.00194,8.75,3.07,7090.0,168.0,4.55,2
2016,2,25,141.1684,14.725,0.266,1.0,0.266,8.62,3.02,942000.0,22300.0,1770.0,2
2016,2,25,141.1747,15.5467,0.0159,1.0,0.0159,8.62,2.91,54100.0,1280.0,54.3,2
2016,2,26,141.1853,17.625,0.0199,1.0,0.0199,9.32,2.57,64800.0,1530.0,67.6,2
2016,2,26,141.1909,18.7486,0.0526,1.0,0.0526,9.19,2.57,169000.0,4000.0,218.0,2
2016,2,26,141.2216,18.7469,0.0928,1.0,0.0928,9.19,2.57,298000.0,7050.0,435.0,2
2016,2,26,141.1922,19.162,0.0171,1.0,0.0171,9.86,2.69,61500.0,1460.0,63.5,2
2016,2,27,141.1972,21.0817,0.0384,1.0,0.0384,9.22,2.67,129000.0,3040.0,156.0,2
2016,2,27,141.2105,22.2529,0.0451,1.0,0.0451,8.4,2.5,129000.0,3040.0,156.0,2
2016,2,27,141.209,23.0298,0.0338,1.0,0.0338,8.0,2.45,90100.0,2130.0,101.0,2
2016,2,28,141.1779,24.5662,0.0132,1.0,0.0132,8.35,2.01,30100.0,712.0,26.5,2
2016,2,28,141.2487,25.3494,0.0242,1.0,0.0242,9.62,1.85,58500.0,1380.0,59.7,2
2016,2,28,141.0793,26.0993,0.185,1.0,0.185,9.28,1.64,381000.0,9020.0,587.0,2
2016,2,29,140.7435,27.1307,0.0375,1.0,0.0375,7.05,1.41,50800.0,1200.0,50.2,2
2016,2,29,140.6184,28.1334,0.0365,1.0,0.0365,8.9,1.65,72600.0,1720.0,77.7,2
2016,2,29,140.4572,28.9739,0.0373,1.0,0.0373,8.9,1.65,74200.0,1760.0,79.8,2
2016,3,1,140.1736,30.9682,0.0138,1.0,0.0138,10.4,2.19,42700.0,1010.0,40.7,2
2016,3,1,140.0824,31.8802,0.0151,1.0,0.0151,11.0,2.29,51400.0,1220.0,51.0,2
2016,3,2,139.824,34.1636,0.744,1.0,0.744,9.62,1.44,1400000.0,33100.0,2870.0,2
2016,11,16,131.4595,29.2072,0.259,1.0,0.259,5.48,1.38,266000.0,6290.0,378.0,3
2016,11,17,128.7027,26.7966,1.06,1.0,1.06,4.94,1.4,995000.0,23600.0,1890.0,3
2016,11,17,127.762,25.9149,0.153,1.0,0.153,5.31,1.45,159000.0,3770.0,203.0,3
2016,11,18,124.783,23.6396,0.0693,1.0,0.0693,7.8,1.61,118000.0,2790.0,140.0,3
2016,11,18,123.824,22.9013,0.0121,1.0,0.0121,8.05,1.89,25000.0,591.0,21.2,3
2017,2,23,141.6039,23.8448,0.162,1.0,0.162,4.65,1.52,156000.0,3680.0,197.0,3
2017,2,23,141.1564,25.1461,0.15,1.0,0.15,5.51,1.39,156000.0,3680.0,197.0,3
2017,2,24,140.564,28.4295,0.0419,1.0,0.0419,6.43,1.94,71100.0,1680.0,75.8,3
2017,2,24,140.3297,29.8115,0.0163,1.0,0.0163,6.56,2.26,32800.0,776.0,29.5,3
2017,2,25,140.0589,32.1119,0.00715,1.0,0.00715,8.74,2.04,17300.0,410.0,13.5,3
2017,2,25,139.9448,33.1743,0.0,1.0,0.0,8.67,1.73,0.0,0.0,0.0,3
2017,7,27,137.613,37.4439,1.02,1.0,1.02,2.5,0.0875,30300.0,718.0,26.8,3
2017,7,28,137.8784,37.5072,2.68,1.0,2.68,2.11,0.0604,46300.0,1090.0,44.8,3
2017,7,22,130.0184,33.7975,2.55,1.0,2.55,0.95,0.0,44000.0,1040.0,42.2,3
2017,7,31,138.8898,39.1145,1.77,1.0,1.77,4.0,0.254,245000.0,5790.0,342.0,3
2017,7,25,130.3503,33.9064,4.46,1.0,4.46,1.37,0.0,617000.0,14600.0,1060.0,3
2017,7,16,130.9371,30.1684,4.22,1.0,4.22,2.98,0.983,1680000.0,39800.0,3590.0,3
2017,8,2,139.7741,41.5381,1.31,1.0,1.31,4.19,0.468,349000.0,8260.0,527.0,3
2017,8,3,140.5047,41.2809,0.668,1.0,0.668,4.0,0.431,157000.0,3710.0,198.0,3
2017,8,9,140.3426,35.0417,0.752,1.0,0.752,3.68,1.51,569000.0,13500.0,957.0,3
2017,8,7,142.1634,37.8117,0.235,1.0,0.235,6.39,2.03,414000.0,9790.0,649.0,3
2017,8,6,140.8112,41.5475,0.208,1.0,0.208,3.63,0.375,38500.0,910.0,35.8,3
2017,8,8,141.8501,36.442,0.113,1.0,0.113,9.06,2.48,345000.0,8170.0,521.0,3
2017,8,7,142.1703,38.6127,0.214,1.0,0.214,7.84,1.86,424000.0,10000.0,669.0,3
2017,8,2,139.4276,41.0102,0.253,1.0,0.253,4.19,0.468,67400.0,1590.0,70.9,3
2017,8,7,142.0733,39.8844,1.81,1.0,1.81,7.44,1.79,3280000.0,77600.0,8120.0,3
2017,8,2,139.4865,41.0116,0.213,1.0,0.213,4.19,0.468,56700.0,1340.0,57.5,3
2017,7,19,127.9448,30.2953,0.248,1.0,0.248,4.8,0.886,143000.0,3390.0,178.0,3
2017,8,1,139.1468,40.0802,1.44,1.0,1.44,4.44,0.356,310000.0,7320.0,456.0,3
2017,8,1,139.0375,40.9241,0.483,1.0,0.483,4.44,0.356,104000.0,2460.0,120.0,3
2017,8,1,139.0208,40.9083,0.182,1.0,0.182,4.44,0.356,39100.0,926.0,36.5,3
2017,8,1,139.0855,39.4098,0.381,1.0,0.381,4.35,0.437,98400.0,2330.0,113.0,3
2017,7,31,138.9027,39.1098,2.15,1.0,2.15,4.0,0.254,297000.0,7040.0,434.0,3
2017,7,31,139.0343,38.4038,0.696,1.0,0.696,3.9,0.472,174000.0,4120.0,226.0,3
2017,7,28,138.8513,37.9044,0.129,1.0,0.129,1.17,0.0,32300.0,763.0,28.9,3
2017,7,25,131.3577,34.7505,0.148,1.0,0.148,2.03,0.0843,3430.0,81.3,1.88,3
2017,7,26,136.0114,36.3319,0.503,1.0,0.503,3.08,0.0,11700.0,276.0,8.35,3
2017,7,26,135.0963,36.0349,1.37,1.0,1.37,3.56,0.295,196000.0,4630.0,260.0,3
2017,7,26,133.7647,35.8375,0.028,1.0,0.028,3.54,0.0,4000.0,94.6,2.26,3
2017,7,25,130.5473,34.1453,0.418,1.0,0.418,2.62,0.171,25500.0,603.0,21.7,3
2017,7,19,130.5518,30.4673,0.571,1.0,0.571,6.6,1.04,534000.0,12600.0,887.0,3
2017,7,15,132.5675,32.658,0.00707,1.0,0.00707,2.9,1.26,3500.0,82.8,1.92,3
2017,7,21,128.6384,32.7005,0.939,1.0,0.939,3.59,0.571,262000.0,6190.0,371.0,3
2017,7,20,128.4902,32.4446,0.484,1.0,0.484,3.94,0.598,155000.0,3660.0,195.0,3
2017,7,14,135.0518,33.3123,0.698,1.0,0.698,4.31,1.32,541000.0,12800.0,900.0,3
2017,7,14,135.7952,33.2865,0.932,1.0,0.932,4.31,1.32,722000.0,17100.0,1280.0,3
2017,7,14,136.6305,33.9771,1.07,1.0,1.07,4.56,1.35,893000.0,21100.0,1660.0,3
2017,7,15,131.719,31.7709,0.302,1.0,0.302,2.42,0.532,53000.0,1250.0,52.9,3
2017,7,13,138.9919,34.5236,0.291,1.0,0.291,5.0,1.3,257000.0,6080.0,363.0,3
2017,7,13,137.4513,34.3376,0.629,1.0,0.629,4.25,1.23,446000.0,10600.0,712.0,3
2017,7,13,136.2676,34.151,1.19,1.0,1.19,4.01,0.0,844000.0,20000.0,1550.0,3
2017,4,14,135.1084,33.2646,0.388,1.0,0.388,6.92,0.956,348000.0,8250.0,527.0,3
2017,7,14,134.0887,33.1345,0.124,1.0,0.124,3.63,1.26,77300.0,1830.0,83.8,3
2017,7,15,131.9564,33.3764,1.06,1.0,1.06,2.6,0.0,660000.0,15600.0,1150.0,3
2017,7,15,131.5557,33.7997,0.093,1.0,0.093,2.6,0.0,57900.0,1370.0,59.0,3
2017,7,15,130.685,34.0205,1.66,1.0,1.66,4.03,0.192,174000.0,4120.0,226.0,3
2017,7,16,130.2393,33.9499,0.212,1.0,0.212,3.25,0.0,22300.0,527.0,18.4,3
2017,7,20,132.013,35.5746,1.37,1.0,1.37,4.29,0.128,102000.0,2420.0,118.0,3
2017,7,20,133.6374,35.8698,0.228,1.0,0.228,4.04,0.0,17000.0,402.0,13.2,3
2017,7,20,133.3271,36.0043,0.569,1.0,0.569,6.15,0.438,208000.0,4920.0,281.0,3
2017,7,22,137.9778,37.0631,1.06,1.0,1.06,3.35,0.333,160000.0,3800.0,204.0,3
2017,7,22,143.2106,40.5653,0.164,1.0,0.164,9.03,1.73,349000.0,8260.0,527.0,3
2017,7,26,137.9778,37.6088,0.226,1.0,0.226,3.51,0.112,12000.0,285.0,8.67,3
2017,7,27,138.7891,39.1959,0.284,1.0,0.284,1.86,0.0741,5310.0,126.0,3.2,3
2017,8,2,143.2106,40.5653,0.524,1.0,0.524,4.97,1.79,634000.0,15000.0,1090.0,3
2017,8,5,141.7265,38.6967,3.03,1.0,3.03,5.42,0.567,1260000.0,29900.0,2540.0,3
2017,8,6,140.9795,36.5332,0.892,1.0,0.892,4.52,0.0,372000.0,8810.0,571.0,3
2017,8,20,137.6286,34.2926,0.471,1.0,0.471,2.98,0.838,160000.0,3790.0,204.0,3
2017,8,20,137.1038,34.1183,0.166,1.0,0.166,2.98,0.838,56400.0,1330.0,57.1,3
2017,8,20,136.5614,33.7901,1.63,1.0,1.63,2.76,0.877,536000.0,12700.0,891.0,3
2017,8,20,136.3247,33.635,1.11,1.0,1.11,2.76,0.877,365000.0,8640.0,558.0,3
2017,8,23,130.0046,34.3499,0.127,1.0,0.127,4.87,0.264,22200.0,526.0,18.3,3
2017,8,23,129.611,34.7751,0.321,1.0,0.321,5.66,0.442,109000.0,2580.0,128.0,3
2017,8,28,129.1554,34.6724,3.04,1.0,3.04,2.56,0.142,150000.0,3560.0,189.0,3
2017,9,11,136.8851,33.7267,0.115,1.0,0.115,7.2,1.31,147000.0,3480.0,184.0,3
2017,9,11,137.6146,34.0207,0.0213,1.0,0.0213,7.01,1.18,23900.0,566.0,20.1,3
2017,6,27,174.3417,42.6017,0.0591,1.0,0.0591,3.68,1.36,40300.0,953.0,37.9,3
2017,6,27,174.7333,42.8617,0.139,1.0,0.139,3.68,1.36,94700.0,2240.0,107.0,3
2017,6,27,177.9,45.1317,0.0363,1.0,0.0363,1.0,1.46,7180.0,170.0,4.62,3
2017,6,27,178.32,45.3983,0.0817,1.0,0.0817,1.2,1.49,19800.0,469.0,15.9,3
2017,9,26,142.4631,41.6685,6.21,1.0,6.21,3.93,1.33,4420000.0,105000.0,11700.0,3
2017,9,26,142.687,41.313,0.701,1.0,0.701,3.93,1.33,499000.0,11800.0,816.0,3
2017,9,26,143.1751,41.2526,4.23,1.0,4.23,4.37,1.52,3810000.0,90200.0,9740.0,3
2017,9,27,144.6539,41.2764,0.137,1.0,0.137,9.42,1.85,325000.0,7690.0,483.0,3
2017,9,28,142.3301,42.0891,0.185,1.0,0.185,6.88,0.901,156000.0,3690.0,197.0,3
2017,10,18,141.6364,42.206,0.0371,1.0,0.0371,1.48,0.982,7300.0,173.0,4.71,3
2017,10,19,141.9007,41.9391,0.118,1.0,0.118,5.52,0.592,52400.0,1240.0,52.2,3
2017,10,19,143.3827,41.6618,0.0497,1.0,0.0497,5.17,1.23,43100.0,1020.0,41.1,3
2017,10,19,143.6499,41.8153,0.032,1.0,0.032,5.17,1.23,27700.0,656.0,24.0,3
2017,10,19,143.6678,42.0896,0.513,1.0,0.513,4.28,0.538,161000.0,3800.0,205.0,3
2017,10,20,145.0001,42.6331,0.5,1.0,0.5,8.89,1.79,1080000.0,25600.0,2100.0,3
2017,10,20,144.668,42.6934,0.124,1.0,0.124,8.85,1.86,277000.0,6560.0,398.0,3
2017,10,20,144.2844,42.866,0.00375,1.0,0.00375,8.85,1.86,8380.0,198.0,5.58,3
2017,10,21,143.8527,42.4467,0.0321,1.0,0.0321,6.71,0.666,19500.0,461.0,15.6,3
2017,11,17,144.2349,42.6514,0.508,1.0,0.508,8.93,1.63,1000000.0,23700.0,1910.0,3
2017,11,14,144.1057,42.5313,0.109,1.0,0.109,6.19,1.12,102000.0,2420.0,118.0,3
2017,11,14,144.0104,42.3409,0.14,1.0,0.14,6.19,1.12,132000.0,3110.0,161.0,3
2017,11,15,142.571,40.1135,0.147,1.0,0.147,13.0,0.958,250000.0,5910.0,351.0,3
2017,11,15,142.3618,39.8848,0.213,1.0,0.213,14.2,2.4,985000.0,23300.0,1870.0,3
2017,11,20,142.5011,39.603,1.5,1.0,1.5,14.8,2.64,7980000.0,189000.0,24000.0,3
2017,11,20,142.5013,39.8395,0.753,1.0,0.753,14.8,2.64,4010000.0,94800.0,10400.0,3
2017,8,18,131.586,29.59,0.411,1.0,0.411,1.74,0.908,88000.0,2080.0,98.3,3
2017,8,19,134.594,27.1637,0.215,1.0,0.215,5.58,1.11,181000.0,4280.0,237.0,3
2017,8,20,136.0033,24.66,0.197,1.0,0.197,5.99,1.3,208000.0,4920.0,280.0,3
2017,8,21,136.0033,21.8733,0.116,1.0,0.116,6.13,1.43,138000.0,3260.0,170.0,3
2017,8,22,136.0017,18.8467,0.0851,1.0,0.0851,6.05,1.23,85900.0,2030.0,95.4,3
2017,8,23,135.8283,17.2317,0.2,1.0,0.2,5.6,1.23,187000.0,4430.0,247.0,3
2017,8,29,133.7372,13.853,0.0289,1.0,0.0289,8.69,1.71,58500.0,1380.0,59.7,3
2017,9,12,131.6217,16.0433,0.013,1.0,0.013,4.9,2.11,18200.0,431.0,14.4,3
2017,9,13,130.7533,18.2017,0.0223,1.0,0.0223,2.03,1.85,11400.0,269.0,8.1,3
2017,9,14,129.74,20.8183,0.0209,1.0,0.0209,2.19,1.3,8110.0,192.0,5.36,3
2017,9,15,128.72,23.42,0.0288,1.0,0.0288,6.31,1.64,40600.0,960.0,38.2,3
2017,8,1,128.7555,32.3776,0.193,1.0,0.193,3.6,1.29,122000.0,2890.0,146.0,3
2017,8,2,127.96,31.2876,0.819,1.0,0.819,4.44,1.55,764000.0,18100.0,1370.0,3
2017,8,9,128.298,32.5976,0.208,1.0,0.208,6.84,1.65,318000.0,7520.0,471.0,3
2017,8,19,128.434,31.1366,1.23,1.0,1.23,2.24,0.627,235000.0,5560.0,325.0,3
2017,8,30,127.8791,31.569,0.281,1.0,0.281,3.75,1.69,241000.0,5700.0,336.0,3
2017,9,10,129.7577,34.3094,0.767,1.0,0.767,4.79,0.196,98000.0,2320.0,112.0,3
2017,9,24,128.2432,31.0783,0.357,1.0,0.357,4.2,0.702,143000.0,3380.0,178.0,3
2017,9,25,128.1665,31.2834,0.0802,1.0,0.0802,5.59,0.838,51000.0,1210.0,50.5,3
2016,7,13,134.9863,34.082,0.0399,1.0,0.0399,6.27,0.0,25400.0,601.0,21.6,3
2016,7,19,131.054,34.5564,0.268,1.0,0.268,3.51,0.178,22800.0,540.0,18.9,3
2016,7,20,134.5583,35.8061,7.12,1.0,7.12,2.06,0.0,606000.0,14300.0,1030.0,3
2016,7,20,135.5032,35.8774,12.9,1.0,12.9,1.45,0.0,1100000.0,26000.0,2140.0,3
2016,7,26,137.6024,38.651,0.471,1.0,0.471,6.24,0.756,302000.0,7150.0,442.0,3
2016,7,26,137.6189,39.1681,0.53,1.0,0.53,8.33,0.94,564000.0,13400.0,948.0,3
2016,7,27,138.3661,40.1596,1.16,1.0,1.16,7.68,0.881,1070000.0,25300.0,2060.0,3
2016,7,27,138.9031,40.621,0.346,1.0,0.346,7.68,0.881,318000.0,7530.0,472.0,3
2016,8,1,144.4499,41.5124,0.43,1.0,0.43,7.18,2.18,916000.0,21700.0,1710.0,3
2016,8,2,144.7206,41.3042,0.923,1.0,0.923,3.58,2.07,930000.0,22000.0,1740.0,3
2016,8,3,144.9523,40.0413,3.05,1.0,3.05,3.1,1.9,2440000.0,57800.0,5670.0,3
2016,8,4,143.6463,38.7761,0.351,1.0,0.351,7.38,1.66,586000.0,13900.0,993.0,3
2016,8,4,143.1935,38.5305,0.377,1.0,0.377,7.38,1.66,630000.0,14900.0,1080.0,3
2016,8,4,142.6279,38.209,69.9,1.0,69.9,5.46,1.57,81200000.0,1920000.0,407000.0,3
2016,8,5,140.763,36.4263,0.153,1.0,0.153,5.29,0.0,178000.0,4210.0,232.0,3
2016,8,7,141.4464,35.4669,0.206,1.0,0.206,11.6,4.58,1490000.0,35300.0,3100.0,3
2016,8,19,137.1949,34.2364,0.181,1.0,0.181,8.98,3.54,782000.0,18500.0,1410.0,3
2016,8,20,134.8761,33.1971,0.0412,1.0,0.0412,10.1,3.14,177000.0,4190.0,230.0,3
2016,8,20,133.9237,33.0789,7.66,1.0,7.66,8.47,1.82,16000000.0,380000.0,56300.0,3
2016,8,21,131.444,31.4229,0.0842,1.0,0.0842,8.29,1.14,108000.0,2560.0,127.0,3
2016,8,21,130.7182,30.9284,0.234,1.0,0.234,9.29,2.49,735000.0,17400.0,1310.0,3
2016,8,25,129.9837,31.2078,0.421,1.0,0.421,6.84,1.62,633000.0,15000.0,1090.0,3
2016,9,13,138.119,34.2192,0.0425,1.0,0.0425,6.51,1.17,44100.0,1040.0,42.3,3
2016,7,13,138.9434,34.5215,0.0851,1.0,0.0851,6.89,1.46,117000.0,2760.0,139.0,3
2016,7,14,136.2854,32.7007,0.0488,1.0,0.0488,7.54,2.54,127000.0,3000.0,153.0,3
2016,7,15,133.7081,31.776,0.14,1.0,0.14,4.25,1.74,141000.0,3330.0,174.0,3
2016,7,15,133.4948,31.7903,0.109,1.0,0.109,4.25,1.74,109000.0,2590.0,128.0,3
2016,7,16,130.8216,30.7991,0.608,1.0,0.608,8.78,1.73,1260000.0,29700.0,2520.0,3
2016,7,17,130.5627,30.4507,0.0315,1.0,0.0315,5.41,1.49,34500.0,817.0,31.3,3
2016,7,18,128.0592,30.914,0.407,1.0,0.407,1.39,0.891,68400.0,1620.0,72.2,3
2016,7,18,127.3438,30.6849,1.36,1.0,1.36,1.24,0.859,197000.0,4670.0,263.0,3
2016,7,19,128.4699,32.4556,0.416,1.0,0.416,3.26,0.54,99500.0,2360.0,114.0,3
2016,7,20,128.9368,33.2772,0.0925,1.0,0.0925,7.01,0.596,52500.0,1240.0,52.4,3
2016,7,20,129.0823,33.3518,0.0878,1.0,0.0878,5.81,0.00671,465.0,11.0,0.164,3
2016,7,21,129.7702,33.6216,0.393,1.0,0.393,3.56,0.00322,613.0,14.5,0.23,3
2016,10,6,136.7635,33.5882,0.364,1.0,0.364,9.9,1.61,786000.0,18600.0,1420.0,3
2016,10,6,135.5494,33.0533,0.0571,1.0,0.0571,8.91,1.43,99100.0,2340.0,114.0,3
2016,10,7,132.532,31.7188,0.0344,1.0,0.0344,8.45,1.18,46600.0,1100.0,45.3,3
2016,10,7,130.7953,30.9365,0.229,1.0,0.229,9.28,1.48,426000.0,10100.0,674.0,3
2016,10,8,127.4796,30.6806,0.0841,1.0,0.0841,7.37,1.2,101000.0,2380.0,116.0,3
2016,10,10,127.6501,29.7157,0.251,1.0,0.251,7.7,2.07,544000.0,12900.0,906.0,3
2016,10,14,130.069,31.6273,0.123,1.0,0.123,11.6,1.93,373000.0,8820.0,572.0,3
2016,10,15,136.0846,33.2152,0.0924,1.0,0.0924,12.5,2.95,465000.0,11000.0,748.0,3
2016,10,16,138.5257,34.405,0.101,1.0,0.101,7.25,2.78,276000.0,6540.0,397.0,3
2016,10,16,138.5526,34.6968,0.392,1.0,0.392,7.25,2.78,1070000.0,25400.0,2080.0,3
2016,7,24,131.4206,35.1495,0.173,1.0,0.173,3.07,0.259,18700.0,442.0,14.8,3
2016,7,25,133.969,36.4135,0.541,1.0,0.541,7.19,0.496,262000.0,6200.0,371.0,3
2016,7,27,135.1793,36.4269,3.13,1.0,3.13,2.17,0.192,177000.0,4190.0,231.0,3
2016,7,30,136.6802,37.4768,0.988,1.0,0.988,0.309,0.241,10000.0,237.0,6.94,3
2016,7,30,137.1226,38.4446,3.09,1.0,3.09,1.07,0.319,144000.0,3400.0,179.0,3
2016,7,31,137.8284,40.1458,8.78,1.0,8.78,0.81,0.247,238000.0,5640.0,331.0,3
2016,7,31,137.814,40.1607,7.0,1.0,7.0,0.81,0.247,190000.0,4500.0,251.0,3
2016,7,31,138.2258,40.9417,25.3,1.0,25.3,1.22,0.25,1050000.0,24900.0,2020.0,3
2016,8,1,138.3883,41.7505,0.775,1.0,0.775,4.8,0.375,190000.0,4490.0,251.0,3
2016,8,1,138.5334,42.5298,12.9,1.0,12.9,3.92,0.481,3300000.0,78200.0,8180.0,3
2016,8,1,138.5584,42.5265,7.42,1.0,7.42,3.92,0.481,1900000.0,45000.0,4170.0,3
2016,8,1,139.2378,43.16,1.91,1.0,1.91,2.36,0.454,278000.0,6580.0,400.0,3
2016,8,2,140.5422,41.572,2.51,1.0,2.51,2.5,0.369,315000.0,7460.0,466.0,3
2015,7,12,138.9858,34.5158,10.8,1.0,10.8,4.73,1.91,13200000.0,313000.0,44500.0,3
2015,7,13,136.7218,33.0958,0.432,1.0,0.432,3.27,2.07,397000.0,9400.0,617.0,3
2015,7,13,136.705,32.7496,1.13,1.0,1.13,5.57,2.26,1940000.0,45800.0,4270.0,3
2015,7,14,133.8693,31.8235,0.256,1.0,0.256,7.28,3.5,885000.0,20900.0,1640.0,3
2015,7,14,132.3384,31.3799,0.279,1.0,0.279,6.65,3.33,839000.0,19800.0,1540.0,3
2015,7,14,131.8204,31.1672,1.28,1.0,1.28,5.64,1.31,1280000.0,30300.0,2570.0,3
2015,7,15,135.571,30.4465,0.0286,1.0,0.0286,16.5,7.73,496000.0,11700.0,809.0,3
2015,7,16,129.8882,32.3495,0.0235,1.0,0.0235,10.9,1.68,58200.0,1380.0,59.3,3
2015,7,16,130.0084,32.6281,0.493,1.0,0.493,8.03,0.961,517000.0,12200.0,851.0,3
2015,7,18,129.9203,32.5986,2.24,1.0,2.24,5.65,1.24,2140000.0,50500.0,4810.0,3
2015,7,18,129.5832,32.7631,0.125,1.0,0.125,5.65,1.24,119000.0,2820.0,142.0,3
2015,7,18,129.3016,33.3095,1.62,1.0,1.62,4.85,0.00198,2110.0,50.0,1.04,3
2015,7,19,129.7361,33.4952,1.55,1.0,1.55,6.51,0.00894,12300.0,290.0,8.87,3
2015,7,19,129.8643,33.6255,0.514,1.0,0.514,6.51,0.00894,4070.0,96.2,2.31,3
2015,7,19,130.1584,33.7329,2.4,1.0,2.4,5.16,0.0,19000.0,449.0,15.1,3
2015,7,25,133.3183,35.6858,0.0881,1.0,0.0881,2.17,0.0,697.0,16.5,0.268,3
2015,7,26,134.5942,35.8049,0.151,1.0,0.151,4.14,0.0,1190.0,28.3,0.518,3
2015,7,26,135.6308,35.7477,1.09,1.0,1.09,3.35,0.0,8620.0,204.0,5.77,3
2015,7,26,136.1718,36.4604,0.102,1.0,0.102,3.03,0.0,807.0,19.1,0.321,3
2015,7,31,138.5327,38.3498,4.89,1.0,4.89,5.48,0.352,1280000.0,30300.0,2570.0,3
2015,7,31,138.1695,39.2995,0.831,1.0,0.831,6.84,0.66,510000.0,12100.0,839.0,3
2015,8,1,137.9955,39.6138,0.343,1.0,0.343,2.48,0.334,38600.0,914.0,36.0,3
2015,8,1,137.9261,40.4414,1.04,1.0,1.04,2.07,0.381,111000.0,2640.0,131.0,3
2015,8,1,138.3738,40.8783,3.59,1.0,3.59,2.34,0.441,503000.0,11900.0,825.0,3
2015,8,2,138.6935,40.656,0.952,1.0,0.952,1.35,0.173,30200.0,715.0,26.6,3
2015,8,2,139.4182,40.6842,0.666,1.0,0.666,0.972,0.195,17100.0,406.0,13.4,3
2015,8,6,141.3855,41.539,0.138,1.0,0.138,5.5,0.587,60600.0,1430.0,62.3,3
2015,8,6,141.941,40.8126,6.12,1.0,6.12,2.59,0.0,2690000.0,63600.0,6360.0,3
2015,8,7,141.9077,40.4177,2.11,1.0,2.11,4.99,0.0,926000.0,21900.0,1740.0,3
2015,8,7,142.4786,39.7169,0.0,1.0,0.0,9.29,1.55,0.0,0.0,0.0,3
2015,8,7,142.5071,38.8158,0.206,1.0,0.206,10.1,1.42,400000.0,9460.0,623.0,3
2015,10,5,140.1138,34.9074,0.139,1.0,0.139,10.1,2.53,485000.0,11500.0,787.0,3
2015,10,5,140.306,34.9617,0.0538,1.0,0.0538,10.1,2.53,188000.0,4440.0,247.0,3
2015,7,18,131.3462,34.7402,2.72,1.0,2.72,1.95,0.44,317000.0,7490.0,468.0,3
2015,7,18,132.037,35.3327,1.36,1.0,1.36,1.18,0.923,201000.0,4770.0,270.0,3
2015,7,19,134.477,35.8582,1.64,1.0,1.64,3.58,0.0,243000.0,5750.0,339.0,3
2015,7,20,135.9802,36.4969,3.75,1.0,3.75,5.96,0.399,1210000.0,28600.0,2400.0,3
2015,7,20,136.0486,37.3608,0.0,1.0,0.0,4.25,0.234,0.0,0.0,0.0,3
2015,7,21,136.0824,37.7669,0.113,1.0,0.113,6.65,0.433,44200.0,1050.0,42.4,3
2015,7,21,137.6897,38.5306,5.89,1.0,5.89,3.26,0.169,440000.0,10400.0,700.0,3
2015,7,21,137.819,39.0378,21.5,1.0,21.5,2.49,0.111,809000.0,19200.0,1470.0,3
2015,7,22,137.8715,39.545,5.72,1.0,5.72,4.1,0.496,1580000.0,37400.0,3330.0,3
2015,7,22,138.1334,40.7339,3.82,1.0,3.82,3.86,0.239,479000.0,11300.0,776.0,3
2015,7,22,139.1116,40.9068,0.634,1.0,0.634,3.35,0.142,40900.0,969.0,38.6,3
2015,7,22,139.1273,40.9183,1.65,1.0,1.65,3.35,0.142,107000.0,2520.0,124.0,3
2015,7,25,141.4264,41.5567,25.6,1.0,25.6,2.13,0.185,1370000.0,32400.0,2790.0,3
2015,7,25,142.4993,41.3393,4.34,1.0,4.34,0.332,0.659,129000.0,3060.0,157.0,3
2015,7,26,142.7707,41.1316,27.4,1.0,27.4,0.639,0.85,2020000.0,47800.0,4490.0,3
2015,7,26,142.9002,39.9291,87.2,1.0,87.2,2.13,0.866,21800000.0,517000.0,82000.0,3
2015,7,26,142.5191,39.6358,1.23,1.0,1.23,2.13,0.866,308000.0,7290.0,453.0,3
2015,7,30,142.3784,39.2464,0.113,1.0,0.113,1.74,1.17,31200.0,739.0,27.8,3
2015,7,30,142.114,38.3897,3.33,1.0,3.33,1.51,1.24,844000.0,20000.0,1550.0,3
2015,8,2,141.4279,38.1186,0.131,1.0,0.131,1.95,0.232,8050.0,190.0,5.31,3
2015,8,2,141.4181,37.4722,1.59,1.0,1.59,4.46,0.00946,9120.0,216.0,6.18,3
2015,8,2,141.165,36.7564,1.02,1.0,1.02,3.81,1.11,587000.0,13900.0,994.0,3
2015,8,8,140.778,36.2732,2.48,1.0,2.48,5.4,0.0,1430000.0,33700.0,2940.0,3
2015,8,8,141.321,36.232,0.224,1.0,0.224,4.89,1.4,209000.0,4930.0,281.0,3
2015,8,8,141.4856,35.795,0.0683,1.0,0.0683,5.56,1.52,78600.0,1860.0,85.6,3
2015,8,17,139.6169,35.0456,0.111,1.0,0.111,7.99,0.0,128000.0,3020.0,155.0,3
2015,8,19,134.6198,33.1912,1.13,1.0,1.13,4.37,1.22,821000.0,19400.0,1500.0,3
2015,8,19,133.5608,32.8164,2.37,1.0,2.37,5.11,1.3,2140000.0,50600.0,4810.0,3
2015,8,19,132.8701,32.6203,1.87,1.0,1.87,4.98,1.25,1580000.0,37400.0,3330.0,3
2015,8,23,130.5744,34.1859,2.78,1.0,2.78,4.48,0.449,760000.0,18000.0,1360.0,3
2015,8,23,129.8529,34.5819,0.952,1.0,0.952,5.27,0.673,459000.0,10900.0,737.0,3
2015,8,24,129.4827,34.1219,0.109,1.0,0.109,12.7,2.9,546000.0,12900.0,911.0,3
2015,9,2,132.2893,32.6146,1.4,1.0,1.4,3.04,0.855,494000.0,11700.0,807.0,3
2015,9,3,133.2572,29.7778,0.793,1.0,0.793,5.24,1.1,622000.0,14700.0,1070.0,3
2015,9,3,133.2668,29.7644,0.164,1.0,0.164,5.24,1.1,129000.0,3050.0,156.0,3
2015,9,3,133.2726,29.7565,3.14,1.0,3.14,5.24,1.1,2460000.0,58300.0,5730.0,3
2015,9,12,134.9828,33.974,0.228,1.0,0.228,4.66,1.18,170000.0,4020.0,219.0,3
2015,9,12,135.6127,33.3351,0.39,1.0,0.39,3.96,1.26,264000.0,6250.0,375.0,3
2015,9,13,138.3658,34.2905,1.04,1.0,1.04,2.66,1.06,397000.0,9400.0,618.0,3
2015,11,6,136.2921,33.6445,0.455,1.0,0.455,6.28,1.77,688000.0,16300.0,1210.0,3
2015,11,6,135.213,33.2393,4.5,1.0,4.5,4.97,1.65,5010000.0,119000.0,13600.0,3
2015,11,6,134.808,33.1888,3.7,1.0,3.7,3.99,1.54,3090000.0,73000.0,7530.0,3
2015,11,7,132.1993,33.0723,0.132,1.0,0.132,5.29,0.541,51300.0,1210.0,50.9,3
2015,12,12,135.7509,33.3055,0.0434,1.0,0.0434,7.92,1.54,72000.0,1700.0,76.9,3
2015,12,13,139.5173,35.1117,0.0433,1.0,0.0433,4.07,0.0,71900.0,1700.0,76.7,3
2014,7,20,130.3638,34.2764,0.543,1.0,0.543,1.34,0.043,4250.0,101.0,2.44,3
2014,7,20,130.4098,34.9836,0.674,1.0,0.674,1.34,0.043,5280.0,125.0,3.17,3
2014,7,21,130.6708,35.1739,0.549,1.0,0.549,2.71,0.0913,18500.0,438.0,14.6,3
2014,7,21,131.0957,36.2579,0.17,1.0,0.17,4.45,0.106,10900.0,257.0,7.66,3
2014,7,21,131.8873,36.248,0.141,1.0,0.141,4.45,0.106,9020.0,213.0,6.1,3
2014,7,21,131.9062,36.2378,0.193,1.0,0.193,4.45,0.106,12300.0,292.0,8.95,3
2014,7,22,132.3948,36.3773,0.239,1.0,0.239,8.52,0.752,208000.0,4920.0,280.0,3
2014,7,22,132.4028,37.5551,0.106,1.0,0.106,9.75,1.32,185000.0,4380.0,243.0,3
2014,7,22,132.9897,37.5574,0.155,1.0,0.155,9.75,1.32,271000.0,6410.0,387.0,3
2014,7,23,133.2104,37.6795,0.12,1.0,0.12,6.6,1.09,118000.0,2780.0,140.0,3
2014,7,23,134.6378,37.3952,0.149,1.0,0.149,7.17,1.12,162000.0,3840.0,207.0,3
2014,7,23,135.4135,37.4103,0.0786,1.0,0.0786,7.34,1.06,83100.0,1970.0,91.6,3
2014,7,24,135.9111,37.5913,0.248,1.0,0.248,2.5,0.537,45200.0,1070.0,43.6,3
2014,7,24,136.7835,37.5118,2.21,1.0,2.21,1.57,0.551,260000.0,6160.0,369.0,3
2014,7,26,137.6737,37.9622,0.0866,1.0,0.0866,5.38,0.438,27800.0,657.0,24.1,3
2014,7,26,138.1717,38.6846,3.96,1.0,3.96,6.03,0.51,1650000.0,39200.0,3520.0,3
2014,7,27,138.7907,39.0023,0.138,1.0,0.138,6.65,1.47,183000.0,4340.0,241.0,3
2014,7,28,140.3166,41.4171,0.738,1.0,0.738,4.0,1.15,463000.0,11000.0,746.0,3
2014,7,30,141.5545,41.4831,0.258,1.0,0.258,2.63,0.227,20900.0,495.0,17.0,3
2014,7,30,141.9879,40.7893,0.124,1.0,0.124,4.11,0.0,10100.0,238.0,6.96,3
2014,8,1,141.8661,38.133,2.42,1.0,2.42,3.3,0.35,380000.0,8990.0,585.0,3
2014,8,4,140.7945,35.5013,0.0302,1.0,0.0302,9.64,1.63,64500.0,1530.0,67.2,3
2014,7,17,133.5914,33.0165,0.06,1.0,0.06,2.06,0.463,7770.0,184.0,5.09,3
2014,7,17,132.8046,32.4557,30.6,1.0,30.6,2.63,0.648,7090000.0,168000.0,20800.0,3
2014,7,18,131.408,31.1392,70.4,1.0,70.4,1.54,0.355,5220000.0,123000.0,14300.0,3
2014,7,18,130.1569,31.1576,3.37,1.0,3.37,1.07,0.492,241000.0,5700.0,335.0,3
2014,7,18,129.5291,31.482,1.97,1.0,1.97,1.39,0.547,203000.0,4810.0,273.0,3
2014,7,30,136.1286,37.1268,2.06,1.0,2.06,1.59,0.188,83300.0,1970.0,91.9,3
2014,7,30,136.2198,37.9117,1.94,1.0,1.94,1.59,0.188,78400.0,1860.0,85.4,3
2014,7,31,136.2575,38.0124,0.569,1.0,0.569,1.88,0.0762,11100.0,263.0,7.86,3
2014,7,31,135.2897,38.8632,15.8,1.0,15.8,1.47,0.0754,238000.0,5640.0,331.0,3
2014,7,31,135.6667,39.4664,0.803,1.0,0.803,2.64,0.11,31700.0,750.0,28.3,3
2014,8,1,135.8995,39.4306,2.88,1.0,2.88,3.17,0.202,251000.0,5930.0,352.0,3
2014,8,1,136.9035,40.4886,5.58,1.0,5.58,3.71,0.281,792000.0,18700.0,1430.0,3
2014,8,1,137.6901,40.8399,18.0,1.0,18.0,3.39,0.258,2140000.0,50700.0,4830.0,3
2014,8,2,137.7089,40.9588,2.47,1.0,2.47,1.67,0.17,95200.0,2250.0,108.0,3
2014,8,2,138.9246,41.1839,4.68,1.0,4.68,0.321,0.217,44200.0,1050.0,42.4,3
2014,8,2,139.9696,40.948,2.17,1.0,2.17,2.21,0.198,129000.0,3050.0,156.0,3
2014,8,6,141.5103,41.483,9.52,1.0,9.52,2.32,0.375,1120000.0,26600.0,2200.0,3
2014,8,6,142.7835,41.2553,0.112,1.0,0.112,2.88,0.767,33600.0,795.0,30.3,3
2014,8,7,143.2608,39.0136,0.0307,1.0,0.0307,8.71,1.56,56800.0,1340.0,57.6,3
2014,8,7,143.7271,38.1297,0.0974,1.0,0.0974,8.13,1.55,167000.0,3940.0,214.0,3
2014,8,7,143.703,38.1217,0.102,1.0,0.102,8.13,1.55,174000.0,4130.0,226.0,3
2014,8,8,142.1097,36.0049,0.171,1.0,0.171,3.69,2.22,190000.0,4500.0,251.0,3
2014,8,21,131.4441,31.3739,0.0868,1.0,0.0868,4.23,0.56,27900.0,661.0,24.2,3
2014,8,22,128.9664,30.4518,1.55,1.0,1.55,2.48,0.854,447000.0,10600.0,713.0,3
2014,8,22,128.2083,30.4487,1.26,1.0,1.26,2.48,0.854,363000.0,8590.0,554.0,3
2014,8,23,127.4988,30.0288,1.79,1.0,1.79,3.47,0.689,582000.0,13800.0,985.0,3
2014,8,23,127.226,29.3261,2.01,1.0,2.01,2.83,0.709,548000.0,13000.0,915.0,3
2014,8,24,126.6297,29.4993,1.24,1.0,1.24,5.11,0.702,605000.0,14300.0,1030.0,3
2014,8,25,127.3437,31.3846,0.408,1.0,0.408,6.95,1.01,391000.0,9240.0,605.0,3
2014,8,31,129.5083,32.8722,3.33,1.0,3.33,5.21,0.345,813000.0,19200.0,1480.0,3
2014,9,2,130.0057,33.7175,2.56,1.0,2.56,3.91,0.0,625000.0,14800.0,1070.0,3
2014,8,8,142.4444,36.411,4.02,1.0,4.02,3.69,2.22,4470000.0,106000.0,11800.0,3
2014,8,8,141.5092,35.6565,0.914,1.0,0.914,4.25,2.23,1180000.0,27900.0,2330.0,3
2014,7,19,129.812,33.6551,491.0,1.0,491.0,0.281,0.000715,13400.0,317.0,9.9,3
2011,8,30,8.7295,42.5855,0.0,1.0,0.0,0.0,0.597,0.0,0.0,0.0,4
2011,8,31,8.7295,42.5855,0.08,1.0,0.08,0.0,0.402,2.19,0.0517,0.000237,4
2011,9,1,8.7295,42.5855,1.16,1.0,1.16,0.0,0.528,31.7,0.75,0.00618,4
2011,9,2,8.7295,42.5855,0.06,1.0,0.06,0.0,0.477,1.64,0.0388,0.000167,4
2011,9,4,8.7295,42.5855,0.0,1.0,0.0,0.0,0.606,0.0,0.0,0.0,4
2011,9,6,8.7295,42.5855,0.0,1.0,0.0,0.0,1.15,0.0,0.0,0.0,4
2011,9,8,8.7295,42.5855,0.0,1.0,0.0,0.0,1.05,0.0,0.0,0.0,4
2011,9,20,8.7295,42.5855,0.34,1.0,0.34,0.0,1.81,9.29,0.22,0.00138,4
2011,9,30,8.7295,42.5855,1.8,1.0,1.8,0.0,0.372,49.2,1.16,0.0106,4
2011,10,4,8.7295,42.5855,0.19,1.0,0.19,0.0,0.0554,5.19,0.123,0.00068,4
2011,10,18,8.7295,42.5855,0.24,1.0,0.24,0.0,0.267,6.56,0.155,0.000904,4
2011,11,2,8.7295,42.5855,0.12,1.0,0.12,0.0,0.103,3.28,0.0776,0.000388,4
2011,11,16,8.7295,42.5855,0.1,1.0,0.1,0.0,0.346,2.73,0.0647,0.000311,4
2011,12,6,8.7295,42.5855,0.08,1.0,0.08,0.0,2.87,2.19,0.0517,0.000237,4
2011,12,12,8.7295,42.5855,0.02,1.0,0.02,0.0,1.42,0.546,0.0129,4.36e-05,4
2012,1,4,8.7295,42.5855,0.04,1.0,0.04,0.0,1.64,1.09,0.0259,0.000102,4
2012,1,16,8.7295,42.5855,0.0,1.0,0.0,0.0,0.824,0.0,0.0,0.0,4
2012,2,8,8.7295,42.5855,0.0,1.0,0.0,0.0,1.57,0.0,0.0,0.0,4
2012,2,20,8.7295,42.5855,0.03,1.0,0.03,0.0,0.615,0.82,0.0194,7.16e-05,4
2012,3,16,8.7295,42.5855,0.0,1.0,0.0,0.0,0.1,0.0,0.0,0.0,4
2012,3,26,8.7295,42.5855,0.05,1.0,0.05,0.0,0.245,1.37,0.0323,0.000133,4
2012,4,10,8.7295,42.5855,2.45,1.0,2.45,0.0,0.888,66.9,1.58,0.0154,4
2012,4,16,8.7295,42.5855,0.0,1.0,0.0,0.0,0.943,0.0,0.0,0.0,4
2012,4,24,8.7295,42.5855,0.0,1.0,0.0,0.0,1.61,0.0,0.0,0.0,4
2012,5,8,8.7295,42.5855,0.03,1.0,0.03,0.0,0.729,0.82,0.0194,7.16e-05,4
2012,5,24,8.7295,42.5855,0.1,1.0,0.1,0.0,0.612,2.73,0.0647,0.000311,4
2012,6,4,8.7295,42.5855,0.1,1.0,0.1,0.0,1.02,2.73,0.0647,0.000311,4
2012,6,20,8.7295,42.5855,0.01,1.0,0.01,0.0,0.403,0.273,0.00647,1.87e-05,4
2012,7,10,8.7295,42.5855,0.05,1.0,0.05,0.0,0.216,1.37,0.0323,0.000133,4
2012,7,24,8.7295,42.5855,0.24,1.0,0.24,0.0,0.87,6.56,0.155,0.000904,4
2012,8,8,8.7295,42.5855,0.08,1.0,0.08,0.0,0.495,2.19,0.0517,0.000237,4
2011,6,5,-27.33,51.15,0.00117,1.0,0.00117,5.36,0.994,847.0,20.0,0.34,5
2011,6,4,-23.68,49.47,0.0278,1.0,0.0278,3.93,1.25,18600.0,440.0,14.7,5
2011,8,15,-44.83,45.58,0.00108,1.0,0.00108,5.47,1.17,936.0,22.2,0.385,5
2011,8,15,-43.72,45.32,0.0185,1.0,0.0185,5.64,1.21,17200.0,407.0,13.4,5
2011,8,16,-41.58,44.8,0.00736,1.0,0.00736,2.96,1.02,3030.0,71.8,1.61,5
2011,8,16,-40.65,44.47,0.0036,1.0,0.0036,3.25,1.06,1680.0,39.8,0.786,5
2011,9,5,-13.52,44.23,0.00631,1.0,0.00631,6.99,2.83,16900.0,401.0,13.1,5
2011,8,17,-37.65,43.57,0.104,1.0,0.104,3.82,0.867,46800.0,1110.0,45.4,5
2011,4,8,-14.73,41.57,0.0416,1.0,0.0416,9.02,2.3,117000.0,2770.0,139.0,5
2011,4,7,-17.14,41.24,0.0,1.0,0.0,8.79,2.84,0.0,0.0,0.0,5
2011,4,6,-21.81,41.01,0.0339,1.0,0.0339,7.23,3.21,107000.0,2530.0,124.0,5
2011,4,5,-26.25,40.07,0.0,1.0,0.0,9.73,2.69,0.0,0.0,0.0,5
2011,9,2,-25.37,39.77,0.0401,1.0,0.0401,5.06,1.77,48700.0,1150.0,47.7,5
2011,8,19,-31.3,39.47,0.0756,1.0,0.0756,3.0,0.821,25300.0,599.0,21.5,5
2011,4,4,-30.7,39.13,0.0381,1.0,0.0381,9.12,2.13,100000.0,2380.0,115.0,5
2011,9,1,-27.42,38.75,0.0917,1.0,0.0917,8.14,2.19,222000.0,5250.0,303.0,5
2011,4,3,-34.86,37.78,0.0578,1.0,0.0578,7.04,2.14,118000.0,2800.0,141.0,5
2011,4,2,-39.02,36.43,0.0366,1.0,0.0366,6.02,2.24,67000.0,1590.0,70.5,5
2012,10,13,-15.0,34.7,0.00825,1.0,0.00825,4.39,1.71,8400.0,199.0,5.59,5
2011,4,1,-43.35,34.68,0.359,1.0,0.359,7.24,2.52,889000.0,21000.0,1650.0,5
2011,3,31,-46.79,33.13,0.0155,1.0,0.0155,5.94,3.38,42200.0,999.0,40.1,5
2011,7,11,-14.61,32.91,0.0596,1.0,0.0596,7.34,1.67,99100.0,2340.0,114.0,5
2011,7,10,-17.27,32.08,0.163,1.0,0.163,7.4,1.91,313000.0,7410.0,462.0,5
2011,3,30,-50.48,31.62,0.489,1.0,0.489,10.4,3.34,2300000.0,54500.0,5270.0,5
2011,7,9,-20.65,30.97,0.0118,1.0,0.0118,8.43,2.22,30000.0,711.0,26.5,5
2011,7,8,-23.69,29.97,0.0175,1.0,0.0175,7.95,2.03,38400.0,909.0,35.8,5
2010,12,19,-17.29,29.68,0.0611,1.0,0.0611,8.3,2.24,154000.0,3650.0,195.0,5
2011,3,29,-53.68,29.01,0.38,1.0,0.38,7.14,1.81,666000.0,15800.0,1160.0,5
2011,7,7,-26.95,28.87,0.0424,1.0,0.0424,9.18,2.04,108000.0,2550.0,126.0,5
2011,7,6,-29.65,27.97,0.0696,1.0,0.0696,9.0,1.87,159000.0,3760.0,202.0,5
2011,7,5,-32.84,26.91,0.036,1.0,0.036,8.0,1.75,68600.0,1620.0,72.5,5
2011,3,28,-56.3,26.53,0.085,1.0,0.085,4.38,1.5,76000.0,1800.0,82.2,5
2011,7,4,-35.26,26.11,0.344,1.0,0.344,7.15,1.64,548000.0,13000.0,916.0,5
2010,12,21,-21.06,24.98,0.00611,1.0,0.00611,5.97,3.01,14900.0,353.0,11.3,5
2011,7,3,-38.71,24.84,0.0364,1.0,0.0364,7.92,2.16,84600.0,2000.0,93.6,5
2011,7,2,-41.9,23.74,0.0123,1.0,0.0123,8.5,2.03,28900.0,683.0,25.2,5
2010,12,22,-22.22,23.27,0.0396,1.0,0.0396,5.78,2.78,86400.0,2050.0,96.1,5
2011,7,1,-44.53,22.86,0.0334,1.0,0.0334,9.07,1.79,73800.0,1750.0,79.3,5
2011,3,26,-62.48,22.41,0.00927,1.0,0.00927,3.61,1.18,5360.0,127.0,3.23,5
2011,5,14,-155.66,21.89,0.45,1.0,0.45,7.2,1.85,815000.0,19300.0,1490.0,5
2011,6,30,-47.79,21.74,0.0342,1.0,0.0342,7.97,1.58,58300.0,1380.0,59.5,5
2011,5,15,-153.42,21.57,0.103,1.0,0.103,5.97,2.0,167000.0,3960.0,215.0,5
2010,12,23,-23.45,21.45,0.0591,1.0,0.0591,5.17,2.69,112000.0,2640.0,131.0,5
2011,5,16,-150.32,21.06,0.0626,1.0,0.0626,7.27,1.99,123000.0,2910.0,148.0,5
2011,6,29,-50.14,20.8,0.029,1.0,0.029,8.32,1.86,60900.0,1440.0,62.7,5
2011,5,17,-148.27,20.78,0.0989,1.0,0.0989,7.87,2.06,218000.0,5160.0,297.0,5
2011,3,25,-65.25,20.47,0.0,1.0,0.0,5.22,1.35,0.0,0.0,0.0,5
2011,5,18,-145.2,20.34,0.0261,1.0,0.0261,8.08,2.63,75200.0,1780.0,81.1,5
2010,12,24,-24.25,20.26,0.0141,1.0,0.0141,7.26,2.45,34000.0,805.0,30.8,5
2011,6,28,-52.64,19.99,0.0,1.0,0.0,9.53,2.34,0.0,0.0,0.0,5
2011,5,19,-141.59,19.89,0.0167,1.0,0.0167,7.34,2.55,42500.0,1010.0,40.4,5
2011,5,20,-138.97,19.28,0.022,1.0,0.022,8.52,2.04,51900.0,1230.0,51.6,5
2011,3,24,-66.91,19.26,0.0102,1.0,0.0102,7.78,2.06,22200.0,525.0,18.3,5
2011,6,27,-55.15,19.0,0.00176,1.0,0.00176,10.1,2.39,5760.0,136.0,3.53,5
2011,5,21,-136.18,18.65,0.0,1.0,0.0,9.27,2.1,0.0,0.0,0.0,5
2011,6,26,-57.8,18.06,0.0,1.0,0.0,9.84,2.13,0.0,0.0,0.0,5
2011,5,22,-133.26,18.03,0.0,1.0,0.0,9.59,2.42,0.0,0.0,0.0,5
2011,6,25,-59.83,17.43,0.0273,1.0,0.0273,7.14,1.62,42800.0,1010.0,40.8,5
2011,5,23,-130.61,17.4,0.058,1.0,0.058,8.77,2.26,156000.0,3700.0,198.0,5
2011,5,24,-127.54,16.63,0.026,1.0,0.026,8.01,2.1,59500.0,1410.0,61.0,5
2010,12,25,-25.97,16.11,0.0,1.0,0.0,7.88,3.38,0.0,0.0,0.0,5
2011,5,25,-124.47,15.91,0.00648,1.0,0.00648,7.52,2.03,13400.0,317.0,9.89,5
2011,6,23,-67.01,15.53,0.0,1.0,0.0,9.09,2.4,0.0,0.0,0.0,5
2011,5,26,-122.0,15.31,0.028,1.0,0.028,7.14,2.15,58500.0,1380.0,59.7,5
2011,6,22,-69.3,15.07,0.0124,1.0,0.0124,10.5,2.33,41000.0,971.0,38.7,5
2011,5,6,-160.82,15.0,0.0,1.0,0.0,9.35,3.04,0.0,0.0,0.0,5
2011,5,27,-118.78,14.54,0.0415,1.0,0.0415,4.46,2.24,56400.0,1330.0,57.0,5
2010,12,26,-26.0,14.52,0.0115,1.0,0.0115,5.29,3.35,27700.0,654.0,23.9,5
2011,5,28,-115.76,13.8,0.14,1.0,0.14,4.0,2.17,165000.0,3900.0,211.0,5
2011,5,29,-113.26,13.21,0.168,1.0,0.168,2.54,2.17,126000.0,2980.0,152.0,5
2010,12,27,-25.99,12.5,0.0221,1.0,0.0221,6.41,2.77,53200.0,1260.0,53.2,5
2011,5,30,-110.39,12.5,0.0729,1.0,0.0729,2.64,2.81,73600.0,1740.0,78.9,5
2011,5,31,-108.08,12.0,0.0785,1.0,0.0785,5.69,3.15,191000.0,4530.0,253.0,5
2011,5,5,-162.42,11.6,0.0158,1.0,0.0158,8.9,2.96,56500.0,1340.0,57.2,5
2011,6,1,-105.01,11.35,0.0305,1.0,0.0305,4.73,3.03,59400.0,1400.0,60.8,5
2011,6,2,-102.44,10.76,0.0,1.0,0.0,4.12,2.59,0.0,0.0,0.0,5
2011,6,3,-99.25,10.09,0.276,1.0,0.276,5.14,2.52,486000.0,11500.0,791.0,5
2010,12,28,-25.99,9.56,0.01,1.0,0.01,7.08,2.47,23800.0,562.0,19.9,5
2011,6,4,-96.35,9.45,0.074,1.0,0.074,5.31,2.34,125000.0,2960.0,151.0,5
2011,5,4,-163.5,9.2,0.0199,1.0,0.0199,8.91,2.7,65100.0,1540.0,68.0,5
2011,6,5,-93.15,8.75,0.0,1.0,0.0,5.22,2.22,0.0,0.0,0.0,5
2011,6,6,-90.37,8.14,0.0276,1.0,0.0276,6.52,2.2,53700.0,1270.0,53.8,5
2010,12,29,-26.0,7.32,0.0,1.0,0.0,7.73,2.36,0.0,0.0,0.0,5
2011,6,7,-87.96,7.22,0.0231,1.0,0.0231,5.55,2.3,40000.0,947.0,37.6,5
2011,5,3,-164.38,7.0,0.00759,1.0,0.00759,8.71,2.79,25100.0,593.0,21.2,5
2011,6,8,-84.79,5.91,0.0,1.0,0.0,3.97,2.36,0.0,0.0,0.0,5
2010,12,30,-26.0,4.99,0.0,1.0,0.0,6.79,2.05,0.0,0.0,0.0,5
2011,5,2,-165.77,3.75,0.0226,1.0,0.0226,9.59,2.69,79300.0,1880.0,86.6,5
2010,12,31,-26.01,2.46,0.0899,1.0,0.0899,7.41,2.07,188000.0,4440.0,247.0,5
2011,5,1,-166.85,1.6,0.0,1.0,0.0,7.68,2.47,0.0,0.0,0.0,5
2011,1,1,-26.02,0.18,0.0,1.0,0.0,6.94,2.0,0.0,0.0,0.0,5
2011,4,30,-168.35,-1.37,0.0,1.0,0.0,6.64,2.41,0.0,0.0,0.0,5
2011,1,2,-27.33,-3.03,0.00577,1.0,0.00577,6.22,2.35,11400.0,271.0,8.16,5
2011,4,29,-169.46,-3.41,0.0,1.0,0.0,7.93,2.68,0.0,0.0,0.0,5
2011,1,3,-28.17,-4.78,0.032,1.0,0.032,6.26,2.3,62600.0,1480.0,64.8,5
2011,4,28,-170.75,-5.75,0.0,1.0,0.0,8.04,2.83,0.0,0.0,0.0,5
2011,4,27,-171.47,-7.04,0.0,1.0,0.0,7.75,2.56,0.0,0.0,0.0,5
2011,1,4,-29.32,-7.28,0.0228,1.0,0.0228,6.98,2.25,48700.0,1150.0,47.7,5
2011,1,5,-30.19,-9.13,0.00158,1.0,0.00158,7.61,2.03,3310.0,78.4,1.8,5
2011,4,26,-172.35,-9.45,0.00612,1.0,0.00612,6.06,2.27,11400.0,271.0,8.16,5
2011,4,25,-172.64,-11.08,0.0,1.0,0.0,4.09,2.11,0.0,0.0,0.0,5
2011,1,6,-31.37,-11.64,0.0417,1.0,0.0417,7.57,1.79,76800.0,1820.0,83.2,5
2011,4,24,-173.37,-13.54,0.0591,1.0,0.0591,5.29,2.0,84900.0,2010.0,94.0,5
2011,1,7,-32.38,-13.74,0.00747,1.0,0.00747,8.31,1.97,16600.0,394.0,12.9,5
2011,1,8,-33.4,-15.83,0.0,1.0,0.0,7.74,2.43,0.0,0.0,0.0,5
2011,4,23,-174.5,-15.91,0.0349,1.0,0.0349,5.27,2.05,51200.0,1210.0,50.7,5
2011,1,9,-34.64,-18.42,0.0473,1.0,0.0473,5.16,2.45,81100.0,1920.0,89.0,5
2011,4,22,-175.83,-18.57,0.0116,1.0,0.0116,4.66,2.39,17500.0,415.0,13.7,5
2011,4,21,-176.93,-20.66,0.0471,1.0,0.0471,6.68,2.96,126000.0,2990.0,153.0,5
2011,1,10,-35.97,-21.09,0.00677,1.0,0.00677,6.52,1.98,11900.0,281.0,8.52,5
2011,1,11,-36.92,-22.95,0.0632,1.0,0.0632,10.4,1.95,175000.0,4140.0,227.0,5
2011,4,20,-178.21,-23.38,0.0,1.0,0.0,8.25,3.15,0.0,0.0,0.0,5
2011,1,19,-36.22,-24.32,0.233,1.0,0.233,3.39,0.947,102000.0,2400.0,117.0,5
2011,1,20,-33.46,-24.81,0.159,1.0,0.159,4.67,1.65,166000.0,3930.0,213.0,5
2011,1,21,-30.07,-25.43,0.0282,1.0,0.0282,6.06,1.76,41000.0,970.0,38.7,5
2011,4,19,-179.52,-25.49,0.014,1.0,0.014,8.28,2.71,42600.0,1010.0,40.6,5
2011,1,22,-27.57,-25.87,0.076,1.0,0.076,6.56,1.76,119000.0,2810.0,142.0,5
2012,3,21,-105.4,-26.45,0.0112,1.0,0.0112,9.53,3.49,50600.0,1200.0,50.0,5
2011,1,23,-24.21,-26.46,0.324,1.0,0.324,7.5,1.71,565000.0,13400.0,949.0,5
2012,3,21,-107.13,-26.8,0.000206,1.0,0.000206,8.85,3.41,846.0,20.0,0.34,5
2011,1,24,-21.4,-26.94,0.466,1.0,0.466,5.74,1.72,623000.0,14800.0,1070.0,5
2013,3,1,-38.13,-26.95,0.0086,1.0,0.0086,3.86,2.06,9280.0,220.0,6.32,5
2012,3,21,-108.26,-27.04,0.0172,1.0,0.0172,8.79,3.37,69200.0,1640.0,73.2,5
2012,3,27,-109.6,-27.1,0.134,1.0,0.134,5.66,3.69,380000.0,8990.0,585.0,5
2012,3,20,-103.38,-27.12,0.176,1.0,0.176,11.3,3.87,1040000.0,24700.0,2010.0,5
2011,1,25,-18.09,-27.55,0.424,1.0,0.424,5.34,1.32,405000.0,9580.0,632.0,5
2011,2,25,63.25,-27.98,0.0267,1.0,0.0267,5.38,2.81,54900.0,1300.0,55.2,5
2011,1,26,-14.78,-28.13,0.671,1.0,0.671,4.25,1.3,502000.0,11900.0,823.0,5
2011,2,26,66.49,-28.14,0.38,1.0,0.38,4.36,3.32,748000.0,17700.0,1340.0,5
2011,4,18,179.14,-28.41,0.0,1.0,0.0,10.1,2.63,0.0,0.0,0.0,5
2011,1,27,-11.81,-28.65,0.823,1.0,0.823,4.92,2.13,1170000.0,27700.0,2300.0,5
2011,1,28,-9.14,-29.1,0.0814,1.0,0.0814,4.42,1.69,82400.0,1950.0,90.6,5
2011,2,27,69.39,-29.35,0.0953,1.0,0.0953,6.53,2.42,204000.0,4840.0,275.0,5
2011,2,28,72.43,-29.56,0.115,1.0,0.115,4.18,2.32,151000.0,3580.0,190.0,5
2011,3,7,96.37,-29.58,0.0419,1.0,0.0419,3.23,1.9,35000.0,828.0,31.9,5
2011,3,6,92.97,-29.65,0.0761,1.0,0.0761,5.31,2.06,113000.0,2670.0,133.0,5
2011,3,5,89.69,-29.69,0.0306,1.0,0.0306,7.39,1.85,56700.0,1340.0,57.5,5
2011,3,4,86.25,-29.75,0.231,1.0,0.231,7.16,1.72,387000.0,9160.0,599.0,5
2011,1,29,-5.31,-29.77,0.928,1.0,0.928,2.29,1.53,441000.0,10400.0,701.0,5
2011,3,3,82.62,-29.8,0.162,1.0,0.162,5.75,1.8,228000.0,5390.0,313.0,5
2011,3,2,79.84,-29.84,0.361,1.0,0.361,4.47,2.09,459000.0,10900.0,737.0,5
2011,3,1,76.08,-29.89,0.133,1.0,0.133,4.62,2.15,180000.0,4260.0,235.0,5
2011,3,8,99.99,-29.93,0.0327,1.0,0.0327,3.75,1.8,29900.0,708.0,26.3,5
2012,3,28,-102.5,-30.01,0.306,1.0,0.306,7.6,3.31,1050000.0,24800.0,2010.0,5
2011,2,24,61.42,-30.06,0.0785,1.0,0.0785,7.36,2.5,196000.0,4640.0,261.0,5
2011,1,30,-2.44,-30.26,0.905,1.0,0.905,2.79,1.33,457000.0,10800.0,732.0,5
2011,3,9,103.3,-30.33,0.0719,1.0,0.0719,4.41,2.38,103000.0,2430.0,119.0,5
2011,3,10,107.19,-30.8,0.0,1.0,0.0,6.82,2.94,0.0,0.0,0.0,5
2011,1,31,0.97,-30.88,0.814,1.0,0.814,3.57,0.974,385000.0,9100.0,594.0,5
2011,3,11,110.17,-31.15,0.0,1.0,0.0,9.67,3.75,0.0,0.0,0.0,5
2011,4,17,177.58,-31.23,0.00816,1.0,0.00816,11.1,2.22,27500.0,650.0,23.7,5
2011,2,1,3.75,-31.31,0.0201,1.0,0.0201,6.01,0.907,14900.0,353.0,11.2,5
2011,3,12,113.38,-31.54,0.00989,1.0,0.00989,11.8,3.83,60700.0,1440.0,62.4,5
2011,2,2,6.86,-31.83,0.0723,1.0,0.0723,6.59,1.61,104000.0,2470.0,121.0,5
2011,2,3,9.35,-32.22,0.0775,1.0,0.0775,6.86,2.86,206000.0,4880.0,278.0,5
2011,3,19,-78.82,-32.55,0.00822,1.0,0.00822,7.47,2.8,23300.0,552.0,19.5,5
2011,11,24,-78.3,-32.75,0.0168,1.0,0.0168,4.1,2.14,20000.0,473.0,16.1,5
2011,2,4,12.77,-32.81,0.00507,1.0,0.00507,5.05,1.95,6790.0,161.0,4.32,5
2011,3,19,-79.47,-32.89,0.000516,1.0,0.000516,6.29,2.61,1150.0,27.2,0.494,5
2011,2,19,43.23,-33.2,0.00621,1.0,0.00621,9.57,2.34,18900.0,448.0,15.1,5
2010,6,29,-78.0,-33.2,0.0506,1.0,0.0506,5.29,3.65,132000.0,3140.0,162.0,5
2011,2,5,15.34,-33.23,0.0106,1.0,0.0106,6.24,1.31,11800.0,278.0,8.42,5
2011,2,18,39.87,-33.56,0.0369,1.0,0.0369,7.8,2.11,82600.0,1950.0,90.9,5
2009,3,7,-79.75,-33.57,0.0351,1.0,0.0351,3.74,2.96,52800.0,1250.0,52.7,5
2011,1,14,-77.89,-33.65,0.0169,1.0,0.0169,3.1,2.78,19800.0,468.0,15.9,5
2011,2,17,37.03,-33.91,0.00706,1.0,0.00706,8.81,2.37,20000.0,474.0,16.2,5
2011,4,16,176.02,-34.06,0.0,1.0,0.0,9.97,2.07,0.0,0.0,0.0,5
2011,2,16,33.72,-34.18,0.00686,1.0,0.00686,9.13,2.16,18400.0,436.0,14.6,5
2011,3,19,-78.05,-34.22,0.00967,1.0,0.00967,5.51,2.51,18100.0,429.0,14.3,5
2009,3,1,-79.43,-34.29,0.0782,1.0,0.0782,9.0,2.67,255000.0,6040.0,360.0,5
2011,2,15,32.12,-34.44,0.13,1.0,0.13,8.67,1.75,268000.0,6340.0,382.0,5
2011,3,19,-78.7,-34.52,0.00239,1.0,0.00239,5.51,2.51,4480.0,106.0,2.6,5
2011,2,14,27.55,-34.84,0.0191,1.0,0.0191,9.34,1.69,40900.0,968.0,38.6,5
2011,2,13,25.54,-35.13,0.0656,1.0,0.0656,5.93,1.21,64100.0,1520.0,66.8,5
2011,3,19,117.4,-35.98,0.0,1.0,0.0,8.89,1.98,0.0,0.0,0.0,5
2011,3,20,120.84,-36.63,0.00828,1.0,0.00828,8.21,1.88,17400.0,412.0,13.6,5
2011,3,28,151.01,-36.64,0.00799,1.0,0.00799,7.24,1.53,12000.0,285.0,8.67,5
2011,3,21,124.82,-37.37,0.0,1.0,0.0,7.29,2.17,0.0,0.0,0.0,5
2011,3,22,127.75,-37.89,0.0,1.0,0.0,5.2,3.13,0.0,0.0,0.0,5
2011,3,23,131.5,-38.57,0.0,1.0,0.0,8.89,3.37,0.0,0.0,0.0,5
2011,3,27,150.42,-38.62,0.0217,1.0,0.0217,4.03,1.42,16900.0,399.0,13.1,5
2011,3,24,135.14,-39.23,0.00782,1.0,0.00782,9.34,2.93,29000.0,687.0,25.4,5
2013,2,13,-56.75,-39.77,0.0,1.0,0.0,5.72,0.639,0.0,0.0,0.0,5
2011,3,25,138.74,-39.87,0.0,1.0,0.0,6.58,2.99,0.0,0.0,0.0,5
2011,3,26,142.49,-40.54,0.0,1.0,0.0,4.78,2.89,0.0,0.0,0.0,5
2013,2,11,-62.27,-44.77,7e-05,1.0,7e-05,5.38,0.627,32.1,0.759,0.00627,5
2013,2,9,-64.07,-49.4,0.000122,1.0,0.000122,6.6,1.18,129.0,3.05,0.0342,5
2013,1,16,-58.9,-62.1,0.00572,1.0,0.00572,2.39,1.6,2980.0,70.4,1.58,5
2013,1,21,-60.0,-63.1,0.00932,1.0,0.00932,0.0,0.0,4850.0,115.0,2.86,5
2013,1,25,-62.0,-64.08,8.2e-05,1.0,8.2e-05,0.0,0.0,42.7,1.01,0.00888,5
2013,1,21,-62.82,-64.77,0.00179,1.0,0.00179,0.0,0.0,931.0,22.0,0.382,5
2013,1,22,-62.85,-64.88,0.00269,1.0,0.00269,0.0,0.0,1400.0,33.1,0.628,5
2013,5,3,-6.65,36.03,0.00205,0.94,0.00192,9.65,0.562,1410.0,33.5,0.636,6
2013,5,4,-5.55,35.95,0.565,0.94,0.529,0.0,0.0,390000.0,9230.0,604.0,6
2013,5,4,-4.19,36.12,4.27,0.94,4.0,4.91,0.338,901000.0,21300.0,1680.0,6
2013,5,5,-4.18,36.12,0.403,0.94,0.377,4.03,0.225,46500.0,1100.0,45.1,6
2013,5,5,-1.89,36.45,0.23,0.94,0.215,0.652,0.181,3460.0,81.8,1.89,6
2013,5,5,-1.25,37.24,1.38,0.94,1.29,3.92,0.216,148000.0,3510.0,186.0,6
2013,5,6,0.98,37.57,14.8,0.94,13.9,3.05,0.127,726000.0,17200.0,1290.0,6
2013,5,7,1.45,37.49,1.01,0.94,0.945,1.77,0.0432,9810.0,232.0,6.76,6
2013,5,8,5.56,38.53,2.04,0.94,1.91,1.63,0.155,65600.0,1550.0,68.6,6
2013,5,8,5.56,38.52,0.441,0.94,0.413,1.63,0.155,14200.0,335.0,10.6,6
2013,5,9,8.69,38.27,4.63,0.94,4.33,0.746,0.148,65100.0,1540.0,68.0,6
2013,5,10,12.68,37.12,0.018,0.94,0.0168,2.83,0.181,1170.0,27.7,0.504,6
2013,5,11,13.18,37.04,0.116,0.94,0.109,0.0,0.077,7530.0,178.0,4.89,6
2013,5,11,15.23,36.04,0.182,0.94,0.17,5.79,0.526,70500.0,1670.0,74.9,6
2013,5,12,18.29,35.12,0.289,0.94,0.271,5.43,0.604,121000.0,2860.0,144.0,6
2013,5,13,18.55,34.89,0.0115,0.94,0.0108,8.17,1.16,13900.0,329.0,10.4,6
2013,5,15,28.0,33.5,2.26,0.94,2.12,7.63,1.72,3780000.0,89500.0,9660.0,6
2013,5,15,28.08,33.47,1.99,0.94,1.86,7.63,1.72,3330000.0,78800.0,8270.0,6
2013,5,16,31.76,33.09,0.549,0.94,0.514,3.45,0.978,236000.0,5580.0,327.0,6
2013,5,17,31.98,33.22,0.827,0.94,0.774,1.53,0.468,75400.0,1780.0,81.3,6
2013,5,17,33.23,34.23,0.375,0.94,0.351,2.96,0.553,78100.0,1850.0,84.9,6
2013,5,19,25.47,35.38,1.79,0.94,1.68,4.74,0.0,373000.0,8820.0,572.0,6
2013,5,21,23.42,35.7,0.306,0.94,0.286,5.58,0.647,141000.0,3330.0,174.0,6
2013,5,21,20.81,36.4,0.216,0.94,0.202,4.9,0.699,94000.0,2220.0,106.0,6
2013,5,23,17.25,41.84,1.09,0.94,1.02,6.8,0.0,474000.0,11200.0,767.0,6
2013,5,25,18.83,40.23,0.0746,0.94,0.0698,8.95,0.0,32400.0,768.0,29.1,6
2013,5,25,18.7,39.07,0.0143,0.94,0.0134,6.98,0.855,10900.0,257.0,7.65,6
2013,5,25,18.51,37.8,1.03,0.94,0.964,5.97,1.06,827000.0,19600.0,1510.0,6
2013,5,26,15.5,37.82,0.0942,0.94,0.0882,4.2,0.0,75700.0,1790.0,81.7,6
2013,5,27,14.89,38.85,0.171,0.94,0.16,0.0,0.0,137000.0,3250.0,169.0,6
2013,5,27,12.51,39.83,0.302,0.94,0.283,5.48,0.603,127000.0,3000.0,154.0,6
2013,5,27,12.53,39.82,0.464,0.94,0.434,5.48,0.603,195000.0,4610.0,259.0,6
2013,5,29,7.45,41.33,0.0578,0.94,0.0541,6.54,0.985,47400.0,1120.0,46.2,6
2013,5,29,5.66,41.31,1.66,0.94,1.55,8.58,1.17,2120000.0,50100.0,4750.0,6
2013,5,29,5.66,41.32,1.25,0.94,1.17,8.58,1.17,1590000.0,37700.0,3360.0,6
2013,5,30,5.95,40.07,0.263,0.94,0.246,6.88,1.24,286000.0,6770.0,414.0,6
2013,5,30,5.93,40.08,0.517,0.94,0.484,6.88,1.24,562000.0,13300.0,944.0,6
2013,5,31,3.32,40.95,0.554,0.94,0.519,5.97,1.4,590000.0,14000.0,1000.0,6
2013,6,4,0.257,67.206,0.0328,1.0,0.0328,5.79,0.628,16200.0,383.0,12.5,7
2013,6,5,2.165,68.994,0.0459,1.0,0.0459,0.881,0.261,1440.0,34.0,0.648,7
2013,6,6,3.731,70.369,0.0192,1.0,0.0192,2.12,0.201,1110.0,26.4,0.475,7
2013,6,8,3.91,74.168,0.892,1.0,0.892,0.775,0.455,42700.0,1010.0,40.7,7
2013,6,9,2.087,76.072,0.751,1.0,0.751,8.32,1.21,1030000.0,24400.0,1970.0,7
2013,6,30,38.691,71.049,0.421,1.0,0.421,6.74,1.07,411000.0,9730.0,644.0,7
2013,7,2,44.136,72.604,1.58,1.0,1.58,3.99,0.369,316000.0,7480.0,467.0,7
2013,7,3,47.137,74.389,1.6,1.0,1.6,3.64,0.288,228000.0,5380.0,313.0,7
2013,7,4,51.927,75.952,0.203,1.0,0.203,2.24,0.268,16500.0,391.0,12.8,7
2013,7,5,58.474,77.582,2.11,1.0,2.11,4.1,0.768,903000.0,21400.0,1680.0,7
2013,7,13,65.405,77.756,0.508,1.0,0.508,2.8,0.641,124000.0,2930.0,149.0,7
2013,7,6,67.8,77.982,0.432,1.0,0.432,5.67,0.813,270000.0,6400.0,386.0,7
2013,7,14,71.746,77.912,0.457,1.0,0.457,6.8,0.865,365000.0,8640.0,558.0,7
2013,8,5,75.731,77.439,0.177,1.0,0.177,8.29,0.927,185000.0,4370.0,243.0,7
2013,8,11,60.99,79.673,0.0683,1.0,0.0683,8.37,1.47,114000.0,2700.0,135.0,7
2013,7,10,66.575,79.203,0.0251,1.0,0.0251,0.667,1.2,2740.0,64.8,1.42,7
2013,8,6,69.71,79.015,0.0118,1.0,0.0118,3.8,0.378,2300.0,54.4,1.15,7
2013,7,15,73.256,77.256,0.0,1.0,0.0,8.93,1.47,0.0,0.0,0.0,7
2013,8,12,74.263,79.082,0.0,1.0,0.0,8.12,1.52,0.0,0.0,0.0,7
2013,8,4,78.509,75.973,0.0,1.0,0.0,4.83,0.226,0.0,0.0,0.0,7
2013,7,18,76.166,74.811,0.0,1.0,0.0,3.19,0.336,0.0,0.0,0.0,7
2013,7,19,77.072,73.964,0.0,1.0,0.0,1.6,0.0188,0.0,0.0,0.0,7
2013,8,27,116.912,77.925,0.0,1.0,0.0,8.82,1.23,0.0,0.0,0.0,7
2013,9,2,145.776,73.824,0.138,1.0,0.138,5.4,0.466,47100.0,1120.0,45.9,7
2013,9,3,160.987,71.511,0.0,1.0,0.0,4.05,0.409,0.0,0.0,0.0,7
2013,9,4,166.29,70.714,0.0,1.0,0.0,4.45,0.673,0.0,0.0,0.0,7
2013,9,8,174.81,71.159,0.0,1.0,0.0,6.97,1.18,0.0,0.0,0.0,7
2013,9,13,-158.277,72.207,0.154,1.0,0.154,5.87,1.23,151000.0,3570.0,190.0,7
2013,9,15,-153.075,71.875,0.0,1.0,0.0,4.65,0.363,0.0,0.0,0.0,7
2013,9,16,-147.298,71.332,0.0,1.0,0.0,4.81,1.16,0.0,0.0,0.0,7
2013,9,16,-140.102,71.478,0.00508,1.0,0.00508,7.01,1.69,8180.0,194.0,5.42,7
2013,9,27,-92.449,71.981,0.0204,1.0,0.0204,2.4,0.0,32900.0,778.0,29.5,7
2013,10,3,-83.033,73.148,0.0,1.0,0.0,0.0,0.0,0.0,0.0,0.0,7
2013,10,5,-79.639,73.067,0.0,1.0,0.0,0.0,0.0,0.0,0.0,0.0,7
2013,10,6,-77.544,72.675,0.0,1.0,0.0,0.0,0.0,0.0,0.0,0.0,7
2013,10,12,-52.478,70.946,0.0,1.0,0.0,0.0,0.415,0.0,0.0,0.0,7
2013,10,15,-51.147,69.203,0.0742,1.0,0.0742,2.5,0.341,8600.0,204.0,5.76,7
2013,10,20,-50.364,69.113,0.0469,1.0,0.0469,0.0,0.0,5440.0,129.0,3.29,7
2013,10,23,-52.034,64.688,0.0386,1.0,0.0386,6.71,0.761,26800.0,633.0,23.0,7
2013,10,27,-54.011,61.522,0.0264,1.0,0.0264,4.79,1.33,22800.0,539.0,18.9,7
2011,6,12,-49.54,60.46,0.0103,1.0,0.0103,4.15,1.13,6580.0,156.0,4.15,7
2011,6,15,-53.12,63.57,0.095,1.0,0.095,2.56,0.57,18900.0,447.0,15.0,7
2006,5,13,-167.96,54.434,0.0,0.8,0.0,7.82,2.15,0.0,0.0,0.0,8
2006,5,13,-167.351,53.774,0.0,0.8,0.0,7.61,2.04,0.0,0.0,0.0,8
2006,5,13,-167.419,54.899,0.0,0.8,0.0,7.82,2.15,0.0,0.0,0.0,8
2006,5,13,-166.828,54.799,0.0,0.8,0.0,7.65,2.07,0.0,0.0,0.0,8
2006,5,13,-166.438,54.907,0.0,0.8,0.0,7.65,2.07,0.0,0.0,0.0,8
2006,5,13,-165.86,54.807,0.0326,0.8,0.0261,7.55,0.955,25500.0,605.0,21.7,8
2006,5,13,-164.884,54.821,0.0,0.8,0.0,6.8,1.42,0.0,0.0,0.0,8
2006,5,13,-164.751,55.728,0.0666,0.8,0.0533,6.44,1.93,89900.0,2130.0,101.0,8
2006,5,13,-162.947,55.424,0.105,0.8,0.084,6.2,0.952,67300.0,1590.0,70.9,8
2006,5,13,-162.77,55.761,0.0263,0.8,0.021,6.2,0.952,16900.0,399.0,13.1,8
2006,5,13,-161.608,56.118,0.0,0.8,0.0,5.6,1.5,0.0,0.0,0.0,8
2006,5,13,-161.424,56.457,0.0,0.8,0.0,5.6,1.5,0.0,0.0,0.0,8
2006,9,15,-159.662,57.278,0.0,0.8,0.0,7.38,1.17,0.0,0.0,0.0,8
2006,9,15,-161.801,56.345,0.0,0.8,0.0,7.11,1.81,0.0,0.0,0.0,8
2006,9,15,-161.99,56.001,0.0334,0.8,0.0267,7.11,1.81,46700.0,1110.0,45.4,8
2006,9,15,-162.94,55.419,0.0,0.8,0.0,8.07,1.27,0.0,0.0,0.0,8
2006,9,15,-163.947,55.406,0.406,0.8,0.325,8.08,0.28,99900.0,2360.0,115.0,8
2006,9,15,-164.332,55.286,0.0249,0.8,0.0199,7.74,2.59,54200.0,1280.0,54.4,8
2006,9,15,-165.479,54.931,0.141,0.8,0.113,8.79,1.19,160000.0,3780.0,204.0,8
2006,9,15,-166.036,54.472,0.0,0.8,0.0,8.62,2.75,0.0,0.0,0.0,8
2006,9,15,-166.422,54.357,0.116,0.8,0.0928,8.62,2.75,298000.0,7060.0,436.0,8
2006,9,15,-166.829,54.79,0.0,0.8,0.0,8.62,2.75,0.0,0.0,0.0,8
2006,4,15,-132.29,51.02,0.0,0.8,0.0,7.55,2.63,0.0,0.0,0.0,8
2006,4,15,-131.24,51.04,0.0098,0.8,0.00784,7.45,2.61,20700.0,491.0,16.8,8
2006,4,15,-132.25,50.39,0.0,0.8,0.0,7.54,2.65,0.0,0.0,0.0,8
2006,4,15,-130.19,51.04,0.142,0.8,0.114,7.81,2.5,302000.0,7150.0,442.0,8
2006,4,15,-131.19,50.39,0.0,0.8,0.0,7.51,2.59,0.0,0.0,0.0,8
2006,4,15,-129.12,51.04,0.0593,0.8,0.0474,8.06,2.32,121000.0,2850.0,144.0,8
2006,4,15,-130.13,50.39,0.0093,0.8,0.00744,7.33,2.51,18600.0,440.0,14.7,8
2006,4,15,-128.07,51.05,0.0,0.8,0.0,7.93,2.04,0.0,0.0,0.0,8
2006,4,15,-128.06,50.4,0.0,0.8,0.0,7.84,2.3,0.0,0.0,0.0,8
2006,4,15,-120.78,35.09,0.0,0.8,0.0,0.0,1.79,0.0,0.0,0.0,8
2006,4,15,-120.92,35.02,0.0,0.8,0.0,0.0,1.79,0.0,0.0,0.0,8
2006,4,15,-121.2,34.89,0.0,0.8,0.0,6.01,2.42,0.0,0.0,0.0,8
2006,4,15,-121.56,34.72,0.0,0.8,0.0,6.01,2.42,0.0,0.0,0.0,8
2006,4,15,-122.25,34.39,0.0,0.8,0.0,6.51,2.55,0.0,0.0,0.0,8
2006,4,15,-122.94,34.05,0.0,0.8,0.0,6.51,2.55,0.0,0.0,0.0,8
2006,4,15,-123.64,33.72,0.0,0.8,0.0,7.35,2.66,0.0,0.0,0.0,8
2006,4,15,-124.32,33.39,0.0,0.8,0.0,7.66,2.75,0.0,0.0,0.0,8
2006,4,15,-120.52,34.45,0.0,0.8,0.0,5.81,2.27,0.0,0.0,0.0,8
2006,4,15,-120.8,34.32,0.0,0.8,0.0,5.81,2.27,0.0,0.0,0.0,8
2006,4,15,-121.15,34.15,0.0,0.8,0.0,6.01,2.42,0.0,0.0,0.0,8
2006,4,15,-121.84,33.82,0.0,0.8,0.0,6.0,2.46,0.0,0.0,0.0,8
2006,4,15,-122.53,33.48,0.0,0.8,0.0,6.63,2.56,0.0,0.0,0.0,8
2006,4,15,-123.22,33.15,0.0,0.8,0.0,7.35,2.66,0.0,0.0,0.0,8
2006,4,15,-123.91,32.82,0.0,0.8,0.0,6.71,2.63,0.0,0.0,0.0,8
2006,4,15,-120.03,34.28,0.0,0.8,0.0,5.81,2.27,0.0,0.0,0.0,8
2006,4,15,-119.42,34.22,0.0,0.8,0.0,4.42,0.574,0.0,0.0,0.0,8
2006,4,15,-119.51,34.18,0.0,0.8,0.0,4.42,0.574,0.0,0.0,0.0,8
2006,4,15,-120.14,33.88,0.0,0.8,0.0,5.54,2.36,0.0,0.0,0.0,8
2006,4,15,-120.41,33.74,0.0,0.8,0.0,5.54,2.36,0.0,0.0,0.0,8
2006,4,15,-120.77,33.58,0.0,0.8,0.0,5.54,2.36,0.0,0.0,0.0,8
2006,4,15,-121.44,33.25,0.0,0.8,0.0,6.0,2.46,0.0,0.0,0.0,8
2006,4,15,-122.13,32.92,0.0,0.8,0.0,6.55,2.55,0.0,0.0,0.0,8
2006,4,15,-122.82,32.58,0.0,0.8,0.0,6.55,2.55,0.0,0.0,0.0,8
2006,4,15,-123.49,32.25,0.0,0.8,0.0,6.71,2.63,0.0,0.0,0.0,8
2006,4,15,-124.17,31.91,0.0,0.8,0.0,6.9,2.67,0.0,0.0,0.0,8
2006,4,15,-118.49,33.89,0.0,0.8,0.0,4.4,1.67,0.0,0.0,0.0,8
2006,4,15,-118.63,33.83,0.0,0.8,0.0,4.4,1.67,0.0,0.0,0.0,8
2006,4,15,-118.97,33.66,0.0,0.8,0.0,4.4,1.67,0.0,0.0,0.0,8
2006,4,15,-119.32,33.49,0.0,0.8,0.0,4.61,2.05,0.0,0.0,0.0,8
2006,4,15,-119.65,33.32,0.0,0.8,0.0,4.61,2.05,0.0,0.0,0.0,8
2006,4,15,-120.01,33.16,0.0,0.8,0.0,5.54,2.36,0.0,0.0,0.0,8
2006,4,15,-120.35,32.99,0.0,0.8,0.0,5.59,2.39,0.0,0.0,0.0,8
2006,4,15,-121.03,32.66,0.0,0.8,0.0,6.19,2.47,0.0,0.0,0.0,8
2006,4,15,-121.71,32.33,0.0,0.8,0.0,6.19,2.47,0.0,0.0,0.0,8
2006,4,15,-122.4,31.99,0.0,0.8,0.0,6.82,2.55,0.0,0.0,0.0,8
2006,4,15,-123.07,31.66,0.0,0.8,0.0,6.39,2.61,0.0,0.0,0.0,8
2006,4,15,-123.74,31.32,0.0,0.8,0.0,6.39,2.61,0.0,0.0,0.0,8
2006,4,15,-117.77,33.48,0.0,0.8,0.0,0.0,1.32,0.0,0.0,0.0,8
2006,4,15,-117.91,33.42,0.0,0.8,0.0,0.0,1.32,0.0,0.0,0.0,8
2006,4,15,-118.25,33.25,0.0,0.8,0.0,4.4,1.67,0.0,0.0,0.0,8
2006,4,15,-118.39,33.19,0.0,0.8,0.0,4.4,1.67,0.0,0.0,0.0,8
2006,4,15,-118.93,32.92,0.0,0.8,0.0,4.43,2.04,0.0,0.0,0.0,8
2006,4,15,-119.49,32.65,0.0,0.8,0.0,5.15,2.25,0.0,0.0,0.0,8
2006,4,15,-119.96,32.42,0.0,0.8,0.0,5.15,2.25,0.0,0.0,0.0,8
2006,4,15,-120.64,32.08,0.0,0.8,0.0,5.59,2.39,0.0,0.0,0.0,8
2006,4,15,-121.32,31.75,0.0,0.8,0.0,6.41,2.47,0.0,0.0,0.0,8
2006,4,15,-121.99,31.42,0.0,0.8,0.0,6.41,2.47,0.0,0.0,0.0,8
2006,4,15,-122.65,31.08,0.0,0.8,0.0,6.82,2.55,0.0,0.0,0.0,8
2006,4,15,-123.34,30.75,0.0,0.8,0.0,6.28,2.57,0.0,0.0,0.0,8
2006,4,15,-117.31,32.96,0.0,0.8,0.0,4.66,1.79,0.0,0.0,0.0,8
2006,4,15,-117.4,32.91,0.0,0.8,0.0,4.66,1.79,0.0,0.0,0.0,8
2006,4,15,-117.53,32.85,0.0,0.8,0.0,4.66,1.79,0.0,0.0,0.0,8
2006,4,15,-117.87,32.68,0.0,0.8,0.0,4.66,1.79,0.0,0.0,0.0,8
2006,4,15,-118.21,32.52,0.0,0.8,0.0,4.43,2.04,0.0,0.0,0.0,8
2006,4,15,-118.56,32.35,0.0,0.8,0.0,4.43,2.04,0.0,0.0,0.0,8
2006,4,15,-118.89,32.18,0.0,0.8,0.0,4.43,2.04,0.0,0.0,0.0,8
2006,4,15,-119.23,32.01,0.0,0.8,0.0,5.15,2.25,0.0,0.0,0.0,8
2006,4,15,-119.58,31.85,0.0,0.8,0.0,5.13,2.3,0.0,0.0,0.0,8
2006,4,15,-120.23,31.51,0.0,0.8,0.0,5.62,2.39,0.0,0.0,0.0,8
2006,4,15,-120.92,31.18,0.0,0.8,0.0,5.62,2.39,0.0,0.0,0.0,8
2006,4,15,-121.59,30.85,0.0,0.8,0.0,6.44,2.46,0.0,0.0,0.0,8
2006,4,15,-122.26,30.52,0.0,0.8,0.0,6.66,2.53,0.0,0.0,0.0,8
2006,4,15,-122.92,30.18,0.0,0.8,0.0,6.66,2.53,0.0,0.0,0.0,8
2006,4,15,-117.2,32.61,0.0127,0.8,0.0102,4.66,1.79,11500.0,272.0,8.19,8
2006,4,15,-117.34,32.55,0.0,0.8,0.0,4.66,1.79,0.0,0.0,0.0,8
2006,4,15,-117.68,32.39,0.0,0.8,0.0,4.66,1.79,0.0,0.0,0.0,8
2006,4,15,-118.02,32.22,0.0,0.8,0.0,4.43,2.04,0.0,0.0,0.0,8
2006,4,15,-118.36,32.06,0.0,0.8,0.0,4.43,2.04,0.0,0.0,0.0,8
2006,4,15,-118.7,31.89,0.0347,0.8,0.0278,4.83,2.2,40100.0,948.0,37.6,8
2006,4,15,-119.04,31.72,0.0687,0.8,0.055,5.13,2.3,88200.0,2090.0,98.5,8
2006,7,16,-120.78,35.09,0.015,0.8,0.012,0.0,1.35,19300.0,456.0,15.4,8
2006,7,16,-120.92,35.02,0.0,0.8,0.0,0.0,1.35,0.0,0.0,0.0,8
2006,7,16,-121.2,34.89,0.0,0.8,0.0,5.88,1.82,0.0,0.0,0.0,8
2006,7,16,-121.55,34.72,0.0258,0.8,0.0206,5.88,1.82,30000.0,711.0,26.5,8
2006,7,16,-122.25,34.38,0.0,0.8,0.0,6.0,1.88,0.0,0.0,0.0,8
2006,7,16,-122.94,34.06,0.0313,0.8,0.025,6.0,1.88,38400.0,909.0,35.7,8
2006,7,16,-123.64,33.72,0.0759,0.8,0.0607,6.4,1.93,102000.0,2420.0,118.0,8
2006,7,16,-124.32,33.39,0.117,0.8,0.0936,7.0,1.99,177000.0,4180.0,230.0,8
2006,7,16,-120.53,34.45,0.0,0.8,0.0,6.15,1.66,0.0,0.0,0.0,8
2006,7,16,-120.8,34.32,0.0233,0.8,0.0186,6.15,1.66,25900.0,614.0,22.1,8
2006,7,16,-121.15,34.15,0.0491,0.8,0.0393,5.88,1.82,57200.0,1350.0,58.1,8
2006,7,16,-121.84,33.82,0.0,0.8,0.0,5.57,1.84,0.0,0.0,0.0,8
2006,7,16,-122.53,33.48,0.0108,0.8,0.00864,5.87,1.88,12900.0,306.0,9.46,8
2006,7,16,-123.22,33.15,0.0501,0.8,0.0401,6.4,1.93,67400.0,1600.0,71.0,8
2006,7,16,-123.91,32.82,0.0253,0.8,0.0202,6.12,1.9,32000.0,757.0,28.6,8
2006,7,16,-120.03,34.28,0.0,0.8,0.0,6.15,1.66,0.0,0.0,0.0,8
2006,7,16,-119.41,34.22,0.0,0.8,0.0,3.02,0.472,0.0,0.0,0.0,8
2006,7,16,-119.51,34.18,0.0337,0.8,0.027,3.02,0.472,5210.0,123.0,3.13,8
2006,7,16,-120.13,33.88,0.0221,0.8,0.0177,5.48,1.74,22900.0,543.0,19.1,8
2006,7,16,-120.41,33.74,0.0399,0.8,0.0319,5.48,1.74,41400.0,980.0,39.2,8
2006,7,16,-120.76,33.58,0.0797,0.8,0.0638,5.48,1.74,82800.0,1960.0,91.1,8
2006,7,16,-121.45,33.25,0.0448,0.8,0.0358,5.57,1.84,49900.0,1180.0,49.1,8
2006,7,16,-122.13,32.91,0.0589,0.8,0.0471,5.64,1.86,67300.0,1590.0,70.8,8
2006,7,16,-122.81,32.58,0.0366,0.8,0.0293,5.64,1.86,41800.0,989.0,39.6,8
2006,7,16,-123.49,32.24,0.228,0.8,0.182,6.12,1.9,288000.0,6820.0,418.0,8
2006,7,16,-124.17,31.91,0.0429,0.8,0.0343,6.24,1.91,55600.0,1320.0,56.2,8
2006,7,16,-118.49,33.89,0.0807,0.8,0.0646,3.46,1.41,42900.0,1010.0,40.9,8
2006,7,16,-118.63,33.82,0.11,0.8,0.088,3.46,1.41,58500.0,1380.0,59.6,8
2006,7,16,-118.97,33.66,0.181,0.8,0.145,3.46,1.41,96200.0,2280.0,110.0,8
2006,7,16,-119.32,33.49,0.039,0.8,0.0312,3.77,1.59,25400.0,601.0,21.6,8
2006,7,16,-119.66,33.32,0.0358,0.8,0.0286,3.77,1.59,23300.0,552.0,19.4,8
2006,7,16,-120.01,33.16,0.0802,0.8,0.0642,5.48,1.74,83300.0,1970.0,91.8,8
2006,7,16,-120.35,32.99,0.0117,0.8,0.00936,5.27,1.76,11800.0,279.0,8.44,8
2006,7,16,-121.03,32.65,0.0424,0.8,0.0339,5.89,1.82,49500.0,1170.0,48.6,8
2006,7,16,-121.72,32.32,0.148,0.8,0.118,5.89,1.82,173000.0,4090.0,224.0,8
2006,7,16,-122.39,31.99,0.0435,0.8,0.0348,5.84,1.84,50900.0,1200.0,50.3,8
2006,7,16,-123.07,31.66,0.12,0.8,0.096,5.96,1.88,146000.0,3450.0,182.0,8
2006,7,16,-123.74,31.33,0.0849,0.8,0.0679,5.96,1.88,103000.0,2440.0,119.0,8
2006,7,16,-117.77,33.48,0.0376,0.8,0.0301,0.0,1.27,45700.0,1080.0,44.1,8
2006,7,16,-117.91,33.42,0.119,0.8,0.0952,0.0,1.27,145000.0,3420.0,180.0,8
2006,7,16,-118.25,33.25,0.142,0.8,0.114,3.46,1.41,75500.0,1790.0,81.4,8
2006,7,16,-118.39,33.19,0.0375,0.8,0.03,3.46,1.41,19900.0,472.0,16.0,8
2006,7,16,-118.94,32.92,0.102,0.8,0.0816,4.02,1.56,69600.0,1650.0,73.8,8
2006,7,16,-119.48,32.65,0.0596,0.8,0.0477,4.35,1.66,46700.0,1110.0,45.4,8
2006,7,16,-119.96,32.42,0.0881,0.8,0.0705,4.35,1.66,69000.0,1630.0,73.1,8
2006,7,16,-120.64,32.08,0.127,0.8,0.102,5.27,1.76,128000.0,3020.0,155.0,8
2006,7,16,-121.32,31.75,0.0,0.8,0.0,5.65,1.8,0.0,0.0,0.0,8
2006,7,16,-121.99,31.42,0.0,0.8,0.0,5.65,1.8,0.0,0.0,0.0,8
2006,7,16,-122.66,31.08,0.0395,0.8,0.0316,5.84,1.84,46200.0,1090.0,44.7,8
2006,7,16,-123.33,30.75,0.0325,0.8,0.026,5.84,1.84,38000.0,898.0,35.2,8
2006,7,16,-124.0,30.42,0.118,0.8,0.0944,5.84,1.84,138000.0,3260.0,170.0,8
2006,7,16,-117.3,32.96,0.0386,0.8,0.0309,4.01,1.46,24500.0,580.0,20.7,8
2006,7,16,-117.39,32.91,0.0667,0.8,0.0534,4.01,1.46,42400.0,1000.0,40.3,8
2006,7,16,-117.53,32.85,0.0357,0.8,0.0286,4.01,1.46,22700.0,537.0,18.8,8
2006,7,16,-117.87,32.68,0.15,0.8,0.12,4.01,1.46,95300.0,2260.0,108.0,8
2006,7,16,-118.21,32.51,0.121,0.8,0.0968,4.02,1.56,82600.0,1950.0,90.9,8
2006,7,16,-118.55,32.35,0.0341,0.8,0.0273,4.02,1.56,23300.0,551.0,19.4,8
2006,7,16,-118.88,32.18,0.0112,0.8,0.00896,4.02,1.56,7640.0,181.0,4.98,8
2006,7,16,-119.24,32.01,0.16,0.8,0.128,4.35,1.66,125000.0,2970.0,151.0,8
2006,7,16,-119.57,31.85,0.0842,0.8,0.0674,4.43,1.7,69000.0,1630.0,73.0,8
2006,7,16,-120.25,31.51,0.0293,0.8,0.0234,5.22,1.75,29100.0,688.0,25.4,8
2006,7,16,-120.92,31.18,0.0,0.8,0.0,5.22,1.75,0.0,0.0,0.0,8
2006,7,16,-121.59,30.85,0.0,0.8,0.0,5.19,1.78,0.0,0.0,0.0,8
2006,7,16,-122.26,30.51,0.0,0.8,0.0,5.57,1.8,0.0,0.0,0.0,8
2006,7,16,-122.92,30.18,0.0147,0.8,0.0118,5.57,1.8,16100.0,380.0,12.3,8
2006,7,16,-123.59,29.85,0.0863,0.8,0.069,5.52,1.8,93400.0,2210.0,106.0,8
2006,10,28,-120.78,35.09,0.0,0.8,0.0,0.0,1.52,0.0,0.0,0.0,8
2006,10,28,-120.92,35.02,0.0,0.8,0.0,0.0,1.52,0.0,0.0,0.0,8
2006,10,28,-121.2,34.89,0.0163,0.8,0.013,4.88,2.03,17600.0,416.0,13.8,8
2006,10,28,-121.54,34.72,0.0,0.8,0.0,4.88,2.03,0.0,0.0,0.0,8
2006,10,28,-122.25,34.39,0.0,0.8,0.0,4.58,2.09,0.0,0.0,0.0,8
2006,10,28,-122.94,34.05,0.0344,0.8,0.0275,4.58,2.09,35700.0,846.0,32.7,8
2006,10,28,-123.64,33.72,0.0245,0.8,0.0196,4.59,2.12,25900.0,614.0,22.1,8
2006,10,28,-124.32,33.39,0.0885,0.8,0.0708,4.85,2.15,100000.0,2370.0,115.0,8
2006,10,28,-120.52,34.45,0.0,0.8,0.0,5.51,1.88,0.0,0.0,0.0,8
2006,10,28,-120.8,34.32,0.0407,0.8,0.0326,5.51,1.88,45800.0,1080.0,44.3,8
2006,10,28,-121.15,34.15,0.0937,0.8,0.075,4.88,2.03,101000.0,2390.0,116.0,8
2006,10,28,-121.82,33.83,0.0,0.8,0.0,4.92,2.06,0.0,0.0,0.0,8
2006,10,28,-122.53,33.49,0.0,0.8,0.0,4.73,2.09,0.0,0.0,0.0,8
2006,10,28,-123.22,33.15,0.049,0.8,0.0392,4.59,2.12,51900.0,1230.0,51.5,8
2006,10,28,-123.9,32.82,0.0119,0.8,0.00952,4.45,2.09,12000.0,285.0,8.67,8
2006,10,28,-120.02,34.28,0.0124,0.8,0.00992,5.51,1.88,13900.0,330.0,10.4,8
2006,10,28,-119.41,34.23,0.0,0.8,0.0,3.29,0.457,0.0,0.0,0.0,8
2006,10,28,-119.51,34.18,0.0592,0.8,0.0474,3.29,0.457,9670.0,229.0,6.64,8
2006,10,28,-120.13,33.88,0.0,0.8,0.0,5.32,1.97,0.0,0.0,0.0,8
2006,10,28,-120.42,33.74,0.0132,0.8,0.0106,5.32,1.97,15100.0,356.0,11.4,8
2006,10,28,-120.76,33.58,0.0,0.8,0.0,5.32,1.97,0.0,0.0,0.0,8
2006,10,28,-121.45,33.25,0.0112,0.8,0.00896,4.92,2.06,12300.0,292.0,8.93,8
2006,10,28,-122.13,32.91,0.0,0.8,0.0,4.54,2.07,0.0,0.0,0.0,8
2006,10,28,-122.82,32.58,0.0,0.8,0.0,4.54,2.07,0.0,0.0,0.0,8
2006,10,28,-123.49,32.25,0.0233,0.8,0.0186,4.45,2.09,23600.0,557.0,19.7,8
2006,10,28,-124.17,31.91,0.012,0.8,0.0096,4.02,2.08,10900.0,258.0,7.68,8
2006,10,28,-118.49,33.89,0.0,0.8,0.0,3.69,1.46,0.0,0.0,0.0,8
2006,10,28,-118.63,33.82,0.0,0.8,0.0,3.69,1.46,0.0,0.0,0.0,8
2006,10,28,-118.97,33.66,0.0231,0.8,0.0185,3.69,1.46,13500.0,320.0,10.0,8
2006,10,28,-119.32,33.49,0.0104,0.8,0.00832,4.37,1.75,8620.0,204.0,5.77,8
2006,10,28,-119.67,33.33,0.0,0.8,0.0,4.37,1.75,0.0,0.0,0.0,8
2006,10,28,-120.01,33.16,0.0,0.8,0.0,5.32,1.97,0.0,0.0,0.0,8
2006,10,28,-120.35,32.99,0.0,0.8,0.0,5.29,2.0,0.0,0.0,0.0,8
2006,10,28,-121.03,32.66,0.0,0.8,0.0,5.1,2.05,0.0,0.0,0.0,8
2006,10,28,-121.71,32.33,0.0,0.8,0.0,5.1,2.05,0.0,0.0,0.0,8
2006,10,28,-122.39,31.99,0.078,0.8,0.0624,4.42,2.05,76800.0,1820.0,83.2,8
2006,10,28,-123.07,31.66,0.0254,0.8,0.0203,4.1,2.06,23400.0,553.0,19.5,8
2006,10,28,-123.74,31.32,0.0552,0.8,0.0442,4.1,2.06,50800.0,1200.0,50.2,8
2006,10,28,-117.77,33.49,0.0,0.8,0.0,0.0,1.25,0.0,0.0,0.0,8
2006,10,28,-117.91,33.42,0.0413,0.8,0.033,0.0,1.25,38000.0,899.0,35.2,8
2006,10,28,-118.25,33.25,0.0746,0.8,0.0597,3.69,1.46,43700.0,1030.0,41.8,8
2006,10,28,-118.39,33.19,0.065,0.8,0.052,3.69,1.46,38100.0,901.0,35.3,8
2006,10,28,-118.94,32.92,0.0,0.8,0.0,4.45,1.71,0.0,0.0,0.0,8
2006,10,28,-119.48,32.65,0.0,0.8,0.0,5.05,1.87,0.0,0.0,0.0,8
2006,10,28,-119.96,32.42,0.105,0.8,0.084,5.05,1.87,108000.0,2550.0,126.0,8
2006,10,28,-120.64,32.09,0.062,0.8,0.0496,5.29,2.0,71100.0,1680.0,75.8,8
2006,10,28,-121.31,31.75,0.0829,0.8,0.0663,5.01,2.02,91100.0,2160.0,103.0,8
2006,10,28,-121.99,31.42,0.0462,0.8,0.037,5.01,2.02,50800.0,1200.0,50.2,8
2006,10,28,-122.66,31.09,0.106,0.8,0.0848,4.42,2.05,104000.0,2470.0,121.0,8
2006,10,28,-123.33,30.75,0.247,0.8,0.198,4.15,2.03,226000.0,5340.0,310.0,8
2006,10,28,-124.0,30.42,0.0249,0.8,0.0199,4.15,2.03,22700.0,538.0,18.9,8
2006,10,28,-117.31,32.96,0.0271,0.8,0.0217,4.3,1.52,19200.0,455.0,15.4,8
2006,10,28,-117.4,32.91,0.0105,0.8,0.0084,4.3,1.52,7460.0,176.0,4.84,8
2006,10,28,-117.53,32.86,0.058,0.8,0.0464,4.3,1.52,41200.0,975.0,38.9,8
2006,10,28,-117.87,32.68,0.119,0.8,0.0952,4.3,1.52,84500.0,2000.0,93.5,8
2006,10,28,-118.21,32.52,0.115,0.8,0.092,4.45,1.71,95100.0,2250.0,108.0,8
2006,10,28,-118.56,32.35,0.0097,0.8,0.00776,4.45,1.71,8020.0,190.0,5.28,8
2006,10,28,-118.89,32.18,0.0254,0.8,0.0203,4.45,1.71,21000.0,497.0,17.1,8
2006,10,28,-119.23,32.01,0.139,0.8,0.111,5.05,1.87,143000.0,3380.0,177.0,8
2006,10,28,-119.57,31.85,0.0529,0.8,0.0423,5.18,1.94,57700.0,1370.0,58.8,8
2006,10,28,-120.24,31.51,0.141,0.8,0.113,5.01,1.98,152000.0,3600.0,192.0,8
2006,10,28,-120.9,31.19,0.117,0.8,0.0936,5.01,1.98,126000.0,2990.0,153.0,8
2006,10,28,-121.59,30.85,0.0367,0.8,0.0294,4.81,2.0,38300.0,907.0,35.6,8
2006,10,28,-122.26,30.51,0.104,0.8,0.0832,4.31,2.02,98400.0,2330.0,113.0,8
2006,10,28,-122.92,30.18,0.089,0.8,0.0712,4.31,2.02,84200.0,1990.0,93.1,8
2006,10,28,-123.59,29.85,0.0368,0.8,0.0294,4.02,2.0,32100.0,759.0,28.7,8
2007,1,22,-122.09,36.77,0.0705,0.8,0.0564,6.31,2.2,107000.0,2520.0,124.0,8
2007,1,22,-122.77,36.46,0.0,0.8,0.0,6.31,2.2,0.0,0.0,0.0,8
2007,1,22,-124.2,35.79,0.0145,0.8,0.0116,7.34,2.55,29500.0,699.0,25.9,8
2007,1,22,-120.92,35.02,0.055,0.8,0.044,0.0,1.57,112000.0,2650.0,132.0,8
2007,1,22,-121.55,34.72,0.159,0.8,0.127,6.4,2.27,251000.0,5930.0,352.0,8
2007,1,22,-122.93,34.06,0.0513,0.8,0.041,6.36,2.38,84400.0,2000.0,93.4,8
2007,1,22,-124.32,33.39,0.682,0.8,0.546,6.73,2.53,1260000.0,29900.0,2530.0,8
2007,1,22,-120.81,34.32,0.0284,0.8,0.0227,6.53,2.11,42500.0,1010.0,40.4,8
2007,1,22,-121.84,33.82,0.0723,0.8,0.0578,6.48,2.33,119000.0,2800.0,141.0,8
2007,1,22,-123.22,33.15,0.0299,0.8,0.0239,6.44,2.47,51700.0,1220.0,51.3,8
2007,1,22,-120.03,34.28,0.0332,0.8,0.0266,6.53,2.11,49700.0,1180.0,48.9,8
2007,1,22,-119.51,34.18,0.0125,0.8,0.01,4.75,0.492,3170.0,75.1,1.71,8
2007,1,22,-120.41,33.75,0.0,0.8,0.0,6.43,2.22,0.0,0.0,0.0,8
2007,1,22,-121.43,33.26,0.0594,0.8,0.0475,6.48,2.33,97400.0,2300.0,111.0,8
2007,1,22,-122.81,32.58,0.0717,0.8,0.0574,6.31,2.4,118000.0,2790.0,140.0,8
2007,1,22,-124.15,31.92,0.613,0.8,0.49,6.46,2.45,1050000.0,25000.0,2030.0,8
2007,1,22,-118.64,33.83,0.639,0.8,0.511,4.21,1.45,424000.0,10000.0,669.0,8
2007,1,22,-119.33,33.49,0.0593,0.8,0.0474,5.38,1.86,64600.0,1530.0,67.3,8
2007,1,22,-120.01,33.16,0.0152,0.8,0.0122,6.43,2.22,23500.0,557.0,19.7,8
2007,1,22,-121.03,32.66,0.0659,0.8,0.0527,6.58,2.32,110000.0,2590.0,128.0,8
2007,1,22,-122.39,31.99,0.016,0.8,0.0128,6.97,2.38,28900.0,684.0,25.3,8
2007,1,22,-123.73,31.31,0.228,0.8,0.182,6.64,2.42,399000.0,9430.0,620.0,8
2007,1,22,-117.9,33.42,0.125,0.8,0.1,0.0,1.05,219000.0,5170.0,298.0,8
2007,1,22,-118.39,33.19,0.0152,0.8,0.0122,4.21,1.45,10100.0,239.0,6.99,8
2007,1,22,-119.48,32.65,0.0174,0.8,0.0139,5.52,2.07,21600.0,512.0,17.7,8
2007,1,22,-120.64,32.09,0.0508,0.8,0.0406,6.32,2.22,77600.0,1840.0,84.3,8
2007,1,22,-121.99,31.42,0.0,0.8,0.0,6.89,2.31,0.0,0.0,0.0,8
2007,1,22,-123.33,30.75,0.0143,0.8,0.0114,6.82,2.39,25300.0,599.0,21.5,8
2007,1,22,-117.31,32.96,0.0,0.8,0.0,5.13,1.59,0.0,0.0,0.0,8
2007,1,22,-117.4,32.91,3.14,0.8,2.51,5.13,1.59,2780000.0,65800.0,6630.0,8
2007,1,22,-117.54,32.85,0.539,0.8,0.431,5.13,1.59,477000.0,11300.0,772.0,8
2007,1,22,-118.22,32.51,0.0,0.8,0.0,4.58,1.86,0.0,0.0,0.0,8
2007,1,22,-118.89,32.18,0.0342,0.8,0.0274,4.58,1.86,31700.0,749.0,28.2,8
2007,1,22,-119.57,31.87,0.0324,0.8,0.0259,5.83,2.12,43400.0,1030.0,41.5,8
2007,1,22,-120.92,31.18,0.054,0.8,0.0432,6.3,2.22,82100.0,1940.0,90.2,8
2007,1,22,-122.26,30.51,0.0,0.8,0.0,6.84,2.35,0.0,0.0,0.0,8
2007,1,22,-123.59,29.85,0.0179,0.8,0.0143,6.76,2.35,30800.0,730.0,27.3,8
2009,8,2,-118.1644,32.5597,0.009,1.0,0.009,5.2,1.3,8240.0,195.0,5.47,10
2009,8,2,-119.1433,32.4783,0.123,1.0,0.123,7.48,1.25,156000.0,3700.0,198.0,10
2009,8,3,-119.9918,32.4016,0.035,1.0,0.035,8.51,1.5,60900.0,1440.0,62.7,10
2009,8,3,-119.9639,32.4243,0.042,1.0,0.042,8.51,1.5,73000.0,1730.0,78.3,10
2009,8,3,-119.9844,32.422,0.115,1.0,0.115,8.51,1.5,200000.0,4730.0,267.0,10
2009,8,3,-119.9682,32.4016,0.035,1.0,0.035,8.51,1.5,60900.0,1440.0,62.7,10
2009,8,3,-119.938,32.4061,0.022,1.0,0.022,8.51,1.5,38300.0,905.0,35.6,10
2009,8,3,-119.961,32.4129,0.097,1.0,0.097,8.51,1.5,169000.0,3990.0,217.0,10
2009,8,3,-119.9804,32.4112,0.0,1.0,0.0,8.51,1.5,0.0,0.0,0.0,10
2009,8,3,-120.0601,32.4279,0.036,1.0,0.036,7.45,1.69,61600.0,1460.0,63.6,10
2009,8,4,-121.2014,32.3786,0.061,1.0,0.061,4.87,1.4,56400.0,1340.0,57.1,10
2009,8,4,-122.3124,32.3607,0.0,1.0,0.0,2.34,1.28,0.0,0.0,0.0,10
2009,8,4,-123.3533,32.3457,0.022,1.0,0.022,1.3,1.25,4880.0,115.0,2.88,10
2009,8,5,-124.3471,32.328,0.165,1.0,0.165,2.12,1.29,61100.0,1450.0,63.0,10
2009,8,5,-125.2308,32.3087,0.074,1.0,0.074,1.91,1.31,25300.0,598.0,21.4,10
2009,8,5,-126.2803,32.2885,0.095,1.0,0.095,2.61,1.35,45400.0,1080.0,43.9,10
2009,8,5,-127.3653,32.2584,0.159,1.0,0.159,2.97,1.39,89400.0,2110.0,100.0,10
2009,8,6,-128.3595,32.2454,0.27,1.0,0.27,3.9,1.4,200000.0,4730.0,267.0,10
2009,8,6,-129.1759,32.2225,0.106,1.0,0.106,3.92,1.44,81100.0,1920.0,88.9,10
2009,8,6,-130.245,32.2103,1.2,1.0,1.2,3.85,1.48,925000.0,21900.0,1730.0,10
2009,8,6,-131.4177,32.1763,0.165,1.0,0.165,4.26,1.51,144000.0,3420.0,180.0,10
2009,8,7,-132.3321,32.1733,0.837,1.0,0.837,4.58,1.36,710000.0,16800.0,1260.0,10
2009,8,7,-133.1823,32.1439,0.209,1.0,0.209,4.42,1.39,175000.0,4140.0,227.0,10
2009,8,7,-134.2315,32.1206,20.0,1.0,20.0,5.15,1.42,19900000.0,471000.0,73300.0,10
2009,8,7,-135.4803,32.1014,3.91,1.0,3.91,5.71,1.47,4450000.0,105000.0,11800.0,10
2009,8,8,-136.3499,32.0809,1.14,1.0,1.14,6.18,1.55,1480000.0,35000.0,3070.0,10
2009,8,8,-137.2199,32.0683,0.349,1.0,0.349,6.69,1.61,512000.0,12100.0,842.0,10
2009,8,8,-137.7057,32.0517,3.38,1.0,3.38,6.69,1.61,4960000.0,117000.0,13400.0,10
2009,8,8,-137.9278,32.0429,2.4,1.0,2.4,6.69,1.61,3520000.0,83300.0,8850.0,10
2009,8,8,-137.9334,32.039,2.31,1.0,2.31,6.69,1.61,3390000.0,80200.0,8440.0,10
2009,8,9,-137.9246,32.0494,1.2,1.0,1.2,5.88,1.66,1600000.0,37700.0,3370.0,10
2009,8,9,-137.9218,32.0564,0.767,1.0,0.767,5.88,1.66,1020000.0,24100.0,1950.0,10
2009,8,9,-137.9166,32.0508,2.32,1.0,2.32,5.88,1.66,3080000.0,73000.0,7530.0,10
2009,8,9,-137.91,32.0565,2.61,1.0,2.61,5.88,1.66,3470000.0,82100.0,8690.0,10
2009,8,9,-137.9188,32.0578,1.3,1.0,1.3,5.88,1.66,1730000.0,40900.0,3710.0,10
2009,8,9,-137.9139,32.0641,2.51,1.0,2.51,5.88,1.66,3340000.0,79000.0,8290.0,10
2009,8,9,-138.5077,32.0291,3.6,1.0,3.6,6.05,1.7,5020000.0,119000.0,13600.0,10
2009,8,9,-138.9792,32.0242,2.5,1.0,2.5,6.05,1.7,3490000.0,82500.0,8750.0,10
2009,8,9,-139.4603,32.0189,2.02,1.0,2.02,6.51,1.72,3070000.0,72700.0,7490.0,10
2009,8,10,-139.9165,32.0309,0.945,1.0,0.945,5.15,1.49,988000.0,23400.0,1880.0,10
2009,8,10,-140.202,32.0423,0.798,1.0,0.798,4.81,1.52,790000.0,18700.0,1430.0,10
2009,8,10,-140.3044,32.3488,3.58,1.0,3.58,4.81,1.52,3550000.0,83900.0,8930.0,10
2009,8,10,-140.2948,32.3527,4.2,1.0,4.2,4.81,1.52,4160000.0,98400.0,10800.0,10
2009,8,10,-140.3102,32.6319,1.54,1.0,1.54,4.81,1.52,1530000.0,36100.0,3190.0,10
2009,8,10,-140.3256,32.8981,16.4,1.0,16.4,4.81,1.52,16200000.0,384000.0,57100.0,10
2009,8,10,-140.2931,32.9051,5.04,1.0,5.04,4.81,1.52,4990000.0,118000.0,13500.0,10
2009,8,11,-140.307,32.9081,3.26,1.0,3.26,3.41,1.3,1960000.0,46400.0,4330.0,10
2009,8,11,-140.2976,32.8994,1.31,1.0,1.31,3.41,1.3,788000.0,18600.0,1420.0,10
2009,8,11,-140.3057,32.8909,7.25,1.0,7.25,3.41,1.3,4360000.0,103000.0,11500.0,10
2009,8,11,-140.3124,32.8951,4.5,1.0,4.5,3.41,1.3,2710000.0,64000.0,6420.0,10
2009,8,11,-140.3454,32.9298,32.8,1.0,32.8,3.41,1.3,19700000.0,467000.0,72400.0,10
2009,8,11,-140.3424,32.9259,16.9,1.0,16.9,3.41,1.3,10200000.0,240000.0,32200.0,10
2009,8,11,-139.7643,33.6269,1.45,1.0,1.45,1.58,1.21,376000.0,8900.0,578.0,10
2009,8,11,-139.7718,33.7281,14.3,1.0,14.3,1.58,1.21,3710000.0,87700.0,9420.0,10
2009,8,12,-139.8239,34.097,27.1,1.0,27.1,4.02,1.3,19300000.0,456000.0,70500.0,10
2009,8,12,-139.8543,34.3854,11.3,1.0,11.3,4.02,1.3,8040000.0,190000.0,24200.0,10
2009,8,12,-139.8794,34.8136,7.72,1.0,7.72,4.02,1.3,5490000.0,130000.0,15200.0,10
2009,8,12,-139.9236,35.2285,8.65,1.0,8.65,3.35,1.4,5510000.0,130000.0,15300.0,10
2009,8,12,-139.9762,35.6168,12.9,1.0,12.9,3.35,1.4,8220000.0,194000.0,24900.0,10
2009,8,12,-139.9999,35.7164,8.15,1.0,8.15,3.35,1.4,5190000.0,123000.0,14200.0,10
2009,8,12,-139.9833,35.8035,2.93,1.0,2.93,3.35,1.4,1870000.0,44200.0,4080.0,10
2009,8,12,-139.9825,35.8934,5.17,1.0,5.17,3.35,1.4,3290000.0,77900.0,8160.0,10
2009,8,12,-139.9826,35.9849,1.89,1.0,1.89,3.35,1.4,1200000.0,28500.0,2390.0,10
2009,8,12,-139.8749,35.9864,2.72,1.0,2.72,3.35,1.4,1730000.0,41000.0,3730.0,10
2009,8,12,-139.8726,35.8993,4.17,1.0,4.17,3.35,1.4,2660000.0,62900.0,6270.0,10
2009,8,12,-139.873,35.8098,6.61,1.0,6.61,3.35,1.4,4210000.0,99600.0,11000.0,10
2009,8,13,-139.8715,35.7197,4.55,1.0,4.55,2.84,1.25,2190000.0,51700.0,4950.0,10
2009,8,13,-139.7649,35.7185,2.91,1.0,2.91,2.84,1.25,1400000.0,33100.0,2870.0,10
2009,8,13,-139.7601,35.806,4.16,1.0,4.16,2.84,1.25,2000000.0,47300.0,4440.0,10
2009,8,13,-139.7624,35.8977,1.97,1.0,1.97,2.84,1.25,947000.0,22400.0,1780.0,10
2009,8,13,-139.7593,35.9828,4.7,1.0,4.7,2.84,1.25,2260000.0,53400.0,5150.0,10
2009,8,13,-139.6533,35.9529,3.38,1.0,3.38,2.84,1.25,1620000.0,38400.0,3440.0,10
2009,8,13,-139.647,35.8998,2.26,1.0,2.26,2.84,1.25,1090000.0,25700.0,2110.0,10
2009,8,13,-139.6477,35.8086,6.09,1.0,6.09,2.84,1.25,2930000.0,69300.0,7060.0,10
2009,8,13,-139.6478,35.7186,16.0,1.0,16.0,2.84,1.25,7690000.0,182000.0,22900.0,10
2009,8,13,-139.7401,35.2701,24.9,1.0,24.9,2.84,1.25,12000000.0,283000.0,39400.0,10
2009,8,13,-139.8209,34.8777,9.5,1.0,9.5,5.0,1.26,8150000.0,193000.0,24600.0,10
2009,8,13,-139.9072,34.4641,3.34,1.0,3.34,5.0,1.26,2860000.0,67800.0,6880.0,10
2009,8,13,-139.9865,34.0542,2.24,1.0,2.24,5.0,1.26,1920000.0,45500.0,4230.0,10
2009,8,14,-139.9873,34.0569,0.933,1.0,0.933,4.06,1.14,584000.0,13800.0,989.0,10
2009,8,14,-139.9844,34.0618,0.521,1.0,0.521,4.06,1.14,326000.0,7720.0,486.0,10
2009,8,14,-139.9629,34.0563,1.51,1.0,1.51,4.06,1.14,945000.0,22400.0,1780.0,10
2009,8,14,-139.9566,34.0602,1.03,1.0,1.03,4.06,1.14,645000.0,15300.0,1120.0,10
2009,8,11,-139.9901,34.0538,1.43,1.0,1.43,1.57,1.17,359000.0,8490.0,545.0,10
2009,8,14,-139.9837,34.0553,0.576,1.0,0.576,4.06,1.14,361000.0,8530.0,549.0,10
2009,8,14,-139.9829,34.0587,2.1,1.0,2.1,4.06,1.14,1310000.0,31100.0,2660.0,10
2009,8,15,-140.4795,34.0727,2.92,1.0,2.92,4.53,1.03,1850000.0,43800.0,4040.0,10
2009,8,15,-140.7643,34.0563,7.78,1.0,7.78,4.53,1.03,4940000.0,117000.0,13400.0,10
2009,8,15,-141.3731,34.0572,1.94,1.0,1.94,4.6,1.05,1270000.0,30100.0,2560.0,10
2009,8,15,-141.3811,34.0574,0.96,1.0,0.96,4.6,1.05,629000.0,14900.0,1080.0,10
2009,8,15,-141.3898,34.0573,0.476,1.0,0.476,4.6,1.05,312000.0,7380.0,460.0,10
2009,8,15,-141.4002,34.057,0.83,1.0,0.83,4.6,1.05,544000.0,12900.0,907.0,10
2009,8,15,-141.4107,34.0572,0.32,1.0,0.32,4.6,1.05,210000.0,4960.0,284.0,10
2009,8,15,-141.5962,34.0611,4.12,1.0,4.12,4.6,1.05,2700000.0,63900.0,6400.0,10
2009,8,15,-141.6052,34.0636,1.58,1.0,1.58,4.6,1.05,1040000.0,24500.0,1990.0,10
2009,8,15,-141.6138,34.0659,3.34,1.0,3.34,4.6,1.05,2190000.0,51800.0,4960.0,10
2009,8,15,-141.6223,34.0674,1.95,1.0,1.95,4.6,1.05,1280000.0,30300.0,2570.0,10
2009,8,15,-141.6313,34.0688,1.78,1.0,1.78,4.6,1.05,1170000.0,27600.0,2300.0,10
2009,8,15,-141.8126,34.0645,12.2,1.0,12.2,4.6,1.05,8000000.0,189000.0,24100.0,10
2009,8,15,-141.8314,34.065,14.8,1.0,14.8,4.6,1.05,9700000.0,230000.0,30500.0,10
2009,8,15,-141.8302,34.0652,12.3,1.0,12.3,4.6,1.05,8060000.0,191000.0,24300.0,10
2009,8,15,-141.8384,34.0651,4.7,1.0,4.7,4.6,1.05,3080000.0,72900.0,7520.0,10
2009,8,15,-141.8469,34.065,5.0,1.0,5.0,4.6,1.05,3280000.0,77600.0,8110.0,10
2009,8,15,-142.0252,34.0567,4.08,1.0,4.08,4.81,1.06,2840000.0,67200.0,6810.0,10
2009,8,15,-142.0341,34.055,1.88,1.0,1.88,4.81,1.06,1310000.0,31000.0,2650.0,10
2009,8,15,-142.0422,34.0529,2.34,1.0,2.34,4.81,1.06,1630000.0,38500.0,3450.0,10
2009,8,15,-142.0502,34.0509,5.99,1.0,5.99,4.81,1.06,4170000.0,98700.0,10900.0,10
2009,8,15,-142.0588,34.0482,4.67,1.0,4.67,4.81,1.06,3250000.0,76900.0,8030.0,10
2009,8,16,-141.7381,35.016,10.3,1.0,10.3,2.65,1.08,4000000.0,94700.0,10300.0,10
2009,8,16,-141.4883,35.7636,1.93,1.0,1.93,2.65,1.08,750000.0,17700.0,1340.0,10
2009,8,16,-141.197,36.6123,3.99,1.0,3.99,4.22,1.14,2620000.0,61900.0,6160.0,10
2009,8,16,-140.7126,37.2971,0.691,1.0,0.691,5.9,1.46,809000.0,19100.0,1470.0,10
2009,8,17,-139.7674,37.7359,1.8,1.0,1.8,5.23,1.07,1370000.0,32500.0,2800.0,10
2009,8,17,-138.933,38.1169,7.37,1.0,7.37,2.82,1.04,2930000.0,69200.0,7060.0,10
2009,8,17,-137.957,38.5727,3.98,1.0,3.98,4.57,1.19,2950000.0,69800.0,7130.0,10
2009,8,17,-137.0096,38.9982,0.208,1.0,0.208,4.57,1.19,154000.0,3650.0,195.0,10
2009,8,18,-136.1213,39.389,0.358,1.0,0.358,9.21,2.02,906000.0,21400.0,1690.0,10
2009,8,19,-129.4209,42.3543,0.046,1.0,0.046,9.59,2.4,144000.0,3400.0,179.0,10
2009,8,20,-128.3858,42.7969,0.092,1.0,0.092,4.71,1.44,85000.0,2010.0,94.1,10
2010,10,19,-154.6366,21.6979,0.046,1.0,0.046,4.86,2.15,65200.0,1540.0,68.1,10
2010,10,19,-154.6366,22.6979,0.008,1.0,0.008,4.14,2.01,9030.0,214.0,6.11,10
2010,10,19,-153.4595,23.2278,0.284,1.0,0.284,5.71,2.03,447000.0,10600.0,714.0,10
2010,10,20,-152.0133,23.5838,0.026,1.0,0.026,3.77,1.98,26400.0,625.0,22.6,10
2010,10,20,-151.6611,24.6293,0.036,1.0,0.036,1.75,1.96,16800.0,397.0,13.0,10
2010,10,20,-150.4719,25.1354,0.698,1.0,0.698,2.5,2.02,479000.0,11300.0,776.0,10
2010,10,21,-149.1358,25.5686,1.11,1.0,1.11,2.52,3.14,1200000.0,28300.0,2370.0,10
2010,10,21,-148.7426,26.4972,0.162,1.0,0.162,4.22,3.17,294000.0,6970.0,429.0,10
2010,10,21,-147.644,26.9801,0.371,1.0,0.371,5.03,3.15,799000.0,18900.0,1450.0,10
2010,10,22,-146.4596,27.4209,0.462,1.0,0.462,6.32,2.58,1020000.0,24200.0,1960.0,10
2010,10,22,-144.203,28.3507,0.051,1.0,0.051,7.75,2.62,141000.0,3330.0,174.0,10
2010,10,22,-143.0573,28.8011,0.064,1.0,0.064,6.82,2.64,156000.0,3700.0,198.0,10
2010,10,23,-143.8742,29.2323,0.143,1.0,0.143,6.91,2.01,270000.0,6380.0,385.0,10
2010,10,23,-141.7966,30.2367,0.059,1.0,0.059,6.79,2.09,114000.0,2690.0,134.0,10
2010,10,23,-140.6128,30.6528,2.47,1.0,2.47,6.48,2.06,4480000.0,106000.0,11900.0,10
2010,10,24,-139.3982,31.072,2.21,1.0,2.21,4.17,2.08,2610000.0,61700.0,6140.0,10
2010,10,24,-137.2726,31.904,0.479,1.0,0.479,3.66,2.14,510000.0,12100.0,839.0,10
2010,10,24,-136.1706,32.2645,3.61,1.0,3.61,6.07,2.32,6920000.0,164000.0,20200.0,10
2010,10,25,-136.9844,32.6086,3.04,1.0,3.04,4.1,2.39,4050000.0,95800.0,10500.0,10
2010,10,25,-134.8486,33.3557,4.55,1.0,4.55,5.1,2.71,8520000.0,202000.0,26000.0,10
2010,10,25,-133.8036,33.7404,0.17,1.0,0.17,5.72,2.73,361000.0,8540.0,549.0,10
2010,10,26,-132.7483,34.1215,0.033,1.0,0.033,3.99,3.25,58100.0,1370.0,59.2,10
2010,10,26,-130.9448,34.9838,0.059,1.0,0.059,3.82,3.5,107000.0,2530.0,125.0,10
2010,10,26,-129.8055,35.3361,0.053,1.0,0.053,3.92,3.75,106000.0,2500.0,123.0,10
2010,10,27,-128.6742,35.6239,0.038,1.0,0.038,7.41,2.78,106000.0,2520.0,124.0,10
2010,10,27,-126.7121,36.2544,0.009,1.0,0.009,6.4,3.08,24100.0,571.0,20.3,10
2010,10,27,-125.8362,36.5987,0.009,1.0,0.009,6.63,3.24,26200.0,620.0,22.4,10
2010,10,28,-124.5854,36.813,0.009,1.0,0.009,8.27,2.01,20300.0,480.0,16.4,10
2013,7,20,8.052,39.7442,0.25,1.0,0.25,0.0,0.164,564000.0,13300.0,947.0,11
2013,7,20,8.0455,39.8385,0.35,1.0,0.35,0.0,0.164,789000.0,18700.0,1430.0,11
2012,7,1,8.3084,40.0017,0.021,1.0,0.021,0.0,0.369,47300.0,1120.0,46.1,11
2013,7,1,8.2877,39.9976,0.19,1.0,0.19,0.0,0.505,428000.0,10100.0,677.0,11
2014,6,6,18.5278,73.3012,0.0108,0.05,0.000538,5.33,1.06,414.0,9.79,0.142,12
2014,6,6,18.5967,74.2747,0.0,0.05,0.0,4.28,1.0,0.0,0.0,0.0,12
2014,6,7,18.4055,76.0022,0.0,0.05,0.0,5.06,0.587,0.0,0.0,0.0,12
2014,6,7,17.6731,76.1542,0.0,0.05,0.0,5.7,0.673,0.0,0.0,0.0,12
2014,6,7,16.9519,76.3061,0.0478,0.05,0.00239,6.32,0.767,1570.0,37.3,0.725,12
2014,6,7,18.7211,76.3426,0.0166,0.05,0.00083,5.06,0.587,335.0,7.93,0.11,12
2014,6,7,16.4503,76.2006,0.0,0.05,0.0,6.32,0.767,0.0,0.0,0.0,12
2014,6,7,14.8876,76.0949,0.0,0.05,0.0,5.48,0.949,0.0,0.0,0.0,12
2014,6,8,13.3334,75.9958,0.0,0.05,0.0,4.82,0.874,0.0,0.0,0.0,12
2014,6,9,13.9398,76.4391,0.286,0.05,0.0143,1.7,0.466,1540.0,36.4,0.705,12
2014,6,9,13.9248,76.7182,0.0,0.05,0.0,1.7,0.466,0.0,0.0,0.0,12
2014,6,9,137.2,76.5886,0.118,0.05,0.00591,5.97,0.341,1630.0,38.7,0.759,12
2014,6,9,12.3247,76.4539,0.0341,0.05,0.0017,1.34,0.455,141.0,3.34,0.0382,12
2014,6,10,11.9397,76.3904,0.0,0.05,0.0,5.94,0.751,0.0,0.0,0.0,12
2014,6,11,8.4805,77.3805,0.0,0.05,0.0,3.33,0.446,0.0,0.0,0.0,12
2014,6,11,9.3215,77.4935,0.0,0.05,0.0,3.13,0.453,0.0,0.0,0.0,12
2014,6,11,10.3769,77.6415,0.00782,0.05,0.000391,2.09,0.447,49.8,1.18,0.0107,12
2014,6,12,11.4461,77.7821,0.0,0.05,0.0,5.66,0.455,0.0,0.0,0.0,12
2014,6,12,12.1378,77.8753,0.0,0.05,0.0,5.49,0.408,0.0,0.0,0.0,12
2014,6,12,12.8338,77.9698,0.0,0.05,0.0,5.49,0.408,0.0,0.0,0.0,12
2014,6,12,13.4831,78.0618,0.0426,0.05,0.00213,4.24,0.201,247.0,5.84,0.0756,12
2013,1,6,-9.7561,52.8352,34.0,0.04,1.36,0.0,0.0,157000.0,3730.0,200.0,13
2013,1,6,-10.7327,52.167,5.0,0.04,0.2,0.0,3.58,23100.0,548.0,19.3,13
2013,1,6,-10.9617,51.9817,22.0,0.04,0.88,9.66,3.63,4190000.0,99200.0,10900.0,13
2013,1,6,-11.1433,51.8417,17.0,0.04,0.68,11.6,3.81,4090000.0,96800.0,10600.0,13
2013,1,6,-11.3207,51.695,11.5,0.04,0.46,11.6,3.81,2770000.0,65500.0,6590.0,13
2013,1,6,-11.5048,51.5493,4.0,0.04,0.16,11.6,3.81,962000.0,22800.0,1820.0,13
2013,1,6,-11.6853,51.4215,4.0,0.04,0.16,11.6,3.81,962000.0,22800.0,1820.0,13
2013,1,6,-11.8627,51.2537,9.5,0.04,0.38,11.6,3.81,2290000.0,54100.0,5220.0,13
2013,1,6,-12.04,51.1225,5.0,0.04,0.2,12.2,4.03,1330000.0,31500.0,2710.0,13
2013,1,6,-12.2132,50.9827,9.0,0.04,0.36,11.8,3.95,2270000.0,53800.0,5190.0,13
2013,1,7,-13.4842,49.948,6.5,0.04,0.26,10.9,3.94,1520000.0,36000.0,3180.0,13
2013,1,7,-13.5372,49.9125,6.6,0.04,0.264,10.9,3.94,1550000.0,36600.0,3240.0,13
2013,1,7,-13.5263,49.961,10.0,0.04,0.4,10.9,3.94,2340000.0,55400.0,5380.0,13
2013,1,7,-13.663,49.906,11.5,0.04,0.46,10.9,3.94,2690000.0,63700.0,6380.0,13
2013,1,7,-13.9648,49.7777,5.5,0.04,0.22,10.9,3.94,1290000.0,30500.0,2590.0,13
2013,1,7,-14.2768,49.6218,17.5,0.04,0.7,11.5,4.02,4390000.0,104000.0,11600.0,13
2013,1,7,-14.5668,49.4715,7.5,0.04,0.3,11.5,4.02,1880000.0,44500.0,4120.0,13
2013,1,7,-14.9255,49.32,12.5,0.04,0.5,11.5,4.02,3130000.0,74200.0,7680.0,13
2013,1,7,-16.1713,48.6912,9.75,0.04,0.39,9.82,3.6,1870000.0,44300.0,4100.0,13
2013,1,8,-16.1713,48.6912,21.5,0.04,0.86,6.88,3.84,3080000.0,73000.0,7530.0,13
2013,1,8,-16.1945,48.682,4.25,0.04,0.17,6.88,3.84,610000.0,14400.0,1040.0,13
2013,1,8,-16.085,48.719,8.5,0.04,0.34,6.88,3.84,1220000.0,28900.0,2430.0,13
2013,1,8,-15.5763,48.6822,4.0,0.04,0.16,5.63,3.64,445000.0,10500.0,710.0,13
2013,1,9,-12.8742,48.4583,7.0,0.04,0.28,6.44,3.17,776000.0,18400.0,1400.0,13
2013,1,9,-12.103,48.39,10.0,0.04,0.4,6.44,3.17,1110000.0,26200.0,2160.0,13
2013,1,9,-11.6453,48.343,8.5,0.04,0.34,8.08,3.14,1170000.0,27700.0,2310.0,13
2013,1,9,-11.2262,48.2972,6.5,0.04,0.26,8.08,3.14,896000.0,21200.0,1670.0,13
2013,1,9,-10.8442,48.251,9.0,0.04,0.36,5.13,3.12,782000.0,18500.0,1410.0,13
2013,1,9,-10.5366,48.2205,5.25,0.04,0.21,5.13,3.12,456000.0,10800.0,731.0,13
2013,1,9,-10.508,48.282,8.0,0.04,0.32,5.13,3.12,695000.0,16400.0,1220.0,13
2013,1,10,-10.0037,48.571,13.0,0.04,0.52,10.5,4.7,3490000.0,82600.0,8760.0,13
2013,1,10,-10.4737,49.1603,3.25,0.04,0.13,10.3,4.8,877000.0,20700.0,1620.0,13
2013,1,10,-10.3502,49.6913,8.33,0.04,0.333,10.3,4.8,2250000.0,53200.0,5120.0,13
2013,1,23,-14.8887,49.995,23.5,0.04,0.94,12.7,5.08,8220000.0,195000.0,24900.0,13
2013,1,24,-15.7233,49.5506,17.0,0.04,0.68,6.81,3.77,2370000.0,56200.0,5470.0,13
2013,1,24,-15.4455,49.8114,15.5,0.04,0.62,6.81,3.77,2160000.0,51200.0,4890.0,13
2013,1,24,-14.9812,50.2747,20.5,0.04,0.82,7.56,3.81,3210000.0,75900.0,7890.0,13
2013,1,24,-14.7723,50.4731,6.5,0.04,0.26,7.56,3.81,1020000.0,24100.0,1940.0,13
2013,1,24,-14.5463,50.6817,7.5,0.04,0.3,7.56,3.81,1170000.0,27800.0,2310.0,13
2013,1,25,-13.4981,51.6386,35.0,0.04,1.4,9.55,4.16,7550000.0,179000.0,22500.0,13
2013,1,25,-13.3661,51.7541,12.5,0.04,0.5,9.55,4.16,2700000.0,63800.0,6390.0,13
2013,1,25,-13.0305,51.8707,9.5,0.04,0.38,9.55,4.16,2050000.0,48500.0,4580.0,13
2013,1,25,-12.646,51.9866,15.0,0.04,0.6,11.5,4.24,3980000.0,94100.0,10300.0,13
2013,1,25,-12.2799,52.1036,16.0,0.04,0.64,11.4,4.33,4310000.0,102000.0,11300.0,13
2013,1,25,-12.0612,52.2,16.0,0.04,0.64,11.4,4.33,4310000.0,102000.0,11300.0,13
2013,1,25,-11.694,52.306,10.5,0.04,0.42,12.4,4.31,3050000.0,72300.0,7440.0,13
2013,1,25,-11.3684,52.4106,15.0,0.04,0.6,12.4,4.31,4360000.0,103000.0,11500.0,13
2013,1,25,-11.2218,52.4587,6.0,0.04,0.24,12.4,4.31,1750000.0,41300.0,3760.0,13
2013,1,25,-10.902,52.5587,5.0,0.04,0.2,0.0,4.07,1450000.0,34400.0,3010.0,13
2013,1,26,-10.6453,52.6016,1.5,0.04,0.06,0.0,4.34,436000.0,10300.0,693.0,13
2013,1,26,-10.5483,52.6526,2.0,0.04,0.08,0.0,4.34,582000.0,13800.0,984.0,13
2013,1,26,-10.2502,52.7695,6.0,0.04,0.24,0.0,4.34,1750000.0,41300.0,3760.0,13
2013,1,26,-10.2971,52.7809,1.5,0.04,0.06,0.0,4.34,436000.0,10300.0,693.0,13
2013,1,26,-10.3452,52.7909,8.0,0.04,0.32,0.0,4.34,2330000.0,55100.0,5340.0,13
2013,1,26,-10.3593,52.7749,8.5,0.04,0.34,0.0,4.34,2470000.0,58500.0,5750.0,13
2013,1,26,-10.0562,52.8244,10.5,0.04,0.42,0.0,4.34,3050000.0,72300.0,7440.0,13
2013,1,26,-9.661,52.9368,14.5,0.04,0.58,0.0,0.0,4220000.0,99800.0,11000.0,13
2013,1,26,-9.3631,53.1169,14.5,0.04,0.58,13.4,3.8,4010000.0,94800.0,10400.0,13
2013,1,26,-9.1101,53.2236,12.0,0.04,0.48,13.4,3.8,3320000.0,78500.0,8230.0,13
2013,1,26,-9.0611,53.2445,9.0,0.04,0.36,13.4,3.8,2490000.0,58900.0,5790.0,13
2013,2,1,-9.0667,53.193,22.5,0.04,0.9,10.7,4.78,6230000.0,147000.0,17800.0,13
2013,2,1,-9.8107,53.1938,6.0,0.04,0.24,10.7,4.78,1660000.0,39300.0,3540.0,13
2013,2,1,-10.0503,53.2212,5.5,0.04,0.22,11.3,5.52,1860000.0,44100.0,4070.0,13
2013,2,1,-10.0258,53.1918,5.5,0.04,0.22,11.3,5.52,1860000.0,44100.0,4070.0,13
2013,2,1,-10.3536,53.4191,16.0,0.04,0.64,11.3,5.52,5420000.0,128000.0,15000.0,13
2013,2,1,-10.4877,53.5181,9.0,0.04,0.36,11.3,5.52,3050000.0,72100.0,7420.0,13
2013,2,1,-10.6413,53.6312,2.5,0.04,0.1,11.3,5.52,847000.0,20000.0,1560.0,13
2013,2,1,-10.803,53.7359,2.5,0.04,0.1,11.3,5.52,847000.0,20000.0,1560.0,13
2013,2,1,-10.9468,53.6767,2.0,0.04,0.08,11.3,5.52,677000.0,16000.0,1180.0,13
2013,2,1,-11.0803,53.9342,3.5,0.04,0.14,13.6,5.49,1420000.0,33500.0,2920.0,13
2013,2,1,-11.2301,54.0283,2.0,0.04,0.08,13.5,5.45,802000.0,19000.0,1460.0,13
2013,2,2,-11.4187,54.1385,3.5,0.04,0.14,8.4,3.27,522000.0,12400.0,863.0,13
2013,2,2,-11.5572,54.225,4.5,0.04,0.18,8.4,3.27,672000.0,15900.0,1170.0,13
2013,2,2,-11.686,54.3059,3.5,0.04,0.14,8.4,3.27,522000.0,12400.0,863.0,13
2013,2,2,-11.8232,54.5514,4.5,0.04,0.18,8.4,3.27,672000.0,15900.0,1170.0,13
2013,2,2,-11.6341,54.4756,5.0,0.04,0.2,8.4,3.27,746000.0,17700.0,1330.0,13
2013,2,2,-12.0443,54.5193,6.0,0.04,0.24,8.67,3.17,895000.0,21200.0,1660.0,13
2013,2,2,-11.9721,54.3867,9.0,0.04,0.36,8.4,3.27,1340000.0,31800.0,2730.0,13
2013,2,2,-11.8139,54.1498,7.5,0.04,0.3,8.4,3.27,1120000.0,26500.0,2190.0,13
2013,2,2,-11.6628,53.9202,18.0,0.04,0.72,7.88,3.33,2570000.0,60800.0,6020.0,13
2013,2,2,-11.6871,53.825,10.5,0.04,0.42,7.88,3.33,1500000.0,35500.0,3120.0,13
2013,2,2,-11.984,53.9469,11.5,0.04,0.46,7.88,3.33,1640000.0,38800.0,3490.0,13
2013,2,2,-12.2942,54.0671,8.5,0.04,0.34,8.67,3.17,1270000.0,30000.0,2550.0,13
2013,2,2,-12.6105,54.1823,11.0,0.04,0.44,8.67,3.17,1640000.0,38800.0,3490.0,13
2013,2,2,-12.5999,54.1822,18.0,0.04,0.72,8.67,3.17,2690000.0,63600.0,6360.0,13
2013,2,2,-12.6,54.1823,8.0,0.04,0.32,8.67,3.17,1190000.0,28200.0,2360.0,13
2013,2,2,-12.4356,54.1256,6.0,0.04,0.24,8.67,3.17,895000.0,21200.0,1660.0,13
2013,2,3,-12.2368,54.0517,8.5,0.04,0.34,12.9,4.04,2420000.0,57200.0,5600.0,13
2013,2,3,-13.046,53.9838,2.0,0.04,0.08,12.0,3.79,494000.0,11700.0,807.0,13
2013,2,3,-11.6924,53.8502,1.5,0.04,0.06,11.5,3.28,308000.0,7290.0,453.0,13
2013,2,3,-11.3907,53.7386,3.0,0.04,0.12,11.5,3.28,616000.0,14600.0,1050.0,13
2013,2,3,-11.288,53.6983,9.5,0.04,0.38,11.5,3.28,1950000.0,46100.0,4300.0,13
2013,2,3,-11.1478,53.6152,11.0,0.04,0.44,11.5,3.28,2260000.0,53400.0,5150.0,13
2013,2,3,-10.7713,53.5019,24.5,0.04,0.98,10.1,3.09,4150000.0,98200.0,10800.0,13
2013,2,3,-10.4594,53.3838,8.0,0.04,0.32,10.1,3.09,1350000.0,32100.0,2760.0,13
2013,2,3,-10.142,53.2588,9.0,0.04,0.36,10.1,3.09,1520000.0,36100.0,3190.0,13
2013,2,3,-9.8479,53.1994,11.0,0.04,0.44,10.6,2.41,1530000.0,36100.0,3190.0,13
2013,2,3,-9.5686,53.1855,8.0,0.04,0.32,10.6,2.41,1110000.0,26300.0,2160.0,13
2013,2,19,-11.8917,52.2526,6.5,0.04,0.26,11.8,3.17,1320000.0,31200.0,2660.0,13
2013,2,19,-12.3475,52.2521,9.5,0.04,0.38,13.3,3.58,2450000.0,57900.0,5680.0,13
2013,2,19,-12.8496,52.2519,7.5,0.04,0.3,13.3,3.58,1930000.0,45700.0,4250.0,13
2013,2,20,-13.821,52.2604,5.0,0.04,0.2,13.8,3.28,1230000.0,29200.0,2460.0,13
2013,2,20,-13.6771,51.2533,11.0,0.04,0.44,13.5,3.21,2590000.0,61300.0,6090.0,13
2013,2,20,-13.1721,51.2507,6.5,0.04,0.26,13.5,3.21,1530000.0,36200.0,3200.0,13
2013,2,22,-10.6526,51.2505,22.5,0.04,0.9,11.8,4.13,5950000.0,141000.0,16800.0,13
2013,2,22,-8.9222,51.2495,6.0,0.04,0.24,9.96,3.31,1070000.0,25400.0,2080.0,13
2013,2,22,-8.7036,51.2507,8.5,0.04,0.34,9.96,3.31,1520000.0,36000.0,3180.0,13
2013,2,22,-8.2132,51.2489,5.5,0.04,0.22,9.96,3.31,985000.0,23300.0,1870.0,13
2013,2,22,-7.8192,51.2449,6.0,0.04,0.24,10.4,2.89,982000.0,23200.0,1860.0,13
2013,2,22,-7.7587,50.9474,3.0,0.04,0.12,12.4,3.82,769000.0,18200.0,1380.0,13
2013,2,23,-8.8197,50.25,6.0,0.04,0.24,5.32,3.55,616000.0,14600.0,1050.0,13
2013,2,23,-9.2801,50.2499,2.5,0.04,0.1,3.65,3.49,173000.0,4090.0,224.0,13
2013,2,23,-9.7319,50.2505,4.5,0.04,0.18,3.65,3.49,311000.0,7370.0,459.0,13
2013,2,23,-10.2743,50.2503,1.0,0.04,0.04,3.72,3.51,71100.0,1680.0,75.7,13
2013,2,23,-10.7806,50.2513,4.0,0.04,0.16,3.72,3.51,284000.0,6730.0,411.0,13
2013,2,23,-11.3058,50.2499,2.0,0.04,0.08,5.1,3.57,198000.0,4680.0,264.0,13
2013,2,24,-12.7553,49.7238,7.5,0.04,0.3,10.9,2.56,1140000.0,27000.0,2230.0,13
2013,2,24,-12.7583,49.4775,6.0,0.04,0.24,10.9,2.56,911000.0,21600.0,1700.0,13
2013,2,24,-12.6895,49.2508,1.5,0.04,0.06,10.9,2.56,228000.0,5390.0,313.0,13
2013,2,24,-12.1997,49.2542,6.0,0.04,0.24,10.9,2.56,911000.0,21600.0,1700.0,13
2013,2,24,-11.6985,49.2508,6.5,0.04,0.26,6.5,2.54,584000.0,13800.0,988.0,13
2013,2,25,-9.1817,49.2461,11.0,0.04,0.44,5.52,2.1,693000.0,16400.0,1220.0,13
2013,2,25,-8.6792,49.2515,6.0,0.04,0.24,7.16,2.18,510000.0,12100.0,838.0,13
2013,2,25,-8.1913,49.2507,3.5,0.04,0.14,7.16,2.18,297000.0,7040.0,434.0,13
2013,2,25,-7.6504,49.2513,8.5,0.04,0.34,7.63,2.29,808000.0,19100.0,1470.0,13
2013,2,25,-6.7041,49.2496,1.0,0.04,0.04,8.12,2.41,106000.0,2510.0,124.0,13
2013,2,26,-6.8584,48.2478,4.0,0.04,0.16,11.2,2.37,578000.0,13700.0,976.0,13
2013,2,26,-7.2997,48.2522,1.5,0.04,0.06,11.5,2.84,265000.0,6270.0,377.0,13
2013,2,26,-7.8099,48.2526,8.5,0.04,0.34,11.5,2.84,1500000.0,35500.0,3130.0,13
2013,2,26,-8.3133,48.2496,4.0,0.04,0.16,10.6,3.1,714000.0,16900.0,1260.0,13
2013,2,26,-8.8013,48.2406,7.0,0.04,0.28,10.6,3.1,1250000.0,29600.0,2500.0,13
2013,2,27,-11.3453,48.2512,4.5,0.04,0.18,8.14,2.87,572000.0,13500.0,964.0,13
2013,2,27,-11.8187,48.2522,5.5,0.04,0.22,8.14,2.87,699000.0,16500.0,1230.0,13
2013,2,27,-11.5965,48.4709,4.0,0.04,0.16,8.14,2.87,508000.0,12000.0,835.0,13
2013,2,27,-11.206,47.8784,7.5,0.04,0.3,9.37,3.09,1180000.0,27900.0,2330.0,13
2013,2,27,-10.6968,47.73,1.5,0.04,0.06,10.2,3.17,264000.0,6250.0,375.0,13
2013,2,27,-10.4006,47.6616,9.0,0.04,0.36,10.2,3.17,1580000.0,37500.0,3340.0,13
2013,2,27,-11.2281,47.9245,2.0,0.04,0.08,9.37,3.09,314000.0,7440.0,464.0,13
2013,2,28,-8.1738,47.2522,10.5,0.04,0.42,9.79,2.11,1180000.0,27900.0,2330.0,13
2013,2,28,-7.7058,47.2479,6.5,0.04,0.26,9.37,1.88,622000.0,14700.0,1070.0,13
2013,2,28,-7.1687,47.2509,12.5,0.04,0.5,9.37,1.88,1200000.0,28300.0,2370.0,13
2013,2,28,-6.2024,47.2491,3.5,0.04,0.14,7.56,1.74,251000.0,5930.0,352.0,13
2013,3,1,-3.6972,47.2508,8.5,0.04,0.34,6.63,0.91,279000.0,6600.0,401.0,13
2013,3,1,-3.217,47.2499,4.0,0.04,0.16,6.63,0.91,131000.0,3110.0,160.0,13
2013,3,1,-2.9931,47.0143,2.5,0.04,0.1,6.88,0.551,51500.0,1220.0,51.2,13
2013,3,1,-2.5208,46.5168,5.0,0.04,0.2,7.26,0.623,123000.0,2910.0,148.0,13
2013,3,1,-2.2997,46.2502,5.5,0.04,0.22,7.26,0.623,135000.0,3200.0,166.0,13
2013,3,2,-5.3854,46.2479,6.5,0.04,0.26,5.28,1.26,235000.0,5560.0,325.0,13
2013,3,2,-5.8744,46.2523,3.0,0.04,0.12,5.28,1.26,108000.0,2560.0,127.0,13
2013,3,2,-6.3939,46.4295,3.5,0.04,0.14,6.19,1.29,152000.0,3590.0,191.0,13
2013,3,2,-6.7297,46.7705,4.5,0.04,0.18,6.19,1.29,195000.0,4610.0,259.0,13
2013,3,2,-6.2256,46.7507,7.0,0.04,0.28,6.19,1.29,303000.0,7180.0,445.0,13
2013,3,3,-4.1805,46.7491,4.5,0.04,0.18,6.03,0.914,135000.0,3190.0,165.0,13
2013,3,3,-3.6862,46.7495,6.0,0.04,0.24,6.78,0.727,161000.0,3800.0,205.0,13
2013,3,3,-3.2713,46.763,2.5,0.04,0.1,6.78,0.727,66900.0,1580.0,70.3,13
2013,3,3,-3.6184,46.9054,5.5,0.04,0.22,6.78,0.727,147000.0,3480.0,184.0,13
2013,3,3,-3.9617,47.3494,6.5,0.04,0.26,7.45,0.76,200000.0,4730.0,268.0,13
2013,3,3,-4.4272,47.2316,1.5,0.04,0.06,7.23,0.956,56300.0,1330.0,57.0,13
2013,3,3,-4.8019,47.3729,6.5,0.04,0.26,7.23,0.956,244000.0,5770.0,341.0,13
2013,3,3,-5.141,47.5079,6.5,0.04,0.26,7.43,1.0,263000.0,6230.0,374.0,13
2013,3,4,-7.3662,47.7492,5.0,0.04,0.2,8.95,1.84,448000.0,10600.0,715.0,13
2013,3,4,-7.8006,47.7512,7.0,0.04,0.28,8.95,1.84,627000.0,14800.0,1080.0,13
2013,3,4,-8.385,47.7484,2.0,0.04,0.08,9.25,1.75,175000.0,4150.0,228.0,13
2013,3,4,-9.7502,47.7789,3.5,0.04,0.14,9.63,1.75,321000.0,7600.0,476.0,13
2013,3,5,-8.2917,48.7597,3.0,0.04,0.12,9.17,2.04,305000.0,7220.0,448.0,13
2013,3,5,-10.2881,48.7521,4.5,0.04,0.18,7.22,1.96,346000.0,8190.0,522.0,13
2013,3,6,-12.2649,49.1839,9.5,0.04,0.38,8.37,2.81,1220000.0,28800.0,2420.0,13
2013,3,6,-12.2478,49.7863,6.5,0.04,0.26,8.37,2.81,831000.0,19700.0,1520.0,13
2013,3,6,-11.6348,49.7531,6.0,0.04,0.24,7.45,2.77,673000.0,15900.0,1170.0,13
2013,3,6,-11.1527,49.7525,10.0,0.04,0.4,7.45,2.77,1120000.0,26500.0,2190.0,13
2013,3,7,-9.2454,50.279,9.5,0.04,0.38,9.63,2.41,1200000.0,28300.0,2370.0,13
2013,3,7,-9.3752,50.7525,4.5,0.04,0.18,9.63,2.41,567000.0,13400.0,954.0,13
2013,3,7,-9.8101,50.7228,3.0,0.04,0.12,9.63,2.41,378000.0,8950.0,581.0,13
2013,3,7,-10.282,50.7517,4.5,0.04,0.18,9.57,2.8,656000.0,15500.0,1140.0,13
2013,3,7,-10.851,50.7514,3.5,0.04,0.14,9.57,2.8,511000.0,12100.0,839.0,13
2013,3,8,-12.2787,50.293,6.0,0.04,0.24,6.86,2.76,616000.0,14600.0,1050.0,13
2013,3,8,-12.171,51.7552,4.0,0.04,0.16,7.52,2.67,436000.0,10300.0,692.0,13
2013,3,8,-11.6643,51.7513,6.5,0.04,0.26,8.19,2.71,783000.0,18500.0,1410.0,13
2013,3,8,-12.665,51.7509,8.5,0.04,0.34,7.52,2.67,926000.0,21900.0,1740.0,13
2013,3,8,-10.6163,50.4328,10.0,0.04,0.4,7.59,2.88,1190000.0,28100.0,2350.0,13
2013,3,28,-13.3129,54.3991,35.0,0.04,1.4,14.2,2.49,6740000.0,160000.0,19500.0,13
2013,3,28,-13.9417,54.3941,28.5,0.04,1.14,14.2,2.49,5490000.0,130000.0,15200.0,13
2013,3,28,-14.1958,54.3977,20.5,0.04,0.82,15.4,2.93,5040000.0,119000.0,13700.0,13
2013,3,28,-14.3676,54.4458,7.0,0.04,0.28,15.4,2.93,1720000.0,40800.0,3700.0,13
2013,3,28,-13.8588,54.6331,7.5,0.04,0.3,14.2,2.49,1440000.0,34200.0,2980.0,13
2013,3,28,-13.5414,54.7632,3.0,0.04,0.12,14.2,2.49,578000.0,13700.0,976.0,13
2013,3,28,-13.2521,54.9764,2.0,0.04,0.08,14.2,2.49,385000.0,9120.0,595.0,13
2013,3,29,-11.9249,54.9477,11.5,0.04,0.46,13.2,2.14,1770000.0,41800.0,3820.0,13
2013,3,29,-11.6969,54.9369,7.5,0.04,0.3,13.2,2.14,1150000.0,27300.0,2270.0,13
2013,3,29,-11.4285,54.9276,7.5,0.04,0.3,13.2,2.14,1150000.0,27300.0,2270.0,13
2013,3,29,-12.4268,54.9348,9.5,0.04,0.38,14.0,2.98,2150000.0,50900.0,4850.0,13
2013,3,29,-10.9587,54.9308,7.5,0.04,0.3,11.1,1.15,520000.0,12300.0,858.0,13
2013,3,29,-10.9547,54.9287,8.5,0.04,0.34,11.1,1.15,589000.0,13900.0,1000.0,13
2013,3,29,-10.7783,54.9328,9.0,0.04,0.36,11.1,1.15,624000.0,14800.0,1070.0,13
2013,3,29,-10.3322,54.9339,5.5,0.04,0.22,11.1,1.15,381000.0,9020.0,588.0,13
2013,3,30,-9.9546,55.0535,3.0,0.04,0.12,8.7,2.99,424000.0,10000.0,670.0,13
2013,3,30,-9.9733,55.4776,16.0,0.04,0.64,8.7,2.99,2260000.0,53600.0,5160.0,13
2013,3,30,-10.3622,55.434,8.0,0.04,0.32,10.1,3.52,1550000.0,36600.0,3240.0,13
2013,3,30,-11.2094,55.4336,4.5,0.04,0.18,10.1,3.87,957000.0,22700.0,1810.0,13
2013,3,30,-11.5442,55.4315,5.0,0.04,0.2,10.1,3.87,1060000.0,25200.0,2060.0,13
2013,3,30,-11.7328,55.432,9.0,0.04,0.36,10.1,3.87,1910000.0,45300.0,4210.0,13
2013,3,30,-12.2074,55.444,11.5,0.04,0.46,10.8,4.21,2850000.0,67500.0,6850.0,13
2013,3,30,-12.0073,55.7091,11.5,0.04,0.46,10.8,4.21,2850000.0,67500.0,6850.0,13
2013,3,30,-11.8144,55.9341,5.5,0.04,0.22,10.1,3.87,1170000.0,27700.0,2310.0,13
2013,3,30,-10.996,55.9358,1.5,0.04,0.06,10.1,3.52,290000.0,6860.0,420.0,13
2013,3,31,-9.9108,55.935,9.5,0.04,0.38,12.8,2.99,1980000.0,46800.0,4380.0,13
2013,3,31,-9.7114,55.8926,6.0,0.04,0.24,12.8,2.99,1250000.0,29600.0,2500.0,13
2013,3,31,-9.6656,56.028,10.5,0.04,0.42,12.8,3.39,2470000.0,58400.0,5740.0,13
2013,3,31,-9.5464,55.9362,6.5,0.04,0.26,12.8,2.99,1350000.0,32000.0,2750.0,13
2013,3,31,-9.2171,55.9344,4.0,0.04,0.16,12.8,2.99,832000.0,19700.0,1520.0,13
2013,3,31,-9.0741,56.2577,3.5,0.04,0.14,12.8,3.39,823000.0,19500.0,1500.0,13
2013,3,31,-9.178,56.4351,8.0,0.04,0.32,12.8,3.39,1880000.0,44500.0,4120.0,13
2013,3,31,-9.2118,56.4294,2.0,0.04,0.08,12.8,3.39,470000.0,11100.0,759.0,13
2013,4,1,-9.4917,56.4168,1.83,0.04,0.0732,13.3,2.83,375000.0,8880.0,577.0,13
2013,4,1,-10.998,56.4321,3.0,0.04,0.12,13.2,3.17,684000.0,16200.0,1200.0,13
2013,4,1,-11.0002,56.674,7.5,0.04,0.3,13.6,3.48,1930000.0,45600.0,4240.0,13
2013,4,1,-11.0004,56.9333,5.5,0.04,0.22,13.6,3.48,1410000.0,33400.0,2900.0,13
2013,4,1,-10.7109,56.9342,10.0,0.04,0.4,13.2,3.17,2280000.0,54000.0,5210.0,13
2013,4,1,-10.3993,56.9357,8.0,0.04,0.32,13.2,3.17,1820000.0,43200.0,3970.0,13
2013,4,1,-10.1887,56.9343,14.0,0.04,0.56,13.2,3.17,3190000.0,75600.0,7850.0,13
2013,4,1,-9.8357,56.9335,9.5,0.04,0.38,13.3,2.83,1950000.0,46100.0,4300.0,13
2013,4,1,-9.4592,56.9335,4.0,0.04,0.16,13.3,2.83,821000.0,19400.0,1500.0,13
2013,4,2,-9.0521,56.9352,2.0,0.04,0.08,9.66,1.81,190000.0,4500.0,252.0,13
2013,4,2,-10.0062,57.4294,11.5,0.04,0.46,9.07,2.02,1150000.0,27100.0,2250.0,13
2013,4,2,-10.6228,57.4341,9.5,0.04,0.38,9.07,2.02,947000.0,22400.0,1780.0,13
2013,4,2,-11.0123,57.4357,17.5,0.04,0.7,10.2,2.45,2380000.0,56300.0,5490.0,13
2013,4,2,-11.4463,57.484,9.0,0.04,0.36,10.2,2.45,1220000.0,29000.0,2440.0,13
2013,4,2,-11.1364,57.7984,14.5,0.04,0.58,10.2,2.45,1970000.0,46700.0,4360.0,13
2013,4,2,-10.967,57.9326,10.0,0.04,0.4,9.07,2.02,997000.0,23600.0,1900.0,13
2013,4,2,-10.3589,57.9331,9.0,0.04,0.36,9.07,2.02,897000.0,21200.0,1670.0,13
2013,4,2,-9.7622,57.9322,4.0,0.04,0.16,7.86,1.65,282000.0,6670.0,406.0,13
2013,4,3,-9.7379,57.9264,1.0,0.04,0.04,3.96,1.64,35300.0,834.0,32.2,13
2013,4,3,-8.9938,58.4298,9.0,0.04,0.36,5.27,1.54,396000.0,9360.0,615.0,13
2013,4,3,-9.688,58.4318,7.5,0.04,0.3,4.15,1.63,275000.0,6520.0,395.0,13
2013,4,3,-10.3,58.4303,8.5,0.04,0.34,4.29,1.71,339000.0,8030.0,509.0,13
2013,4,3,-10.4665,58.43,9.0,0.04,0.36,4.29,1.71,359000.0,8500.0,546.0,13
2013,4,3,-10.5558,58.433,6.0,0.04,0.24,4.29,1.71,239000.0,5670.0,333.0,13
2013,4,3,-11.1091,58.4309,8.0,0.04,0.32,4.1,1.83,327000.0,7730.0,487.0,13
2013,4,3,-11.0607,58.6478,6.0,0.04,0.24,4.1,1.83,245000.0,5800.0,343.0,13
2013,4,3,-10.9989,58.9334,8.5,0.04,0.34,4.29,1.71,339000.0,8030.0,509.0,13
2013,4,3,-10.4607,58.9327,11.0,0.04,0.44,4.29,1.71,439000.0,10400.0,698.0,13
2013,4,4,-9.8079,58.9312,1.0,0.04,0.04,3.7,1.15,23200.0,548.0,19.3,13
2013,4,4,-8.3676,58.9341,14.0,0.04,0.56,4.12,1.14,358000.0,8480.0,544.0,13
2013,4,4,-8.1101,58.9347,8.5,0.04,0.34,4.12,1.14,217000.0,5150.0,296.0,13
2013,4,4,-7.4435,58.9357,10.0,0.04,0.4,1.73,1.16,109000.0,2580.0,127.0,13
2013,4,4,-7.0666,59.0819,4.5,0.04,0.18,3.01,1.14,84300.0,1990.0,93.2,13
2013,4,4,-6.6523,59.3767,12.5,0.04,0.5,2.73,1.06,197000.0,4670.0,263.0,13
2013,4,4,-6.8887,59.4341,5.0,0.04,0.2,2.73,1.06,79000.0,1870.0,86.1,13
2013,4,4,-7.0008,59.4335,7.5,0.04,0.3,3.01,1.14,140000.0,3320.0,174.0,13
2013,4,4,-7.4206,59.4328,11.5,0.04,0.46,3.01,1.14,215000.0,5100.0,293.0,13
2013,4,4,-8.1249,59.4317,3.0,0.04,0.12,2.39,1.15,44700.0,1060.0,43.0,13
2013,4,5,-8.8901,59.434,1.17,0.04,0.0468,3.81,0.882,21300.0,505.0,17.4,13
2013,4,5,-10.6277,59.4341,5.5,0.04,0.22,4.17,0.86,107000.0,2530.0,125.0,13
2013,4,5,-10.9947,59.9339,7.0,0.04,0.28,4.17,0.86,136000.0,3230.0,168.0,13
2013,4,5,-11.0074,59.7205,5.0,0.04,0.2,4.8,0.843,110000.0,2600.0,129.0,13
2013,4,5,-10.9994,59.9352,6.5,0.04,0.26,4.17,0.86,127000.0,3000.0,153.0,13
2013,4,5,-10.3762,59.9304,7.5,0.04,0.3,4.17,0.86,146000.0,3460.0,182.0,13
2013,4,5,-9.6938,59.9328,6.0,0.04,0.24,3.45,0.88,99100.0,2350.0,114.0,13
2013,4,5,-9.0267,59.934,11.0,0.04,0.44,3.45,0.88,182000.0,4300.0,238.0,13
2013,4,5,-8.6795,59.9324,8.5,0.04,0.34,3.81,0.882,155000.0,3670.0,196.0,13
2013,4,5,-8.038,59.9324,31.5,0.04,1.26,3.81,0.882,575000.0,13600.0,969.0,13
2013,4,6,-7.3514,59.9355,1.0,0.04,0.04,5.62,1.55,47400.0,1120.0,46.2,13
2013,4,6,-6.5211,59.9336,14.5,0.04,0.58,5.62,1.56,693000.0,16400.0,1220.0,13
2013,4,6,-5.8607,59.9332,8.0,0.04,0.32,5.88,1.72,441000.0,10400.0,702.0,13
2013,4,6,-5.1662,59.9351,6.0,0.04,0.24,5.88,1.72,331000.0,7830.0,494.0,13
2013,4,6,-4.75,59.9335,5.5,0.04,0.22,6.38,1.78,339000.0,8020.0,509.0,13
2013,4,6,-4.7458,60.0684,8.5,0.04,0.34,9.32,2.36,1020000.0,24100.0,1950.0,13
2013,4,6,-5.1305,60.0288,8.0,0.04,0.32,8.14,2.23,787000.0,18600.0,1420.0,13
2013,4,6,-5.3291,60.384,10.0,0.04,0.4,8.14,2.23,984000.0,23300.0,1870.0,13
2013,4,6,-6.1447,60.8324,2.5,0.04,0.1,6.86,1.91,178000.0,4210.0,232.0,13
2013,4,7,-6.1152,61.0056,1.17,0.04,0.0468,6.56,1.76,73200.0,1730.0,78.5,13
2013,4,7,-4.8831,60.7326,60.5,0.04,2.42,6.61,2.48,5390000.0,128000.0,14900.0,13
2013,4,7,-4.6838,60.6223,4.5,0.04,0.18,6.61,2.48,401000.0,9490.0,625.0,13
2013,4,7,-4.3674,60.4383,5.5,0.04,0.22,6.61,2.48,490000.0,11600.0,798.0,13
2013,4,7,-3.7892,60.4132,6.5,0.04,0.26,6.28,2.65,588000.0,13900.0,997.0,13
2013,4,7,-3.2584,60.3619,9.5,0.04,0.38,6.28,2.65,859000.0,20300.0,1580.0,13
2013,4,7,-3.6451,60.6045,11.0,0.04,0.44,6.28,2.65,995000.0,23500.0,1890.0,13
2013,4,7,-3.654,60.5756,13.5,0.04,0.54,6.28,2.65,1220000.0,28900.0,2430.0,13
2013,4,7,-3.9124,60.7551,7.0,0.04,0.28,6.28,2.65,633000.0,15000.0,1090.0,13
2013,4,7,-4.2191,60.9601,2.5,0.04,0.1,6.61,2.48,223000.0,5270.0,305.0,13
2013,4,8,-4.4956,61.1158,0.5,0.04,0.02,4.78,2.09,27100.0,642.0,23.4,13
2013,4,8,-4.7474,61.7827,4.0,0.04,0.16,4.78,2.09,217000.0,5130.0,295.0,13
2013,4,8,-4.4855,61.8083,3.0,0.04,0.12,4.78,2.09,163000.0,3850.0,208.0,13
2013,4,8,-4.0636,61.5371,2.5,0.04,0.1,4.78,2.09,136000.0,3210.0,166.0,13
2013,4,8,-3.7525,61.3454,4.5,0.04,0.18,4.56,2.09,233000.0,5500.0,322.0,13
2013,4,8,-3.7812,61.3237,9.0,0.04,0.36,4.56,2.09,465000.0,11000.0,749.0,13
2013,4,8,-3.595,61.2431,4.0,0.04,0.16,4.56,2.09,207000.0,4890.0,279.0,13
2013,4,8,-3.1534,60.97,11.5,0.04,0.46,4.39,2.07,568000.0,13500.0,957.0,13
2013,4,8,-2.7591,60.7192,7.0,0.04,0.28,3.91,2.2,327000.0,7740.0,487.0,13
2013,4,8,-3.3293,60.7239,1.5,0.04,0.06,4.39,2.07,74100.0,1750.0,79.7,13
2013,4,9,-3.5464,60.6882,1.5,0.04,0.06,4.75,1.12,43400.0,1030.0,41.5,13
2013,4,9,-5.2355,59.7303,3.0,0.04,0.12,8.3,1.24,167000.0,3950.0,215.0,13
2013,4,9,-5.5306,59.4549,9.5,0.04,0.38,8.3,1.24,529000.0,12500.0,876.0,13
2013,4,9,-5.86,59.9954,5.5,0.04,0.22,8.3,1.24,306000.0,7250.0,450.0,13
2013,4,9,-6.3509,59.104,5.0,0.04,0.2,8.3,1.3,293000.0,6930.0,426.0,13
2013,4,9,-7.0522,59.2097,5.0,0.04,0.2,8.48,1.42,328000.0,7750.0,488.0,13
2013,4,9,-7.1724,59.2283,6.0,0.04,0.24,8.48,1.42,393000.0,9300.0,610.0,13
2013,4,9,-7.527,59.1348,7.5,0.04,0.3,8.48,1.42,491000.0,11600.0,801.0,13
2013,4,9,-7.8625,58.8664,3.5,0.04,0.14,6.43,1.17,143000.0,3380.0,178.0,13
2013,4,10,-8.0327,58.7553,2.12,0.04,0.0848,5.29,2.35,143000.0,3390.0,178.0,13
2013,4,10,-9.6116,57.981,6.5,0.04,0.26,7.18,2.28,579000.0,13700.0,978.0,13
2013,4,10,-9.6181,57.673,5.5,0.04,0.22,7.18,2.28,490000.0,11600.0,798.0,13
2013,4,10,-9.5429,57.3831,5.0,0.04,0.2,7.18,2.28,445000.0,10500.0,710.0,13
2013,4,10,-9.2863,57.0812,6.5,0.04,0.26,7.18,2.28,579000.0,13700.0,978.0,13
2013,4,10,-9.1421,56.7826,5.0,0.04,0.2,8.63,2.6,610000.0,14400.0,1040.0,13
2013,4,10,-9.1876,56.4804,3.5,0.04,0.14,8.63,2.6,427000.0,10100.0,674.0,13
2013,4,10,-9.3261,56.1488,5.5,0.04,0.22,8.63,2.6,671000.0,15900.0,1170.0,13
2013,4,10,-9.4826,55.8128,5.0,0.04,0.2,7.68,2.69,560000.0,13300.0,940.0,13
2013,4,11,-9.5195,55.7238,0.75,0.04,0.03,8.25,1.91,64400.0,1520.0,67.1,13
2013,4,11,-10.264,55.0558,8.0,0.04,0.32,7.6,2.06,681000.0,16100.0,1190.0,13
2013,4,11,-10.4411,54.882,6.0,0.04,0.24,4.73,2.0,309000.0,7320.0,455.0,13
2013,4,11,-10.5871,54.8158,4.0,0.04,0.16,4.73,2.0,206000.0,4880.0,278.0,13
2013,4,11,-10.5814,54.8213,8.0,0.04,0.32,4.73,2.0,412000.0,9760.0,647.0,13
2013,4,11,-10.6616,54.6343,6.0,0.04,0.24,4.73,2.0,309000.0,7320.0,455.0,13
2013,4,11,-10.9729,54.551,4.0,0.04,0.16,4.73,2.0,206000.0,4880.0,278.0,13
2013,4,11,-11.1963,54.4903,6.0,0.04,0.24,7.15,1.92,449000.0,10600.0,717.0,13
2013,4,11,-11.4781,54.3387,8.0,0.04,0.32,7.15,1.92,598000.0,14200.0,1020.0,13
2013,4,13,-9.2652,53.2117,16.5,0.04,0.66,9.85,1.31,1160000.0,27400.0,2280.0,13
2013,4,13,-9.7688,53.1883,11.0,0.04,0.44,9.85,1.31,771000.0,18200.0,1390.0,13
2013,4,13,-10.2015,53.2848,8.0,0.04,0.32,8.74,2.2,837000.0,19800.0,1530.0,13
2013,4,13,-10.6127,53.41,7.5,0.04,0.3,8.74,2.2,785000.0,18600.0,1420.0,13
2013,4,13,-11.004,53.5257,5.5,0.04,0.22,11.3,2.29,773000.0,18300.0,1390.0,13
2013,4,13,-11.4438,53.6553,13.0,0.04,0.52,11.3,2.29,1830000.0,43200.0,3980.0,13
2013,4,13,-11.9175,53.7933,5.5,0.04,0.22,11.3,2.29,773000.0,18300.0,1390.0,13
2013,4,13,-12.6147,53.991,8.0,0.04,0.32,14.1,2.59,1590000.0,37700.0,3360.0,13
2013,4,13,-12.6083,53.9878,9.5,0.04,0.38,14.1,2.59,1890000.0,44700.0,4140.0,13
2013,4,13,-12.9925,54.1327,4.0,0.04,0.16,11.6,2.27,572000.0,13500.0,965.0,13
2013,4,13,-13.0442,54.1302,12.0,0.04,0.48,13.2,2.57,2220000.0,52600.0,5050.0,13
2013,4,13,-13.224,54.0167,8.5,0.04,0.34,13.2,2.57,1570000.0,37200.0,3310.0,13
2013,4,13,-14.0033,53.9212,7.5,0.04,0.3,14.6,3.04,1800000.0,42700.0,3910.0,13
2013,4,13,-14.4485,53.812,7.0,0.04,0.28,14.6,3.04,1680000.0,39800.0,3600.0,13
2013,4,13,-14.8293,53.7105,8.5,0.04,0.34,14.6,3.04,2040000.0,48400.0,4560.0,13
2013,4,13,-15.207,53.6333,6.5,0.04,0.26,15.2,3.24,1740000.0,41300.0,3750.0,13
2013,4,13,-16.548,53.3517,12.0,0.04,0.48,15.8,3.61,3720000.0,88100.0,9470.0,13
2013,4,13,-16.9578,53.2678,9.5,0.04,0.38,15.8,3.61,2950000.0,69800.0,7120.0,13
2013,4,13,-17.4408,53.1655,8.5,0.04,0.34,16.0,3.99,2950000.0,69900.0,7150.0,13
2013,4,13,-17.9083,53.0655,10.5,0.04,0.42,16.0,3.99,3650000.0,86400.0,9250.0,13
2013,5,13,-17.9462,53.386,10.5,0.04,0.42,10.2,4.07,2380000.0,56400.0,5490.0,13
2013,5,13,-17.3902,53.3697,6.75,0.04,0.27,10.2,4.07,1530000.0,36200.0,3210.0,13
2013,5,13,-16.134,53.3925,7.0,0.04,0.28,10.9,4.14,1710000.0,40400.0,3660.0,13
2013,5,13,-15.5085,53.3963,17.0,0.04,0.68,11.7,4.16,4500000.0,107000.0,11900.0,13
2013,5,13,-14.8453,53.3758,21.5,0.04,0.86,11.3,4.14,5440000.0,129000.0,15000.0,13
2013,5,13,-14.3045,53.3565,11.0,0.04,0.44,11.3,4.14,2780000.0,65800.0,6640.0,13
2013,5,13,-13.7043,53.3463,5.0,0.04,0.2,10.7,4.11,1200000.0,28400.0,2380.0,13
2013,5,13,-13.135,53.3257,10.0,0.04,0.4,10.7,4.11,2400000.0,56800.0,5540.0,13
2013,5,13,-12.596,53.3028,6.5,0.04,0.26,11.3,4.05,1610000.0,38100.0,3410.0,13
2013,5,13,-12.0327,53.2872,4.5,0.04,0.18,11.3,4.05,1120000.0,26400.0,2180.0,13
2013,5,13,-11.5387,53.2603,2.5,0.04,0.1,10.7,3.91,567000.0,13400.0,955.0,13
2013,5,13,-11.0525,53.2447,4.5,0.04,0.18,10.7,3.91,1020000.0,24200.0,1960.0,13
2013,5,13,-10.4927,53.2148,1.0,0.04,0.04,8.69,3.79,179000.0,4230.0,233.0,13
2013,6,24,-8.7333,54.8624,14.0,0.04,0.56,0.0,0.0,2500000.0,59300.0,5840.0,13
2013,6,24,-8.479,55.1467,4.0,0.04,0.16,4.72,2.56,262000.0,6210.0,372.0,13
2013,6,24,-8.1157,55.415,5.0,0.04,0.2,4.72,2.56,328000.0,7760.0,489.0,13
2013,6,24,-7.6812,55.6654,6.0,0.04,0.24,3.77,0.0,394000.0,9310.0,611.0,13
2013,6,24,-7.2568,55.9184,0.75,0.04,0.03,3.77,0.0,49200.0,1160.0,48.3,13
2013,6,25,-6.3553,55.7798,2.5,0.04,0.1,3.08,0.0,164000.0,3880.0,210.0,13
2013,6,25,-6.923,56.7903,3.0,0.04,0.12,2.6,1.41,60000.0,1420.0,61.5,13
2013,6,25,-7.5192,56.8005,2.5,0.04,0.1,3.86,1.35,70800.0,1680.0,75.3,13
2013,6,25,-7.0635,56.942,5.5,0.04,0.22,3.86,1.35,156000.0,3690.0,197.0,13
2013,6,25,-6.9335,57.0818,5.0,0.04,0.2,6.13,1.46,242000.0,5730.0,338.0,13
2013,6,25,-6.8589,57.2044,3.5,0.04,0.14,6.13,1.46,170000.0,4010.0,219.0,13
2013,6,25,-6.8087,57.3463,3.0,0.04,0.12,6.13,1.46,145000.0,3440.0,181.0,13
2013,6,25,-6.9382,57.4963,3.5,0.04,0.14,6.13,1.46,170000.0,4010.0,219.0,13
2013,6,25,-6.9266,57.7212,0.125,0.04,0.005,6.13,1.46,6060.0,143.0,3.75,13
2013,6,26,-6.3697,57.8575,1.0,0.04,0.04,4.24,1.25,28800.0,681.0,25.1,13
2013,6,26,-5.8602,57.6456,6.5,0.04,0.26,0.0,0.0032,187000.0,4420.0,246.0,13
2013,6,26,-5.9816,57.86,4.5,0.04,0.18,0.0,0.0032,129000.0,3060.0,157.0,13
2013,6,26,-6.1401,58.1218,2.0,0.04,0.08,5.09,0.0,57500.0,1360.0,58.5,13
2013,6,26,-5.6456,58.1133,5.5,0.04,0.22,0.0,0.499,158000.0,3740.0,201.0,13
2013,6,26,-5.8374,58.2619,2.0,0.04,0.08,0.0,0.499,57500.0,1360.0,58.5,13
2013,6,26,-5.9066,58.418,1.5,0.04,0.06,0.0,0.499,43100.0,1020.0,41.2,13
2013,6,26,-5.2691,58.4674,4.5,0.04,0.18,0.0,0.499,129000.0,3060.0,157.0,13
2013,6,27,-6.988,58.3932,5.5,0.04,0.22,4.24,0.0,158000.0,3740.0,201.0,13
2013,6,27,-7.493,58.3922,5.5,0.04,0.22,4.44,1.37,182000.0,4310.0,238.0,13
2013,6,27,-7.9812,58.3938,5.5,0.04,0.22,4.44,1.37,182000.0,4310.0,238.0,13
2013,6,27,-8.5004,58.3914,4.0,0.04,0.16,4.82,1.47,154000.0,3640.0,194.0,13
2013,6,27,-8.8417,58.275,3.0,0.04,0.12,4.82,1.47,115000.0,2730.0,136.0,13
2013,6,27,-9.1405,58.139,5.0,0.04,0.2,6.27,1.57,267000.0,6320.0,381.0,13
2013,6,27,-8.1394,58.1394,10.0,0.04,0.4,4.82,1.47,384000.0,9090.0,593.0,13
2013,6,27,-8.0079,58.1413,6.0,0.04,0.24,4.82,1.47,230000.0,5450.0,318.0,13
2013,6,28,-7.8377,57.8923,4.5,0.04,0.18,7.49,2.25,411000.0,9730.0,644.0,13
2013,6,28,-8.3328,57.8925,1.5,0.04,0.06,10.3,2.49,210000.0,4960.0,283.0,13
2013,6,28,-9.047,57.8926,5.0,0.04,0.2,10.8,2.72,796000.0,18800.0,1440.0,13
2013,6,28,-9.1247,57.7528,1.33,0.04,0.0532,10.8,2.72,212000.0,5010.0,287.0,13
2013,6,28,-9.4562,57.6719,3.0,0.04,0.12,10.8,2.72,477000.0,11300.0,773.0,13
2013,6,28,-9.1174,57.6449,8.0,0.04,0.32,10.8,2.72,1270000.0,30100.0,2560.0,13
2013,6,28,-8.816,57.6434,3.5,0.04,0.14,10.3,2.49,489000.0,11600.0,797.0,13
2013,6,29,-7.7631,57.5328,2.5,0.04,0.1,8.57,2.76,322000.0,7620.0,478.0,13
2013,6,29,-7.7928,58.2264,1.5,0.04,0.06,8.76,2.93,209000.0,4940.0,282.0,13
2013,6,29,-8.2517,57.3975,2.5,0.04,0.1,9.07,2.87,353000.0,8350.0,535.0,13
2013,6,29,-8.6233,57.3959,5.0,0.04,0.2,9.07,2.87,706000.0,16700.0,1250.0,13
2013,6,29,-9.0968,57.3943,4.5,0.04,0.18,9.71,2.94,698000.0,16500.0,1230.0,13
2013,6,29,-9.1894,57.3921,8.5,0.04,0.34,9.71,2.94,1320000.0,31200.0,2670.0,13
2013,6,29,-9.3149,57.2378,3.0,0.04,0.12,9.71,2.94,465000.0,11000.0,749.0,13
2013,6,29,-8.9816,57.1432,3.5,0.04,0.14,9.07,2.87,494000.0,11700.0,806.0,13
2013,6,30,-8.0433,56.8934,2.0,0.04,0.08,12.1,3.42,450000.0,10700.0,720.0,13
2013,6,30,-8.3182,56.894,4.0,0.04,0.16,12.1,3.42,901000.0,21300.0,1680.0,13
2013,6,30,-8.5613,56.8943,4.5,0.04,0.18,12.1,3.42,1010000.0,24000.0,1940.0,13
2013,6,30,-8.8169,56.892,6.5,0.04,0.26,12.1,3.42,1460000.0,34600.0,3030.0,13
2013,6,30,-9.0611,56.86,3.5,0.04,0.14,12.4,3.65,859000.0,20300.0,1580.0,13
2013,6,30,-8.8108,56.7686,1.5,0.04,0.06,12.1,3.42,338000.0,7990.0,507.0,13
2013,6,30,-8.2152,56.7686,4.0,0.04,0.16,12.1,3.42,901000.0,21300.0,1680.0,13
2013,6,30,-7.6984,56.759,2.0,0.04,0.08,10.4,2.97,337000.0,7980.0,506.0,13
2013,7,1,-8.3008,56.6445,7.0,0.04,0.28,8.32,3.22,1020000.0,24100.0,1950.0,13
2013,7,1,-8.5208,56.6437,12.0,0.04,0.48,8.32,3.22,1740000.0,41300.0,3760.0,13
2013,7,1,-8.6997,56.6432,3.5,0.04,0.14,8.32,3.22,509000.0,12000.0,836.0,13
2013,7,1,-9.0292,56.6042,3.33,0.04,0.133,8.6,3.24,504000.0,11900.0,825.0,13
2013,7,1,-8.939,56.5349,6.5,0.04,0.26,8.32,3.22,945000.0,22400.0,1780.0,13
2013,7,1,-8.3201,56.5197,1.5,0.04,0.06,8.32,3.22,218000.0,5160.0,297.0,13
2013,7,1,-7.2129,56.5179,4.5,0.04,0.18,7.22,3.03,536000.0,12700.0,890.0,13
2013,7,2,-8.4276,56.3936,1.0,0.04,0.04,7.73,2.2,92500.0,2190.0,104.0,13
2013,7,2,-8.8507,56.3934,5.0,0.04,0.2,7.73,2.2,462000.0,10900.0,744.0,13
2013,7,2,-9.1258,56.3308,2.5,0.04,0.1,8.27,2.29,258000.0,6100.0,364.0,13
2013,7,2,-8.8899,56.271,4.0,0.04,0.16,7.73,2.2,370000.0,8760.0,566.0,13
2013,7,2,-8.4232,56.2704,1.0,0.04,0.04,7.73,2.2,92500.0,2190.0,104.0,13
2013,7,2,-7.8168,56.2675,2.5,0.04,0.1,6.27,2.05,174000.0,4120.0,226.0,13
2013,7,2,-7.3098,56.2658,9.5,0.04,0.38,6.27,2.05,662000.0,15700.0,1150.0,13
2013,7,2,-6.9938,56.2692,5.0,0.04,0.2,7.16,2.15,418000.0,9890.0,657.0,13
2013,7,2,-6.6076,56.269,0.25,0.04,0.01,7.16,2.15,20900.0,495.0,17.0,13
2013,7,3,-7.051,56.1448,4.0,0.04,0.16,5.37,1.7,198000.0,4690.0,265.0,13
2013,7,3,-7.5329,56.1449,3.0,0.04,0.12,5.37,1.7,149000.0,3520.0,186.0,13
2013,7,3,-8.1652,56.1435,3.0,0.04,0.12,5.93,1.88,182000.0,4300.0,238.0,13
2013,7,3,-8.5121,56.1435,2.75,0.04,0.11,5.93,1.88,167000.0,3940.0,214.0,13
2013,7,3,-9.1441,56.1441,5.5,0.04,0.22,6.58,2.0,392000.0,9280.0,608.0,13
2013,7,3,-9.0728,56.0168,9.0,0.04,0.36,6.58,2.0,642000.0,15200.0,1110.0,13
2013,7,4,-7.2037,56.0184,0.667,0.04,0.0267,10.5,2.1,79600.0,1880.0,87.0,13
2013,7,4,-6.6083,55.9245,4.0,0.04,0.16,7.15,0.0,478000.0,11300.0,773.0,13
2013,7,4,-6.9837,55.8944,1.0,0.04,0.04,7.15,0.0,119000.0,2830.0,143.0,13
2013,7,4,-7.2974,55.8996,0.5,0.04,0.02,9.31,0.0,59700.0,1410.0,61.2,13
2013,7,4,-8.3532,55.8943,0.0,0.04,0.0,10.6,2.07,0.0,0.0,0.0,13
2013,7,5,-8.8105,55.7854,1.0,0.04,0.04,6.92,2.55,96000.0,2270.0,109.0,13
2013,7,5,-8.0393,55.7706,0.25,0.04,0.01,6.92,2.55,24000.0,568.0,20.1,13
2013,7,5,-7.4983,55.7689,2.0,0.04,0.08,6.13,0.0,192000.0,4540.0,254.0,13
2013,7,5,-6.9441,55.7739,6.0,0.04,0.24,5.24,0.0,576000.0,13600.0,972.0,13
2013,7,5,-6.7608,55.769,1.0,0.04,0.04,5.24,0.0,96000.0,2270.0,109.0,13
2013,7,5,-6.6912,55.6446,1.0,0.04,0.04,5.24,0.0,96000.0,2270.0,109.0,13
2013,7,5,-7.5645,55.6444,3.0,0.04,0.12,6.13,0.0,288000.0,6820.0,417.0,13
2013,7,6,-8.681,55.6457,0.0,0.04,0.0,5.56,2.06,0.0,0.0,0.0,13
2013,7,6,-8.1369,55.6449,2.0,0.04,0.08,5.56,2.06,124000.0,2950.0,150.0,13
2013,7,6,-9.1644,55.6448,6.0,0.04,0.24,8.77,2.29,655000.0,15500.0,1140.0,13
2013,7,6,-9.3718,55.5711,3.0,0.04,0.12,8.77,2.29,327000.0,7750.0,488.0,13
2013,7,6,-9.0275,55.5168,2.0,0.04,0.08,8.77,2.29,218000.0,5160.0,297.0,13
2013,7,6,-8.547,55.5186,1.5,0.04,0.06,5.56,2.06,93400.0,2210.0,106.0,13
2013,7,6,-8.3322,55.5222,1.5,0.04,0.06,5.56,2.06,93400.0,2210.0,106.0,13
2013,7,6,-7.7077,55.5186,0.5,0.04,0.02,4.64,0.0,31100.0,736.0,27.6,13
2013,7,7,-7.7167,55.3931,3.0,0.04,0.12,1.76,0.0,187000.0,4420.0,246.0,13
2013,7,7,-8.2878,55.394,1.0,0.04,0.04,1.81,2.09,20600.0,487.0,16.7,13
2013,7,7,-8.4818,55.3956,3.0,0.04,0.12,1.81,2.09,61700.0,1460.0,63.7,13
2013,7,7,-8.9365,55.3932,0.75,0.04,0.03,1.81,2.09,15400.0,365.0,11.7,13
2013,7,7,-9.9433,55.3148,8.0,0.04,0.32,2.18,2.17,205000.0,4850.0,276.0,13
2013,7,7,-9.5262,55.2678,1.0,0.04,0.04,2.18,2.17,25600.0,606.0,21.8,13
2013,7,7,-9.0802,55.2667,1.0,0.04,0.04,2.18,2.17,25600.0,606.0,21.8,13
2013,7,8,-8.8281,55.1424,1.0,0.04,0.04,1.65,1.43,12900.0,304.0,9.4,13
2013,7,8,-9.0963,55.1424,1.0,0.04,0.04,0.769,1.39,5830.0,138.0,3.58,13
2013,7,8,-9.6474,55.1422,6.5,0.04,0.26,0.769,1.39,37900.0,896.0,35.1,13
2013,7,8,-9.9935,55.145,3.0,0.04,0.12,0.769,1.39,17500.0,414.0,13.7,13
2013,7,8,-9.9631,55.0173,4.0,0.04,0.16,0.769,1.39,23300.0,551.0,19.4,13
2013,7,8,-9.44,55.0179,0.5,0.04,0.02,0.769,1.39,2910.0,68.9,1.54,13
2013,7,8,-9.0021,55.0189,3.0,0.04,0.12,0.769,1.39,17500.0,414.0,13.7,13
2013,7,8,-8.5834,54.9872,0.5,0.04,0.02,0.0,0.0,2910.0,68.9,1.54,13
2013,7,9,-9.6589,54.8935,1.5,0.04,0.06,0.0,0.0,8740.0,207.0,5.87,13
2013,7,9,-10.1941,54.8947,0.0,0.04,0.0,4.78,0.741,0.0,0.0,0.0,13
2013,7,9,-10.5866,54.6615,0.5,0.04,0.02,4.78,0.741,9620.0,228.0,6.6,13
2013,7,9,-10.2014,54.6454,11.0,0.04,0.44,4.78,0.741,212000.0,5010.0,287.0,13
2013,7,9,-10.0192,54.6444,2.0,0.04,0.08,4.78,0.741,38500.0,911.0,35.8,13
2013,7,9,-8.8472,54.646,4.0,0.04,0.16,0.0,0.0,77000.0,1820.0,83.4,13
2013,7,10,-9.953,54.3933,0.0,0.04,0.0,0.0,0.0,0.0,0.0,0.0,13
2013,7,10,-10.5302,54.3925,0.5,0.04,0.02,4.52,0.512,6290.0,149.0,3.93,13
2013,7,10,-10.9111,54.1537,0.5,0.04,0.02,4.52,0.512,6290.0,149.0,3.93,13
2013,7,10,-10.5906,54.1406,3.5,0.04,0.14,4.52,0.512,44000.0,1040.0,42.2,13
2013,7,10,-10.2714,54.0938,3.0,0.04,0.12,4.52,0.512,37700.0,893.0,35.0,13
2013,7,10,-10.0648,53.8916,3.5,0.04,0.14,2.19,0.477,19900.0,470.0,16.0,13
2013,7,10,-10.52,53.8944,1.0,0.04,0.04,2.19,0.477,5680.0,134.0,3.47,13
2013,7,10,-11.0752,53.8925,1.0,0.04,0.04,3.73,0.494,10000.0,237.0,6.92,13
2013,7,11,-11.3777,53.6423,0.5,0.04,0.02,1.59,0.403,1740.0,41.1,0.819,13
2013,7,11,-10.9375,53.6478,1.5,0.04,0.06,3.28,0.38,10200.0,241.0,7.06,13
2013,7,11,-10.6736,53.6494,3.0,0.04,0.12,3.28,0.38,20300.0,481.0,16.5,13
2013,7,11,-10.341,53.5777,4.0,0.04,0.16,3.28,0.38,27100.0,642.0,23.4,13
2013,7,11,-10.1062,53.2716,1.0,0.04,0.04,3.28,0.38,6780.0,160.0,4.31,13
2013,10,9,-9.6665,51.5736,5.5,0.04,0.22,8.02,1.79,429000.0,10200.0,679.0,13
2013,10,9,-9.6669,51.5735,17.0,0.04,0.68,8.02,1.79,1330000.0,31400.0,2690.0,13
2013,10,9,-9.6665,51.5735,26.0,0.04,1.04,8.02,1.79,2030000.0,48000.0,4510.0,13
2013,10,9,-9.6666,51.5734,56.0,0.04,2.24,8.02,1.79,4370000.0,103000.0,11500.0,13
2013,10,9,-9.6666,51.5736,230.0,0.04,9.2,8.02,1.79,17900000.0,425000.0,64500.0,13
2013,10,9,-9.6672,51.5735,11.0,0.04,0.44,8.02,1.79,858000.0,20300.0,1580.0,13
2013,10,9,-9.8397,51.496,2.5,0.04,0.1,8.02,1.79,195000.0,4610.0,259.0,13
2013,10,9,-9.9886,51.2916,8.0,0.04,0.32,8.02,1.79,624000.0,14800.0,1070.0,13
2013,10,9,-9.9876,51.1913,72.0,0.04,2.88,8.02,1.79,5620000.0,133000.0,15600.0,13
2013,10,9,-9.987,51.1472,340.0,0.04,13.6,8.02,1.79,26500000.0,628000.0,104000.0,13
2013,10,10,-9.2427,51.1291,2.5,0.04,0.1,8.22,1.52,169000.0,4010.0,218.0,13
2013,10,10,-9.221,51.4435,124.0,0.04,4.96,8.22,1.52,8400000.0,199000.0,25500.0,13
2013,10,10,-9.1542,51.4531,270.0,0.04,10.8,8.22,1.52,18300000.0,433000.0,66000.0,13
2013,10,10,-9.1352,51.4575,22.0,0.04,0.88,8.22,1.52,1490000.0,35200.0,3100.0,13
2013,10,10,-9.1328,51.2709,12.0,0.04,0.48,8.22,1.52,812000.0,19200.0,1480.0,13
2013,10,10,-9.1232,51.1831,2.0,0.04,0.08,8.22,1.52,135000.0,3200.0,166.0,13
2013,10,10,-9.0261,51.3757,220.0,0.04,8.8,8.22,1.52,14900000.0,352000.0,51400.0,13
2013,10,10,-9.0264,51.3936,31.0,0.04,1.24,8.22,1.52,2100000.0,49700.0,4710.0,13
2013,10,10,-9.0322,51.498,88.0,0.04,3.52,8.22,1.52,5960000.0,141000.0,16800.0,13
2013,10,10,-9.0448,51.5353,12.0,0.04,0.48,8.22,1.52,812000.0,19200.0,1480.0,13
2013,10,10,-8.9479,51.2387,1.0,0.04,0.04,9.0,1.53,74800.0,1770.0,80.5,13
2013,10,11,-8.3788,51.3024,14.0,0.04,0.56,10.0,1.85,1410000.0,33400.0,2900.0,13
2013,10,11,-8.3808,51.3647,76.0,0.04,3.04,10.0,1.85,7660000.0,181000.0,22900.0,13
2013,10,11,-8.3689,51.369,14.0,0.04,0.56,10.0,1.85,1410000.0,33400.0,2900.0,13
2013,10,11,-8.3356,51.2551,190.0,0.04,7.6,10.0,1.85,19200000.0,453000.0,69900.0,13
2013,10,11,-8.4358,51.2377,2.0,0.04,0.08,10.0,1.85,202000.0,4770.0,270.0,13
2013,10,11,-8.3283,51.0135,210.0,0.04,8.4,10.0,1.85,21200000.0,501000.0,79000.0,13
2013,10,11,-8.3272,50.989,19.0,0.04,0.76,9.48,2.13,2080000.0,49300.0,4660.0,13
2013,10,11,-8.2764,50.9654,36.0,0.04,1.44,9.48,2.13,3950000.0,93400.0,10200.0,13
2013,10,11,-8.2775,51.0416,7.5,0.04,0.3,10.0,1.85,756000.0,17900.0,1360.0,13
2013,10,11,-8.2835,51.3406,152.0,0.04,6.08,10.0,1.85,15300000.0,363000.0,53300.0,13
2013,10,12,-8.019,51.0451,270.0,0.04,10.8,8.86,1.4,18200000.0,431000.0,65800.0,13
2013,10,12,-8.0198,51.0258,38.0,0.04,1.52,8.86,1.4,2570000.0,60700.0,6020.0,13
2013,10,12,-7.9642,51.0196,3.0,0.04,0.12,8.91,1.31,191000.0,4510.0,252.0,13
2013,10,12,-7.9653,51.1533,36.0,0.04,1.44,8.91,1.31,2290000.0,54200.0,5230.0,13
2013,10,12,-7.9644,51.1804,9.0,0.04,0.36,8.91,1.31,572000.0,13500.0,964.0,13
2013,10,12,-7.9628,51.3238,210.0,0.04,8.4,8.91,1.31,13400000.0,316000.0,45000.0,13
2013,10,12,-7.9631,51.3306,10.0,0.04,0.4,8.91,1.31,636000.0,15000.0,1100.0,13
2013,10,12,-7.9613,51.4278,3.0,0.04,0.12,8.91,1.31,191000.0,4510.0,252.0,13
2013,10,12,-7.9559,51.4849,80.0,0.04,3.2,8.91,1.31,5090000.0,120000.0,13900.0,13
2013,10,12,-7.9159,51.1935,8.0,0.04,0.32,8.91,1.31,509000.0,12000.0,835.0,13
2013,10,13,-7.6946,51.0167,180.0,0.04,7.2,5.2,1.09,5530000.0,131000.0,15400.0,13
2013,10,13,-7.6849,51.0071,6.0,0.04,0.24,5.2,1.09,184000.0,4370.0,242.0,13
2013,10,13,-7.6355,51.3359,64.0,0.04,2.56,5.2,1.09,1970000.0,46600.0,4350.0,13
2013,10,13,-7.6365,51.3744,14.0,0.04,0.56,5.2,1.09,430000.0,10200.0,681.0,13
2013,10,13,-7.6388,51.4627,8.0,0.04,0.32,5.2,1.09,246000.0,5820.0,344.0,13
2013,10,13,-7.5905,51.5644,2.5,0.04,0.1,5.2,1.09,76900.0,1820.0,83.3,13
2013,10,13,-7.5877,51.2687,68.0,0.04,2.72,5.2,1.09,2090000.0,49500.0,4690.0,13
2013,10,13,-7.5873,51.2221,10.0,0.04,0.4,5.2,1.09,307000.0,7280.0,452.0,13
2013,10,13,-7.5869,51.1028,6.0,0.04,0.24,5.2,1.09,184000.0,4370.0,242.0,13
2013,10,13,-7.5611,51.007,260.0,0.04,10.4,5.2,1.09,7990000.0,189000.0,24100.0,13
2013,10,14,-7.3742,51.2456,400.0,0.04,16.0,4.56,1.24,12300000.0,291000.0,40700.0,13
2013,10,14,-7.3738,51.2285,49.0,0.04,1.96,4.56,1.24,1510000.0,35700.0,3140.0,13
2013,10,14,-7.3742,51.1271,44.0,0.04,1.76,4.56,1.24,1350000.0,32000.0,2760.0,13
2013,10,14,-7.3777,51.1507,4.0,0.04,0.16,4.56,1.24,123000.0,2910.0,148.0,13
2013,10,14,-7.3256,51.0065,28.0,0.04,1.12,4.56,1.24,861000.0,20400.0,1590.0,13
2013,10,14,-7.3256,51.0969,64.0,0.04,2.56,4.56,1.24,1970000.0,46600.0,4350.0,13
2013,10,14,-7.3256,51.1338,4.0,0.04,0.16,4.56,1.24,123000.0,2910.0,148.0,13
2013,10,14,-7.3239,51.4812,290.0,0.04,11.6,4.56,1.24,8920000.0,211000.0,27500.0,13
2013,10,14,-7.3245,51.4956,16.0,0.04,0.64,4.56,1.24,492000.0,11600.0,803.0,13
2013,10,14,-7.3174,51.6722,16.0,0.04,0.64,4.56,1.24,492000.0,11600.0,803.0,13
2013,10,15,-7.154,51.0566,480.0,0.04,19.2,7.54,0.968,19000000.0,451000.0,69400.0,13
2013,10,15,-7.1536,51.041,8.0,0.04,0.32,7.54,0.968,317000.0,7510.0,470.0,13
2013,10,15,-7.0935,51.0063,4.0,0.04,0.16,7.54,0.968,159000.0,3760.0,202.0,13
2013,10,15,-7.0939,51.3341,156.0,0.04,6.24,7.54,0.968,6190000.0,146000.0,17600.0,13
2013,10,15,-7.0945,51.3796,14.0,0.04,0.56,7.54,0.968,555000.0,13100.0,930.0,13
2013,10,15,-7.0944,51.5043,11.0,0.04,0.44,7.54,0.968,436000.0,10300.0,693.0,13
2013,10,15,-7.04,51.681,144.0,0.04,5.76,7.54,0.968,5710000.0,135000.0,16000.0,13
2013,10,15,-7.0385,51.6399,310.0,0.04,12.4,7.54,0.968,12300000.0,291000.0,40700.0,13
2013,10,15,-7.039,51.6278,24.0,0.04,0.96,7.54,0.968,952000.0,22500.0,1790.0,13
2013,10,15,-7.0381,51.541,21.0,0.04,0.84,7.54,0.968,833000.0,19700.0,1520.0,13
2013,10,16,-6.8722,51.0404,12.0,0.04,0.48,10.4,2.33,1580000.0,37300.0,3320.0,13
2013,10,16,-6.8744,51.1226,25.0,0.04,1.0,10.4,2.33,3280000.0,77700.0,8130.0,13
2013,10,16,-6.8739,51.1522,230.0,0.04,9.2,10.4,2.33,30200000.0,715000.0,122000.0,13
2013,10,16,-6.8734,51.1594,9.0,0.04,0.36,10.4,2.33,1180000.0,28000.0,2340.0,13
2013,10,16,-6.8773,51.312,140.0,0.04,5.6,10.4,2.33,18400000.0,435000.0,66500.0,13
2013,10,16,-6.8775,51.33,24.0,0.04,0.96,10.4,2.33,3150000.0,74600.0,7730.0,13
2013,10,16,-6.8787,51.3704,16.0,0.04,0.64,10.4,2.33,2100000.0,49700.0,4720.0,13
2013,10,16,-6.8793,51.4163,8.0,0.04,0.32,10.4,2.33,1050000.0,24900.0,2020.0,13
2013,10,16,-6.881,51.6165,4.5,0.04,0.18,10.4,2.33,591000.0,14000.0,1000.0,13
2013,10,16,-6.8795,51.4487,64.0,0.04,2.56,10.4,2.33,8410000.0,199000.0,25600.0,13
2013,10,17,-6.9965,52.0181,4.0,0.04,0.16,6.6,1.33,191000.0,4520.0,253.0,13
2013,10,17,-7.0988,52.0167,28.0,0.04,1.12,6.82,0.0,1340000.0,31600.0,2710.0,13
2013,10,17,-7.1583,52.0172,5.0,0.04,0.2,6.82,0.0,239000.0,5640.0,332.0,13
2013,10,17,-6.9859,52.1515,10.0,0.04,0.4,6.6,1.33,477000.0,11300.0,772.0,13
2013,10,17,-6.9835,52.1512,13.0,0.04,0.52,6.6,1.33,620000.0,14700.0,1060.0,13
2013,10,17,-6.8986,52.0407,130.0,0.04,5.2,6.6,1.33,6200000.0,147000.0,17700.0,13
2013,10,17,-6.8861,52.0275,4.5,0.04,0.18,6.6,1.33,215000.0,5080.0,292.0,13
2013,10,17,-6.7121,51.7374,52.0,0.04,2.08,6.6,2.94,5470000.0,129000.0,15200.0,13
2013,10,17,-6.7125,51.7278,200.0,0.04,8.0,6.6,2.94,21000000.0,498000.0,78400.0,13
2013,10,17,-6.7122,51.7174,18.0,0.04,0.72,6.6,2.94,1890000.0,44800.0,4150.0,13
2013,10,18,-6.5092,51.1882,23.0,0.04,0.92,11.8,2.79,4130000.0,97700.0,10700.0,13
2013,10,18,-6.51,51.0707,280.0,0.04,11.2,11.8,2.79,50300000.0,1190000.0,227000.0,13
2013,10,18,-6.51,51.0596,16.0,0.04,0.64,11.8,2.79,2870000.0,68000.0,6900.0,13
2013,10,18,-6.5099,50.9933,52.0,0.04,2.08,10.2,2.78,8050000.0,191000.0,24300.0,13
2013,10,18,-6.4822,50.9869,7.0,0.04,0.28,10.2,2.78,1080000.0,25700.0,2100.0,13
2013,10,18,-6.442,51.2198,160.0,0.04,6.4,11.8,2.79,28700000.0,680000.0,115000.0,13
2013,10,18,-6.4425,51.256,60.0,0.04,2.4,11.8,2.79,10800000.0,255000.0,34600.0,13
2013,10,18,-6.4426,51.2787,2.5,0.04,0.1,11.8,2.79,449000.0,10600.0,717.0,13
2013,10,18,-6.3436,51.3288,230.0,0.04,9.2,11.8,2.79,41300000.0,977000.0,178000.0,13
2013,10,18,-6.401,51.4267,40.0,0.04,1.6,11.8,2.79,7180000.0,170000.0,21100.0,13
2013,10,19,-6.1702,51.3321,180.0,0.04,7.2,10.3,2.89,29000000.0,686000.0,116000.0,13
2013,10,19,-6.1689,51.3171,20.0,0.04,0.8,10.3,2.89,3220000.0,76200.0,7930.0,13
2013,10,19,-6.1649,51.25,8.0,0.04,0.32,10.3,2.89,1290000.0,30500.0,2590.0,13
2013,10,19,-6.1633,51.1816,84.0,0.04,3.36,10.3,2.89,13500000.0,320000.0,45700.0,13
2013,10,19,-6.1635,51.1996,4.5,0.04,0.18,10.3,2.89,724000.0,17100.0,1290.0,13
2013,10,19,-6.1555,51.0237,64.0,0.04,2.56,10.3,2.89,10300000.0,244000.0,32800.0,13
2013,10,19,-6.1053,51.0173,16.0,0.04,0.64,10.3,2.89,2580000.0,60900.0,6040.0,13
2013,10,19,-6.1022,51.0626,2.0,0.04,0.08,10.3,2.89,322000.0,7620.0,478.0,13
2013,10,19,-6.1121,51.3522,150.0,0.04,6.0,10.3,2.89,24100000.0,571000.0,92700.0,13
2013,10,19,-6.1119,51.4241,8.0,0.04,0.32,10.3,2.89,1290000.0,30500.0,2590.0,13
2013,10,20,-6.4422,51.6587,72.0,0.04,2.88,11.8,4.03,18600000.0,441000.0,67500.0,13
2013,10,20,-6.4403,51.6337,13.0,0.04,0.52,11.8,4.03,3360000.0,79600.0,8370.0,13
2013,10,20,-6.4465,51.5313,100.0,0.04,4.0,11.8,4.03,25900000.0,612000.0,101000.0,13
2013,10,20,-6.4408,51.5169,14.0,0.04,0.56,11.8,4.03,3620000.0,85700.0,9160.0,13
2013,10,20,-6.4458,51.5279,5.5,0.04,0.22,11.8,4.03,1420000.0,33700.0,2930.0,13
2013,10,20,-6.4939,51.467,80.0,0.04,3.2,11.8,4.03,20700000.0,490000.0,76800.0,13
2013,10,20,-6.4918,51.4856,2.5,0.04,0.1,11.8,4.03,647000.0,15300.0,1120.0,13
2013,10,20,-6.4914,51.8457,48.0,0.04,1.92,11.8,4.03,12400000.0,294000.0,41200.0,13
2013,10,20,-6.5061,51.8844,19.0,0.04,0.76,11.8,4.03,4920000.0,116000.0,13300.0,13
2013,10,20,-6.5512,51.8215,16.0,0.04,0.64,11.8,4.03,4140000.0,98000.0,10800.0,13
2013,10,21,-6.8465,52.057,18.0,0.04,0.72,10.6,2.83,2920000.0,69200.0,7060.0,13
2013,10,21,-6.8667,51.9943,8.0,0.04,0.32,12.5,3.77,2060000.0,48700.0,4590.0,13
2013,10,21,-6.8537,51.8756,76.0,0.04,3.04,12.5,3.77,19500000.0,462000.0,71600.0,13
2013,10,21,-6.8807,51.853,4.5,0.04,0.18,12.5,3.77,1160000.0,27400.0,2280.0,13
2013,10,21,-6.9765,52.111,60.0,0.04,2.4,10.6,2.83,9750000.0,231000.0,30600.0,13
2013,10,21,-6.9775,52.1021,124.0,0.04,4.96,10.6,2.83,20100000.0,477000.0,74300.0,13
2013,10,21,-6.9606,52.077,6.0,0.04,0.24,10.6,2.83,975000.0,23100.0,1850.0,13
2013,10,21,-6.9613,51.9744,20.0,0.04,0.8,12.5,3.77,5140000.0,122000.0,14000.0,13
2013,10,21,-6.9615,51.9659,28.0,0.04,1.12,12.5,3.77,7200000.0,170000.0,21200.0,13
2013,10,22,-7.2274,51.9549,28.0,0.04,1.12,9.55,3.73,5430000.0,128000.0,15000.0,13
2013,10,22,-7.1963,52.0407,8.0,0.04,0.32,7.97,0.0,1550000.0,36700.0,3250.0,13
2013,10,22,-7.2237,52.0725,76.0,0.04,3.04,7.97,0.0,14700000.0,349000.0,50700.0,13
2013,10,22,-7.2243,52.0411,5.0,0.04,0.2,7.97,0.0,969000.0,22900.0,1830.0,13
2013,10,22,-7.2243,52.0298,2.5,0.04,0.1,7.97,0.0,485000.0,11500.0,787.0,13
2013,10,22,-7.2663,52.123,104.0,0.04,4.16,7.97,0.0,20200000.0,477000.0,74400.0,13
2013,10,22,-7.278,52.0947,22.0,0.04,0.88,7.97,0.0,4260000.0,101000.0,11200.0,13
2013,10,22,-7.278,51.9613,2.5,0.04,0.1,9.55,3.73,485000.0,11500.0,787.0,13
2013,10,22,-7.3319,51.7234,50.0,0.04,2.0,9.55,3.73,9690000.0,229000.0,30400.0,13
2013,10,22,-7.3335,51.7479,7.0,0.04,0.28,9.55,3.73,1360000.0,32100.0,2760.0,13
2013,10,23,-7.5335,51.8554,140.0,0.04,5.6,7.18,3.44,18800000.0,444000.0,68200.0,13
2013,10,23,-7.5351,51.8727,108.0,0.04,4.32,7.18,3.44,14500000.0,343000.0,49700.0,13
2013,10,23,-7.5338,51.9071,11.0,0.04,0.44,7.18,3.44,1480000.0,34900.0,3060.0,13
2013,10,23,-7.5508,51.9966,3.5,0.04,0.14,7.18,3.44,470000.0,11100.0,758.0,13
2013,10,23,-7.5858,51.7087,16.0,0.04,0.64,7.18,3.44,2150000.0,50800.0,4840.0,13
2013,10,23,-7.5952,51.6287,7.0,0.04,0.28,7.18,3.44,939000.0,22200.0,1760.0,13
2013,10,23,-7.6554,51.728,100.0,0.04,4.0,7.18,3.44,13400000.0,317000.0,45300.0,13
2013,10,23,-7.6552,51.7437,2.5,0.04,0.1,7.18,3.44,335000.0,7940.0,502.0,13
2013,10,23,-7.675,51.8503,72.0,0.04,2.88,7.18,3.44,9660000.0,229000.0,30300.0,13
2013,10,23,-7.7425,51.8107,12.0,0.04,0.48,7.18,3.44,1610000.0,38100.0,3410.0,13
2013,10,24,-7.972,51.7497,38.0,0.04,1.52,11.3,2.42,5650000.0,134000.0,15800.0,13
2013,10,24,-7.9871,51.7351,112.0,0.04,4.48,11.3,2.42,16700000.0,394000.0,58900.0,13
2013,10,24,-7.9926,51.717,13.0,0.04,0.52,11.3,2.42,1930000.0,45800.0,4260.0,13
2013,10,24,-7.9696,51.7937,5.0,0.04,0.2,11.3,2.42,744000.0,17600.0,1330.0,13
2013,10,24,-8.0516,51.7185,90.0,0.04,3.6,8.84,2.57,11100000.0,263000.0,36000.0,13
2013,10,24,-8.0402,51.7099,136.0,0.04,5.44,8.84,2.57,16800000.0,398000.0,59600.0,13
2013,10,24,-8.0384,51.6762,14.0,0.04,0.56,8.84,2.57,1730000.0,41000.0,3720.0,13
2013,10,24,-8.0392,51.6005,12.0,0.04,0.48,8.84,2.57,1480000.0,35100.0,3080.0,13
2013,10,24,-8.0896,51.5158,80.0,0.04,3.2,8.84,2.57,9890000.0,234000.0,31200.0,13
2013,10,25,-8.0898,51.531,2.5,0.04,0.1,8.3,2.79,315000.0,7460.0,466.0,13
2013,10,25,-8.4109,51.5053,16.0,0.04,0.64,8.3,2.79,2020000.0,47700.0,4490.0,13
2013,10,25,-8.4203,51.6736,116.0,0.04,4.64,8.3,2.79,14600000.0,346000.0,50300.0,13
2013,10,25,-8.4497,51.6532,20.0,0.04,0.8,8.3,2.79,2520000.0,59700.0,5890.0,13
2013,10,25,-8.4738,51.66,2.0,0.04,0.08,8.3,2.79,252000.0,5970.0,355.0,13
2013,10,25,-8.4797,51.6079,120.0,0.04,4.8,8.3,2.79,15100000.0,358000.0,52400.0,13
2013,10,25,-8.4675,51.599,8.0,0.04,0.32,8.3,2.79,1010000.0,23900.0,1930.0,13
2013,10,25,-8.4543,51.4528,18.0,0.04,0.72,8.3,2.79,2270000.0,53700.0,5180.0,13
2013,10,25,-8.4503,51.3842,2.0,0.04,0.08,8.3,2.79,252000.0,5970.0,355.0,13
2013,10,25,-8.9761,51.4196,108.0,0.04,4.32,8.3,2.79,13600000.0,322000.0,46100.0,13
2013,10,25,-8.0305,51.4173,160.0,0.04,6.4,8.3,2.79,20200000.0,477000.0,74400.0,13
2017,9,11,146.4975,40.0003,0.0135,0.91,0.0123,2.94,1.17,5740.0,136.0,3.51,14
2017,8,28,123.9717,20.9922,0.00895,0.91,0.00815,6.62,1.46,10700.0,253.0,7.5,14
2017,8,28,125.9808,20.9944,0.0752,0.91,0.0685,7.61,1.71,121000.0,2870.0,145.0,14
2017,8,29,127.9903,20.9978,0.00947,0.91,0.00863,7.98,1.89,17600.0,417.0,13.8,14
2017,8,30,129.9906,20.9997,0.211,0.91,0.192,0.655,1.99,34000.0,805.0,30.8,14
2017,9,2,139.9958,20.9981,0.141,0.91,0.128,5.59,2.19,214000.0,5070.0,291.0,14
2017,9,4,146.4594,20.9931,0.00792,0.91,0.00722,7.73,1.99,15100.0,357.0,11.4,14
2017,9,6,146.5467,26.9953,0.062,0.91,0.0565,1.36,1.59,16600.0,392.0,12.8,14
2017,9,9,146.5014,34.9617,0.0209,0.91,0.019,8.46,1.81,39600.0,936.0,37.0,14
2017,9,10,146.49,36.995,0.0032,0.91,0.00292,2.57,1.4,1420.0,33.7,0.642,14
2017,9,10,146.5228,37.9986,0.0035,0.91,0.00319,2.33,1.39,1400.0,33.2,0.63,14
2017,9,11,146.5139,38.99,0.169,0.91,0.154,5.6,1.07,125000.0,2960.0,151.0,14
2017,9,15,151.9481,35.025,0.00331,0.91,0.00302,8.06,1.67,5510.0,130.0,3.34,14
2017,9,15,150.0047,34.9792,0.00939,0.91,0.00855,5.51,1.42,9120.0,216.0,6.19,14
2017,9,16,147.9928,35.0083,7.5e-05,0.91,6.83e-05,7.19,1.5,99.9,2.36,0.0251,14
2017,9,24,119.9733,21.0236,0.00557,0.91,0.00507,4.97,1.36,4650.0,110.0,2.72,14
2017,9,24,119.4892,20.9969,0.0478,0.91,0.0435,4.14,1.38,33900.0,801.0,30.6,14
2017,9,24,118.9903,21.0083,0.0723,0.91,0.0659,5.03,1.42,64100.0,1520.0,66.7,14
2013,7,6,7.2703,43.6874,0.498,1.0,0.498,1.24,0.118,9890.0,234.0,6.83,15
2013,7,7,6.01,43.0733,0.395,1.0,0.395,2.33,0.0892,11100.0,263.0,7.89,15
2013,7,7,5.9242,43.0887,0.975,1.0,0.975,2.4,0.0852,27100.0,640.0,23.3,15
2013,7,7,5.9284,43.1006,0.488,1.0,0.488,2.4,0.0852,13500.0,320.0,10.0,15
2013,7,8,6.5926,43.2741,0.198,1.0,0.198,3.48,0.29,27100.0,642.0,23.4,15
2013,7,9,7.0301,43.5332,0.61,1.0,0.61,3.72,0.138,42700.0,1010.0,40.6,15
2013,7,10,7.79,43.4431,0.274,1.0,0.274,3.31,0.183,22600.0,535.0,18.7,15
2013,7,13,7.2665,43.6877,2.89,1.0,2.89,3.38,0.195,259000.0,6130.0,367.0,15
2013,7,14,7.238,43.6561,0.305,1.0,0.305,2.17,0.133,12000.0,283.0,8.61,15
2013,7,14,7.1672,43.594,0.116,1.0,0.116,2.17,0.133,4550.0,108.0,2.65,15
2013,7,14,7.7969,43.4406,0.846,1.0,0.846,2.17,0.133,33200.0,785.0,29.9,15
2013,7,15,8.7211,42.6175,0.302,1.0,0.302,0.0,0.2,11800.0,280.0,8.51,15
2013,7,16,8.7351,42.5748,0.572,1.0,0.572,0.0,0.0665,22400.0,531.0,18.5,15
2013,7,16,8.5517,42.7846,0.284,1.0,0.284,0.0,0.0665,11100.0,264.0,7.89,15
2013,7,17,7.8894,43.3903,0.108,1.0,0.108,0.698,0.056,574.0,13.6,0.212,15
2013,7,17,7.4105,43.7134,0.397,1.0,0.397,0.698,0.056,2110.0,49.9,1.04,15
2013,7,17,7.4893,43.7589,0.196,1.0,0.196,0.698,0.056,1040.0,24.6,0.438,15
2013,7,20,7.2733,43.6907,1.47,1.0,1.47,1.94,0.0383,14900.0,352.0,11.2,15
2013,7,22,8.497,44.2604,0.302,1.0,0.302,3.33,0.0,3050.0,72.3,1.63,15
2013,7,22,8.4899,44.3123,1.66,1.0,1.66,3.33,0.0,16800.0,397.0,13.0,15
2013,7,23,8.9201,44.4099,0.846,1.0,0.846,3.74,0.0,8550.0,202.0,5.72,15
2013,7,24,7.5895,43.7844,0.31,1.0,0.31,6.35,0.535,143000.0,3390.0,178.0,15
2013,7,25,7.2742,43.6904,2.58,1.0,2.58,4.3,0.513,773000.0,18300.0,1390.0,15
2013,7,27,7.2771,43.6899,1.2,1.0,1.2,2.19,0.22,78700.0,1860.0,85.8,15
2013,7,28,7.0695,43.5117,0.257,1.0,0.257,4.05,0.761,108000.0,2550.0,126.0,15
2013,7,28,7.0281,43.5347,0.277,1.0,0.277,4.05,0.761,116000.0,2740.0,138.0,15
2013,7,28,7.0891,43.2954,0.482,1.0,0.482,4.05,0.761,202000.0,4770.0,270.0,15
2013,7,31,6.8482,43.0362,0.213,1.0,0.213,3.34,0.278,26800.0,635.0,23.1,15
2013,8,1,7.1724,43.4579,0.52,1.0,0.52,3.12,0.181,39900.0,945.0,37.5,15
2013,8,3,7.2688,43.6857,0.385,1.0,0.385,3.75,0.0414,8130.0,192.0,5.37,15
2013,8,3,7.1346,43.6028,0.55,1.0,0.55,3.75,0.0414,11600.0,275.0,8.31,15
2013,8,5,8.2006,44.0189,0.903,1.0,0.903,3.42,0.0,19100.0,451.0,15.2,15
2013,8,6,7.6786,43.7775,0.14,1.0,0.14,1.61,0.0721,2200.0,52.2,1.09,15
2011,6,10,163.5966,-39.3111,0.00212,0.94,0.00198,10.2,2.67,7340.0,174.0,4.74,16
2011,6,11,160.418,-39.9515,0.00485,0.94,0.00454,7.3,2.93,13200.0,312.0,9.68,16
2011,6,12,155.8904,-40.6348,0.0052,0.94,0.00487,6.05,2.91,11600.0,275.0,8.31,16
2011,6,13,152.2834,-41.1345,0.00288,0.94,0.0027,5.36,2.95,5790.0,137.0,3.55,16
2011,8,12,145.7996,-43.5773,0.0787,0.94,0.0737,3.04,1.7,51700.0,1220.0,51.3,16
2011,8,13,144.5419,-41.922,0.0338,0.94,0.0316,4.58,2.59,51000.0,1210.0,50.6,16
2011,8,14,142.4187,-39.0414,0.0103,0.94,0.00964,9.7,2.27,28800.0,682.0,25.2,16
2011,8,15,139.8259,-37.8891,0.019,0.94,0.0178,7.1,1.65,28300.0,669.0,24.6,16
2011,8,16,135.6867,-36.056,0.00688,0.94,0.00644,15.9,4.72,65600.0,1550.0,68.6,16
2011,8,17,132.1821,-35.4807,0.00413,0.94,0.00387,12.0,6.1,38600.0,913.0,35.9,16
2011,8,18,127.266,-35.0722,0.0,0.94,0.0,3.07,4.01,0.0,0.0,0.0,16
2011,8,19,121.8174,-34.6037,0.003,0.94,0.00281,9.14,2.96,10300.0,245.0,7.2,16
2011,8,20,118.6228,-35.3149,0.00488,0.94,0.00457,6.28,3.14,12200.0,289.0,8.85,16
2011,8,22,114.4908,-33.1138,0.0015,0.94,0.0014,11.2,4.83,10300.0,245.0,7.21,16
2012,4,11,148.4482,-41.8978,0.0114,0.94,0.0107,5.25,0.0,78600.0,1860.0,85.6,16
2012,4,12,148.8926,-39.6565,0.0,0.94,0.0,10.4,0.0,0.0,0.0,0.0,16
2012,4,13,150.3971,-37.6445,0.0196,0.94,0.0183,5.32,0.859,11400.0,269.0,8.11,16
2012,4,13,150.8398,-35.4038,0.0647,0.94,0.0606,4.76,0.407,15900.0,377.0,12.2,16
2012,4,14,152.0031,-33.8816,0.0277,0.94,0.0259,5.86,0.678,14000.0,331.0,10.4,16
2012,4,15,152.6923,-33.1718,0.115,0.94,0.108,3.41,0.738,36800.0,871.0,33.9,16
2012,4,15,153.3764,-31.0315,0.02,0.94,0.0187,7.2,1.1,20100.0,475.0,16.2,16
2012,4,16,153.9211,-28.342,0.125,0.94,0.117,4.51,0.0,125000.0,2970.0,151.0,16
2012,4,17,153.3779,-26.7298,0.0344,0.94,0.0322,6.1,0.0769,2050.0,48.6,1.0,16
2012,5,4,155.2088,-24.9181,0.00146,0.94,0.00137,8.61,3.0,4800.0,114.0,2.83,16
2012,5,6,162.3385,-23.8705,0.0463,0.94,0.0433,6.93,2.77,113000.0,2670.0,133.0,16
2012,5,7,166.6191,-23.2135,0.00121,0.94,0.00113,5.45,2.6,2180.0,51.6,1.08,16
2012,5,8,170.6228,-21.7692,0.0317,0.94,0.0297,6.42,2.54,65800.0,1560.0,68.9,16
2012,6,7,176.5068,-18.5649,0.118,0.94,0.11,5.72,2.16,186000.0,4390.0,244.0,16
2012,6,7,174.9907,-19.9776,0.0411,0.94,0.0385,4.31,2.61,58900.0,1390.0,60.1,16
2012,6,8,173.581,-21.2832,0.006,0.94,0.00562,6.6,4.36,21900.0,519.0,18.0,16
2012,6,8,172.1115,-22.595,0.0176,0.94,0.0165,7.92,4.42,78300.0,1850.0,85.2,16
2012,6,9,170.5377,-23.7499,0.0,0.94,0.0,8.08,3.47,0.0,0.0,0.0,16
2012,6,9,168.7119,-25.0718,0.00416,0.94,0.00389,6.34,3.33,11200.0,264.0,7.92,16
2012,6,10,167.0145,-26.2855,0.00572,0.94,0.00535,10.5,3.56,27100.0,642.0,23.4,16
2012,6,10,165.196,-27.5269,0.0069,0.94,0.00646,9.57,3.63,30500.0,721.0,26.9,16
2012,6,15,155.0745,-35.6435,0.00128,0.94,0.0012,9.3,2.58,3900.0,92.3,2.19,16
2012,6,15,153.541,-37.3728,0.0423,0.94,0.0396,9.11,2.7,132000.0,3130.0,162.0,16
2012,6,16,148.9709,-42.2812,0.0144,0.94,0.0135,8.75,0.913,14600.0,346.0,11.0,16
2012,6,17,148.4419,-42.8308,0.0137,0.94,0.0128,8.46,0.563,8300.0,196.0,5.51,16
2012,7,26,145.7434,-16.5766,0.0221,0.94,0.0207,5.65,0.0,13400.0,317.0,9.87,16
2012,7,27,145.3907,-15.0275,0.0412,0.94,0.0386,4.12,0.0,24900.0,590.0,21.1,16
2012,7,27,144.0878,-13.6551,0.0102,0.94,0.00955,6.1,0.0105,83.0,1.96,0.02,16
2012,7,28,143.2705,-12.0293,0.0375,0.94,0.0351,11.5,0.0,305.0,7.22,0.098,16
2012,7,28,142.3402,-10.7482,0.0113,0.94,0.0106,9.15,0.484,6360.0,151.0,3.99,16
2012,7,29,141.6291,-12.2655,0.00943,0.94,0.00883,3.93,0.486,2290.0,54.3,1.15,16
2012,7,30,141.0448,-15.4863,0.00117,0.94,0.0011,0.0,0.0791,284.0,6.73,0.0899,16
2012,7,30,140.7775,-17.048,0.0,0.94,0.0,0.0,0.0,0.0,0.0,0.0,16
2012,8,17,119.4958,-18.6513,0.00757,0.94,0.00709,4.05,0.367,1430.0,33.8,0.644,16
2012,8,17,118.6791,-18.8624,0.00811,0.94,0.00759,3.29,0.416,1410.0,33.4,0.636,16
2012,8,17,118.2114,-18.9829,0.0142,0.94,0.0133,3.29,0.416,2470.0,58.6,1.26,16
2012,8,17,117.7258,-19.1081,0.00484,0.94,0.00453,2.73,0.311,524.0,12.4,0.189,16
2012,8,17,115.9171,-19.4304,0.0158,0.94,0.0148,2.98,1.01,6070.0,144.0,3.76,16
2012,8,19,116.3843,-20.3843,0.106,0.94,0.0992,0.0,0.000952,40700.0,963.0,38.3,16
2012,8,19,115.6689,-20.3156,0.0101,0.94,0.00945,2.6,0.292,977.0,23.1,0.405,16
2012,8,22,115.9746,-19.7953,0.00759,0.94,0.0071,7.64,1.32,9710.0,230.0,6.67,16
2012,8,22,115.1354,-20.3806,0.00254,0.94,0.00238,7.45,0.696,1680.0,39.6,0.782,16
2012,8,25,113.9128,-21.8442,0.0358,0.94,0.0335,6.07,2.36,65300.0,1550.0,68.3,16
2013,5,8,16.1667,42.1665,3.05,1.0,3.05,3.35,0.147,204000.0,4820.0,273.0,17
2013,5,8,15.6152,42.1068,1.67,1.0,1.67,4.46,0.14,141000.0,3350.0,175.0,17
2013,5,10,16.6332,42.1668,1.23,1.0,1.23,2.08,0.235,81700.0,1930.0,89.7,17
2013,5,10,16.9978,41.9992,5.76,1.0,5.76,2.71,0.0,383000.0,9060.0,590.0,17
2013,5,12,18.8333,42.1802,0.54,1.0,0.54,0.0,0.0275,35900.0,849.0,32.9,17
2013,5,12,18.5332,42.1665,3.55,1.0,3.55,0.0,0.0275,236000.0,5580.0,327.0,17
2013,5,12,18.3663,41.4998,0.72,1.0,0.72,3.6,0.0175,6170.0,146.0,3.84,17
2013,5,12,18.8355,41.4995,0.16,1.0,0.16,3.6,0.0175,1370.0,32.5,0.613,17
2013,5,12,19.21,41.8248,0.78,1.0,0.78,0.0,0.0369,6690.0,158.0,4.23,17
2013,5,12,19.0037,42.0372,0.26,1.0,0.26,0.0,0.0422,2230.0,52.7,1.11,17
2013,5,12,18.5333,41.0383,1.3,1.0,1.3,3.6,0.0175,11100.0,264.0,7.89,17
2013,5,12,18.9547,40.8845,4.01,1.0,4.01,5.15,0.0,34400.0,813.0,31.2,17
2013,5,12,19.1328,40.4495,1.19,1.0,1.19,0.0,0.0375,10200.0,241.0,7.09,17
2013,5,12,19.2267,40.5038,0.34,1.0,0.34,0.0,0.0375,2910.0,69.0,1.54,17
2013,5,14,19.3387,40.3072,1.11,1.0,1.11,0.0,0.146,9510.0,225.0,6.51,17
2013,5,14,19.3933,40.172,1.62,1.0,1.62,0.0,0.146,13900.0,329.0,10.3,17
2013,5,14,19.3085,40.1265,1.71,1.0,1.71,0.0,0.146,14700.0,347.0,11.0,17
2013,5,14,19.1333,40.0833,1.01,1.0,1.01,0.0,0.146,8660.0,205.0,5.8,17
2013,5,16,19.3667,39.6667,11.6,1.0,11.6,7.59,0.653,7810000.0,185000.0,23400.0,17
2013,5,16,19.1322,39.6665,0.42,1.0,0.42,7.59,0.653,283000.0,6690.0,408.0,17
2013,5,16,18.3663,39.6665,0.84,1.0,0.84,10.1,0.889,1020000.0,24200.0,1960.0,17
2013,5,16,18.834,40.0833,0.95,1.0,0.95,9.61,0.0,1160000.0,27400.0,2280.0,17
2013,5,16,18.5062,40.2312,1.02,1.0,1.02,9.61,0.0,1240000.0,29400.0,2490.0,17
2013,5,16,18.5332,40.4505,0.79,1.0,0.79,9.61,0.0,964000.0,22800.0,1820.0,17
2013,5,16,17.8668,41.038,1.0,1.0,1.0,9.73,0.0,1220000.0,28900.0,2430.0,17
2013,5,16,17.584,41.0383,8.02,1.0,8.02,9.73,0.0,9780000.0,232000.0,30800.0,17
2013,5,18,16.9168,41.4995,0.59,1.0,0.59,5.74,0.0,720000.0,17000.0,1280.0,17
2013,5,18,17.5488,41.5027,0.09,1.0,0.09,4.45,0.0,110000.0,2600.0,129.0,17
2013,5,16,17.7833,40.7612,0.78,1.0,0.78,8.23,1.19,1040000.0,24700.0,2000.0,17
2013,6,4,17.82,39.3338,5.94,1.0,5.94,6.28,0.0,7930000.0,188000.0,23800.0,17
2013,6,8,11.563,37.314,5.55,1.0,5.55,3.03,0.317,723000.0,17100.0,1280.0,17
2013,6,8,11.744,37.416,1.04,1.0,1.04,3.03,0.317,136000.0,3210.0,166.0,17
2013,6,8,11.83,37.459,3.19,1.0,3.19,3.03,0.317,416000.0,9840.0,653.0,17
2013,6,8,12.006,37.587,1.24,1.0,1.24,3.95,0.311,207000.0,4900.0,279.0,17
2013,6,8,12.145,37.648,1.14,1.0,1.14,3.95,0.311,190000.0,4500.0,252.0,17
2013,6,8,12.335,37.729,0.28,1.0,0.28,3.95,0.311,46800.0,1110.0,45.4,17
2013,6,8,11.957,38.086,0.45,1.0,0.45,2.89,0.299,52700.0,1250.0,52.6,17
2013,6,8,11.846,38.12,4.29,1.0,4.29,2.89,0.299,503000.0,11900.0,824.0,17
2013,6,8,11.667,38.181,1.03,1.0,1.03,2.89,0.299,121000.0,2860.0,144.0,17
2013,6,8,11.531,38.234,2.88,1.0,2.88,2.89,0.299,338000.0,7990.0,506.0,17
2013,6,8,10.869,38.534,1.97,1.0,1.97,2.43,0.284,185000.0,4380.0,243.0,17
2013,6,8,10.684,38.632,1.78,1.0,1.78,2.43,0.284,167000.0,3950.0,215.0,17
2013,6,8,10.47,38.7111,1.63,1.0,1.63,2.43,0.284,153000.0,3620.0,193.0,17
2013,6,8,10.258,38.805,2.07,1.0,2.07,2.43,0.284,194000.0,4600.0,258.0,17
2013,6,8,10.183,38.857,0.86,1.0,0.86,2.43,0.284,80700.0,1910.0,88.4,17
2013,6,8,10.015,38.914,2.31,1.0,2.31,2.43,0.284,217000.0,5130.0,295.0,17
2013,6,8,9.787,39.014,3.38,1.0,3.38,1.5,0.131,90100.0,2130.0,101.0,17
2013,6,12,8.8,38.1917,0.82,1.0,0.82,6.89,0.983,754000.0,17900.0,1350.0,17
2013,6,12,7.813,38.201,1.18,1.0,1.18,4.91,0.799,629000.0,14900.0,1080.0,17
2013,6,12,7.263,38.155,1.38,1.0,1.38,4.91,0.799,735000.0,17400.0,1310.0,17
2013,6,12,6.637,38.116,0.92,1.0,0.92,3.69,0.527,243000.0,5750.0,339.0,17
2013,6,12,5.969,38.069,5.45,1.0,5.45,2.36,0.364,636000.0,15000.0,1100.0,17
2013,6,12,5.324,38.031,1.0,1.0,1.0,2.36,0.364,117000.0,2760.0,139.0,17
2013,6,12,4.647,37.978,5.99,1.0,5.99,1.89,0.132,203000.0,4810.0,273.0,17
2013,6,12,4.404,39.8033,2.62,1.0,2.62,1.8,0.284,182000.0,4310.0,239.0,17
2013,6,12,4.6078,39.8033,17.3,1.0,17.3,1.8,0.284,1200000.0,28500.0,2390.0,17
2013,6,16,11.8883,39.7742,2.99,1.0,2.99,1.6,0.0266,17300.0,409.0,13.5,17
2013,6,16,9.7,43.025,1.59,1.0,1.59,0.748,0.0856,13800.0,327.0,10.3,17
2013,6,16,9.6417,43.0252,0.84,1.0,0.84,0.748,0.0856,7310.0,173.0,4.72,17
2013,6,16,9.5997,43.026,9.6,1.0,9.6,0.748,0.0856,83500.0,1980.0,92.2,17
2013,6,16,9.5253,43.0262,23.1,1.0,23.1,0.748,0.0856,201000.0,4760.0,269.0,17
2013,6,16,9.7699,43.03,4.0,1.0,4.0,0.748,0.0856,34800.0,824.0,31.7,17
2013,6,20,7.9986,39.8033,13.7,1.0,13.7,3.66,0.418,2850000.0,67400.0,6830.0,17
2013,6,20,7.8193,39.8007,6.21,1.0,6.21,3.66,0.418,1290000.0,30500.0,2600.0,17
2013,6,20,7.3995,39.8002,2.79,1.0,2.79,3.66,0.418,580000.0,13700.0,980.0,17
2013,6,20,6.9998,39.8007,12.6,1.0,12.6,2.6,0.455,2030000.0,47900.0,4510.0,17
2013,6,20,6.61,39.7993,2.18,1.0,2.18,2.6,0.455,350000.0,8290.0,530.0,17
2013,6,20,5.9861,39.8033,5.69,1.0,5.69,2.77,0.464,992000.0,23500.0,1890.0,17
2013,6,20,5.4095,39.8005,1.93,1.0,1.93,2.77,0.464,337000.0,7960.0,505.0,17
2013,6,20,4.813,39.8033,1.77,1.0,1.77,2.52,0.46,278000.0,6590.0,400.0,17
2013,6,22,9.303,38.324,2.54,1.0,2.54,4.22,0.316,460000.0,10900.0,738.0,17
2013,6,22,9.5213,38.3797,1.75,1.0,1.75,4.22,0.316,317000.0,7490.0,469.0,17
2013,6,22,9.8253,38.5445,2.23,1.0,2.23,4.22,0.316,404000.0,9550.0,630.0,17
2013,6,24,13.2993,38.9165,2.33,1.0,2.33,5.07,0.0,422000.0,9980.0,664.0,17
2016,4,19,121.1071,40.5789,0.02,0.73,0.0146,4.08,0.407,3290.0,78.0,1.79,18
2016,4,19,121.5851,40.4813,0.19,0.73,0.139,4.08,0.407,31300.0,741.0,27.8,18
2016,4,19,120.6661,40.1295,0.47,0.73,0.343,3.88,0.0152,2750.0,65.2,1.44,18
2016,4,19,121.0446,40.0036,0.69,0.73,0.504,4.08,0.407,114000.0,2690.0,134.0,18
2016,4,19,120.3434,39.7049,0.22,0.73,0.161,4.22,0.477,44000.0,1040.0,42.1,18
2016,4,19,121.1152,39.388,0.17,0.73,0.124,4.44,0.435,32500.0,770.0,29.2,18
2016,4,19,120.2951,39.2589,0.24,0.73,0.175,4.22,0.477,48000.0,1130.0,46.8,18
2016,4,19,119.9966,38.9884,0.2,0.73,0.146,3.93,0.293,22800.0,541.0,19.0,18
2016,4,19,119.0517,38.8266,1.23,0.73,0.898,3.93,0.293,141000.0,3330.0,174.0,18
2016,4,19,119.27,38.217,0.01,0.73,0.0073,3.93,0.293,1140.0,27.0,0.49,18
2016,4,19,119.8508,38.0067,0.15,0.73,0.11,3.93,0.293,17100.0,406.0,13.3,18
2013,8,6,122.2497,32.0062,0.168,0.17,0.0282,3.75,0.483,6940.0,164.0,4.43,19
2013,8,6,122.7553,31.9991,0.108,0.17,0.0181,4.55,0.63,7060.0,167.0,4.52,19
2013,8,6,123.1142,31.9834,0.111,0.17,0.0186,5.82,1.04,15300.0,363.0,11.7,19
2013,8,6,122.3124,31.4885,0.422,0.17,0.0709,4.55,0.63,27600.0,653.0,23.9,19
2013,8,6,122.866,31.5117,0.375,0.17,0.063,4.55,0.63,24500.0,580.0,20.7,19
2013,8,6,123.2628,31.5098,0.342,0.17,0.0575,5.82,1.04,47300.0,1120.0,46.0,19
2013,8,6,122.2751,30.9856,0.363,0.17,0.061,8.36,0.759,52600.0,1240.0,52.4,19
2013,8,6,122.7318,30.9945,0.0411,0.17,0.0069,8.36,0.759,5950.0,141.0,3.67,19
2013,8,6,123.1741,30.9843,0.085,0.17,0.0143,6.9,1.16,15500.0,368.0,11.8,19
2013,8,6,122.3095,30.5079,0.15,0.17,0.0252,8.36,0.759,21700.0,514.0,17.8,19
2013,8,6,122.8624,30.5062,0.03,0.17,0.00504,8.36,0.759,4340.0,103.0,2.5,19
2013,8,6,123.2412,30.5044,0.071,0.17,0.0119,6.9,1.16,13000.0,307.0,9.5,19
2013,8,6,122.4984,29.9948,0.125,0.17,0.021,6.97,0.982,19500.0,462.0,15.7,19
2013,8,6,122.7485,29.9976,0.0648,0.17,0.0109,6.97,0.982,10100.0,240.0,7.02,19
2013,8,6,123.2411,30.0098,0.0926,0.17,0.0156,6.9,1.16,16900.0,400.0,13.1,19
2000,1,5,-82.88,24.1,0.00432,0.83,0.00359,5.93,1.03,2980.0,70.5,1.58,20
2000,1,6,-81.86,24.24,0.00216,0.83,0.00179,8.78,1.29,2760.0,65.3,1.44,20
2000,1,6,-81.83,24.24,0.0,0.83,0.0,8.78,1.29,0.0,0.0,0.0,20
2000,2,15,-81.66,24.48,0.0432,0.83,0.0359,4.19,0.669,13700.0,323.0,10.1,20
2000,2,16,-81.03,24.33,0.00648,0.83,0.00538,6.66,0.817,3980.0,94.1,2.25,20
2000,2,16,-80.39,24.63,0.0238,0.83,0.0198,5.91,0.873,13800.0,328.0,10.3,20
2000,2,17,-80.05,25.23,0.00432,0.83,0.00359,6.76,0.66,2170.0,51.5,1.08,20
2000,2,17,-79.52,25.51,0.00216,0.83,0.00179,6.07,1.41,2090.0,49.4,1.02,20
2000,2,19,-78.1,26.21,0.0148,0.83,0.0123,3.97,1.67,11100.0,262.0,7.83,20
2000,2,20,-76.26,25.73,0.0173,0.83,0.0144,2.18,1.74,7420.0,176.0,4.81,20
2000,2,20,-75.16,25.15,0.00216,0.83,0.00179,3.54,1.77,1530.0,36.2,0.7,20
2000,2,20,-74.65,24.37,0.041,0.83,0.034,2.8,1.94,25100.0,594.0,21.3,20
2000,2,21,-73.98,23.37,0.134,0.83,0.111,3.37,1.97,100000.0,2370.0,115.0,20
2000,2,22,-73.74,22.78,0.0432,0.83,0.0359,4.93,1.9,45700.0,1080.0,44.1,20
2000,2,22,-73.72,22.24,0.0562,0.83,0.0466,4.93,1.9,59400.0,1410.0,60.9,20
2000,2,23,-73.83,21.23,0.00216,0.83,0.00179,8.9,2.36,5110.0,121.0,3.05,20
2000,2,24,-73.81,20.53,0.00216,0.83,0.00179,7.95,2.35,4560.0,108.0,2.65,20
2000,2,24,-73.82,20.61,0.00216,0.83,0.00179,7.95,2.35,4560.0,108.0,2.65,20
2000,2,26,-73.75,19.66,0.013,0.83,0.0108,12.2,2.23,39800.0,943.0,37.4,20
2000,3,1,-75.76,18.44,0.00864,0.83,0.00717,7.5,2.62,19200.0,453.0,15.3,20
2000,3,2,-76.7,17.13,0.0,0.83,0.0,8.13,2.02,0.0,0.0,0.0,20
2000,3,3,-77.64,17.33,0.00216,0.83,0.00179,8.08,1.75,3440.0,81.5,1.88,20
2000,3,3,-78.6,16.87,0.0108,0.83,0.00896,8.74,2.08,22100.0,523.0,18.2,20
2000,3,4,-79.91,17.02,0.00216,0.83,0.00179,6.03,1.58,2320.0,55.0,1.17,20
2000,3,5,-80.47,16.71,0.00648,0.83,0.00538,6.91,1.77,8910.0,211.0,6.01,20
2000,3,5,-81.21,16.73,0.0,0.83,0.0,5.75,1.17,0.0,0.0,0.0,20
2000,3,5,-81.93,16.76,0.0324,0.83,0.0269,5.75,1.17,24700.0,583.0,20.8,20
2000,3,8,-83.99,16.2,0.0281,0.83,0.0233,5.25,0.695,11600.0,274.0,8.26,20
2000,3,8,-84.47,16.43,0.054,0.83,0.0448,4.98,0.633,19200.0,455.0,15.3,20
2000,3,19,-82.18,24.21,0.0238,0.83,0.0198,8.79,1.15,27000.0,639.0,23.3,20
2000,3,19,-81.91,23.99,0.00216,0.83,0.00179,7.15,0.0,2450.0,58.0,1.24,20
2000,3,19,-81.97,23.98,0.00664,0.83,0.00551,7.15,0.0,7540.0,178.0,4.9,20
2000,3,19,-82.22,23.95,0.0,0.83,0.0,0.0,0.0,0.0,0.0,0.0,20
2000,3,19,-82.08,24.1,0.00648,0.83,0.00538,8.79,1.15,7360.0,174.0,4.76,20
2000,3,20,-81.93,24.25,0.0189,0.83,0.0157,5.2,1.04,11500.0,272.0,8.2,20
2000,3,31,-80.76,24.44,0.0,0.83,0.0,3.79,0.445,0.0,0.0,0.0,20
2000,4,1,-79.38,25.39,0.0,0.83,0.0,7.35,0.929,0.0,0.0,0.0,20
2000,4,1,-79.71,26.22,0.0,0.83,0.0,8.29,1.14,0.0,0.0,0.0,20
2000,4,2,-79.99,27.82,0.00216,0.83,0.00179,7.11,1.53,2650.0,62.7,1.37,20
2000,4,3,-79.77,29.15,0.00196,0.83,0.00163,7.05,1.09,1700.0,40.2,0.796,20
2000,4,3,-79.05,29.69,0.0,0.83,0.0,7.05,1.09,0.0,0.0,0.0,20
2000,4,3,-77.71,30.15,0.0,0.83,0.0,6.31,1.0,0.0,0.0,0.0,20
2000,4,5,-74.0,31.39,0.00432,0.83,0.00359,10.0,2.3,11200.0,265.0,7.94,20
2000,4,5,-73.64,31.27,0.0,0.83,0.0,10.0,2.3,0.0,0.0,0.0,20
2000,4,6,-73.41,31.13,0.00432,0.83,0.00359,3.65,2.06,3660.0,86.7,2.03,20
2000,4,7,-72.76,31.27,0.0,0.83,0.0,5.2,1.54,0.0,0.0,0.0,20
2000,4,7,-72.16,31.48,0.0173,0.83,0.0144,5.2,1.54,15600.0,369.0,11.9,20
2000,4,7,-71.92,31.67,0.0432,0.83,0.0359,4.16,1.64,33200.0,786.0,29.9,20
2000,4,8,-71.22,31.89,0.0194,0.83,0.0161,6.67,1.25,18200.0,431.0,14.4,20
2000,4,10,-67.4,32.13,0.0367,0.83,0.0305,8.47,2.78,97500.0,2310.0,111.0,20
2000,4,11,-67.19,32.05,0.0247,0.83,0.0205,5.35,1.98,29500.0,697.0,25.8,20
2000,4,11,-66.3,31.68,0.203,0.83,0.168,7.43,2.11,358000.0,8480.0,545.0,20
2000,4,11,-66.16,31.14,0.0216,0.83,0.0179,7.43,2.11,38100.0,902.0,35.4,20
2000,4,17,-63.7,32.31,0.0108,0.83,0.00896,7.3,1.66,14700.0,349.0,11.1,20
2000,4,17,-62.65,31.85,0.0367,0.83,0.0305,6.77,1.8,50300.0,1190.0,49.7,20
2000,4,19,-61.06,31.45,0.00432,0.83,0.00359,9.6,2.06,9640.0,228.0,6.62,20
2000,4,19,-60.47,31.5,0.0367,0.83,0.0305,9.95,1.92,79200.0,1870.0,86.3,20
2000,4,20,-59.66,31.41,0.0173,0.83,0.0144,13.1,2.49,63500.0,1500.0,66.0,20
2000,4,22,-58.55,29.39,0.0281,0.83,0.0233,3.87,2.21,27000.0,640.0,23.3,20
2000,4,22,-58.73,28.49,0.132,0.83,0.11,3.85,2.19,125000.0,2970.0,151.0,20
2000,4,23,-59.9,26.3,0.166,0.83,0.138,6.48,1.87,226000.0,5360.0,311.0,20
2000,4,23,-59.2,25.23,0.0281,0.83,0.0233,5.76,1.86,34000.0,805.0,30.8,20
2000,4,25,-59.8,23.06,0.0929,0.83,0.0771,7.66,2.32,186000.0,4410.0,245.0,20
2000,4,25,-60.05,21.98,0.00463,0.83,0.00384,9.02,2.47,11600.0,276.0,8.33,20
2000,4,26,-60.53,19.85,0.0454,0.83,0.0377,8.34,2.9,124000.0,2930.0,149.0,20
2000,4,26,-60.69,19.2,0.0,0.83,0.0,8.34,2.9,0.0,0.0,0.0,20
2000,4,27,-60.77,17.81,0.0,0.83,0.0,9.35,2.81,0.0,0.0,0.0,20
2000,4,28,-60.76,17.0,0.0,0.83,0.0,9.6,2.77,0.0,0.0,0.0,20
2000,4,28,-60.81,15.93,0.00216,0.83,0.00179,8.45,2.71,5580.0,132.0,3.39,20
2000,5,3,-62.55,17.65,0.00216,0.83,0.00179,6.17,1.91,2870.0,67.9,1.51,20
2000,5,4,-63.17,17.99,0.0,0.83,0.0,5.59,1.79,0.0,0.0,0.0,20
2000,5,15,-65.25,17.37,0.0,0.83,0.0,6.36,1.06,0.0,0.0,0.0,20
2000,5,15,-65.69,16.55,0.00648,0.83,0.00538,7.14,1.22,6360.0,150.0,3.98,20
2000,5,16,-66.41,17.32,0.0,0.83,0.0,7.52,1.06,0.0,0.0,0.0,20
2000,5,16,-67.08,17.77,0.0144,0.83,0.012,8.1,1.16,15200.0,360.0,11.5,20
2000,5,17,-67.76,18.45,0.0072,0.83,0.00598,6.35,0.515,2650.0,62.8,1.37,20
2000,5,18,-68.24,18.91,0.0432,0.83,0.0359,4.98,0.791,19200.0,454.0,15.3,20
2000,5,19,-69.14,19.91,0.0288,0.83,0.0239,6.0,0.0,12800.0,303.0,9.34,20
2000,5,20,-70.32,20.02,0.0,0.83,0.0,1.4,1.58,0.0,0.0,0.0,20
2000,5,21,-72.0,20.59,0.00864,0.83,0.00717,5.44,1.44,7640.0,181.0,4.98,20
2000,5,22,-73.29,20.67,0.0072,0.83,0.00598,7.82,1.28,8120.0,192.0,5.37,20
2000,5,22,-73.74,20.93,0.00648,0.83,0.00538,7.82,1.28,7310.0,173.0,4.72,20
2000,5,26,-74.73,23.62,0.0389,0.83,0.0323,5.43,0.988,23500.0,556.0,19.6,20
2000,5,28,-75.04,23.62,0.0,0.83,0.0,7.31,1.17,0.0,0.0,0.0,20
2000,5,29,-75.04,23.62,0.0,0.83,0.0,4.83,1.18,0.0,0.0,0.0,20
2000,5,30,-74.39,24.76,0.0,0.83,0.0,4.43,1.23,0.0,0.0,0.0,20
2000,5,30,-73.68,25.76,0.0072,0.83,0.00598,6.15,1.21,6040.0,143.0,3.74,20
2000,5,31,-73.19,26.14,0.338,0.83,0.281,4.82,1.68,309000.0,7320.0,455.0,20
2000,5,31,-73.12,26.41,0.173,0.83,0.144,4.82,1.68,158000.0,3750.0,201.0,20
2000,6,1,-72.94,26.82,0.415,0.83,0.344,3.77,1.77,311000.0,7360.0,459.0,20
2000,6,1,-72.5,27.62,2.24,0.83,1.86,4.13,1.71,1790000.0,42300.0,3870.0,20
2000,6,1,-71.95,27.46,0.0216,0.83,0.0179,5.39,1.7,22300.0,529.0,18.4,20
2000,6,2,-71.95,27.46,0.0247,0.83,0.0205,2.92,1.42,11500.0,272.0,8.21,20
2000,6,2,-71.39,27.84,1.18,0.83,0.979,2.92,1.42,550000.0,13000.0,919.0,20
2000,6,2,-71.53,28.11,0.227,0.83,0.188,2.97,1.4,107000.0,2520.0,124.0,20
2000,6,3,-71.53,28.11,0.864,0.83,0.717,2.61,1.11,284000.0,6710.0,409.0,20
2000,6,5,-68.84,30.08,0.102,0.83,0.0847,3.25,0.859,32200.0,761.0,28.8,20
2000,6,5,-67.94,30.68,0.945,0.83,0.784,2.84,0.873,264000.0,6250.0,376.0,20
2000,6,6,-67.1,31.17,0.106,0.83,0.088,7.23,0.987,85200.0,2020.0,94.5,20
2000,6,6,-66.31,31.58,0.19,0.83,0.158,7.07,0.901,136000.0,3230.0,168.0,20
2000,6,7,-65.57,31.92,0.0281,0.83,0.0233,9.28,1.28,37700.0,892.0,34.9,20
2000,6,7,-64.73,32.14,0.0994,0.83,0.0825,8.24,1.32,122000.0,2880.0,146.0,20
2000,6,8,-64.56,32.37,0.0454,0.83,0.0377,10.3,2.27,119000.0,2820.0,142.0,20
2000,6,30,-70.67,40.91,0.00648,0.83,0.00538,2.71,1.3,2580.0,61.1,1.33,20
2000,7,1,-70.64,40.72,0.0432,0.83,0.0359,2.17,0.576,6100.0,144.0,3.78,20
2000,7,2,-70.08,39.74,0.0,0.83,0.0,2.46,0.411,0.0,0.0,0.0,20
2000,7,2,-69.37,39.02,0.0,0.83,0.0,3.63,0.588,0.0,0.0,0.0,20
2000,7,3,-69.71,39.22,0.0,0.83,0.0,4.1,0.716,0.0,0.0,0.0,20
2000,7,3,-70.25,39.91,0.0281,0.83,0.0233,3.97,0.594,7470.0,177.0,4.84,20
2000,7,25,-70.88,41.33,0.0,0.83,0.0,8.6,1.32,0.0,0.0,0.0,20
2000,7,26,-70.29,40.28,0.0151,0.83,0.0125,7.83,1.62,21500.0,510.0,17.6,20
2000,7,27,-70.6,39.7,0.0,0.83,0.0,11.0,1.42,0.0,0.0,0.0,20
2000,7,28,-68.75,40.86,0.0,0.83,0.0,7.32,1.65,0.0,0.0,0.0,20
2000,8,7,-70.34,42.95,0.0,0.83,0.0,7.58,0.0,0.0,0.0,0.0,20
2000,8,7,-70.48,42.73,0.00865,0.83,0.00718,7.58,0.0,11800.0,278.0,8.42,20
2000,8,8,-69.77,42.69,0.0,0.83,0.0,6.15,0.481,0.0,0.0,0.0,20
2000,8,8,-69.62,42.93,0.0024,0.83,0.00199,6.15,0.481,800.0,18.9,0.317,20
2000,8,9,-69.17,42.93,0.00216,0.83,0.00179,5.53,0.44,593.0,14.0,0.22,20
2000,8,9,-68.99,42.94,0.00216,0.83,0.00179,5.97,1.35,1970.0,46.6,0.952,20
2000,8,10,-69.9,42.73,0.0,0.83,0.0,5.11,0.468,0.0,0.0,0.0,20
2000,8,10,-69.9,42.88,0.0,0.83,0.0,5.11,0.468,0.0,0.0,0.0,20
2000,8,18,-70.48,42.99,0.0108,0.83,0.00896,5.6,0.0,2910.0,68.9,1.53,20
2000,8,19,-70.38,42.84,0.00196,0.83,0.00163,2.98,0.0,528.0,12.5,0.191,20
2000,8,19,-69.74,42.86,0.00926,0.83,0.00769,5.09,0.224,1190.0,28.2,0.516,20
2000,8,20,-69.28,43.09,0.013,0.83,0.0108,6.1,0.67,5990.0,142.0,3.7,20
2000,8,20,-68.12,43.35,0.0,0.83,0.0,7.16,0.745,0.0,0.0,0.0,20
2000,8,21,-67.77,42.5,0.00648,0.83,0.00538,6.24,1.14,5190.0,123.0,3.11,20
2000,8,21,-67.43,42.34,0.00589,0.83,0.00489,6.24,1.14,4710.0,112.0,2.76,20
2000,8,23,-69.17,41.89,0.00432,0.83,0.00359,3.16,0.414,636.0,15.0,0.24,20
2000,10,18,-71.09,40.15,0.0,0.83,0.0,7.76,1.89,0.0,0.0,0.0,20
2000,10,19,-71.33,38.95,0.00864,0.83,0.00717,12.5,2.36,28800.0,681.0,25.1,20
2000,10,20,-68.59,38.08,0.0108,0.83,0.00896,8.56,2.06,21400.0,508.0,17.6,20
2000,10,20,-67.62,37.75,0.0,0.83,0.0,10.1,2.51,0.0,0.0,0.0,20
2000,10,21,-66.72,37.3,0.0,0.83,0.0,3.05,1.67,0.0,0.0,0.0,20
2000,10,21,-65.62,36.78,0.0096,0.83,0.00797,5.28,2.0,11400.0,270.0,8.14,20
2000,10,22,-64.64,36.51,0.0151,0.83,0.0125,5.24,1.43,12700.0,301.0,9.28,20
2000,10,25,-60.86,30.99,0.00864,0.83,0.00717,11.3,3.61,39700.0,939.0,37.2,20
2000,10,25,-60.41,30.16,0.0072,0.83,0.00598,11.3,3.61,33100.0,782.0,29.8,20
2000,10,26,-60.32,29.59,0.0452,0.83,0.0375,9.45,2.79,135000.0,3190.0,165.0,20
2000,10,27,-60.28,29.43,0.0324,0.83,0.0269,7.54,2.27,62600.0,1480.0,64.9,20
2000,10,27,-59.59,29.24,0.0534,0.83,0.0443,9.17,2.14,118000.0,2800.0,141.0,20
2000,10,27,-59.11,29.22,0.0,0.83,0.0,9.17,2.14,0.0,0.0,0.0,20
2000,10,27,-59.15,29.22,0.0144,0.83,0.012,9.17,2.14,31900.0,755.0,28.5,20
2000,10,27,-59.18,29.23,0.0144,0.83,0.012,9.17,2.14,31900.0,755.0,28.5,20
2000,10,28,-59.19,29.23,0.0,0.83,0.0,8.25,1.78,0.0,0.0,0.0,20
2000,10,28,-59.21,29.23,0.0287,0.83,0.0238,8.25,1.78,47500.0,1120.0,46.3,20
2000,10,28,-59.22,29.24,0.0,0.83,0.0,8.25,1.78,0.0,0.0,0.0,20
2000,10,28,-58.7,29.05,0.225,0.83,0.187,7.88,1.57,314000.0,7440.0,464.0,20
2000,10,28,-57.72,28.81,0.0243,0.83,0.0202,6.11,1.5,25200.0,596.0,21.4,20
2000,10,29,-57.07,28.76,0.0238,0.83,0.0198,6.59,1.64,29000.0,685.0,25.3,20
2000,10,30,-56.75,28.55,0.0024,0.83,0.00199,9.59,2.08,5400.0,128.0,3.26,20
2000,10,30,-56.68,28.58,0.108,0.83,0.0896,9.59,2.08,243000.0,5750.0,339.0,20
2000,10,31,-56.72,27.49,0.13,0.83,0.108,6.16,2.27,205000.0,4850.0,276.0,20
2000,10,31,-56.69,26.86,0.0675,0.83,0.056,5.71,2.22,96700.0,2290.0,110.0,20
2000,11,1,-56.63,26.23,0.0302,0.83,0.0251,8.24,2.18,61100.0,1450.0,62.9,20
2000,11,1,-57.13,25.56,0.013,0.83,0.0108,8.7,2.15,27400.0,649.0,23.7,20
2000,11,2,-56.96,24.66,0.0216,0.83,0.0179,6.2,2.13,32100.0,760.0,28.7,20
2000,11,2,-57.05,23.6,0.127,0.83,0.105,3.08,1.95,86000.0,2040.0,95.5,20
2000,11,3,-57.36,22.21,0.0151,0.83,0.0125,4.65,1.94,15400.0,364.0,11.7,20
2000,11,3,-57.56,27.15,0.0259,0.83,0.0215,4.67,2.44,33200.0,787.0,30.0,20
2000,11,4,-58.68,19.01,0.0,0.83,0.0,2.58,1.98,0.0,0.0,0.0,20
2000,11,5,-59.49,17.86,0.00864,0.83,0.00717,6.73,2.27,14900.0,352.0,11.2,20
2000,11,5,-60.17,16.81,0.0108,0.83,0.00896,6.4,2.14,16700.0,396.0,12.9,20
2000,11,9,-60.74,13.99,0.0,0.83,0.0,3.9,1.91,0.0,0.0,0.0,20
2000,11,10,-60.57,13.77,0.0,0.83,0.0,2.34,1.89,0.0,0.0,0.0,20
2000,11,10,-60.32,13.31,0.0,0.83,0.0,2.34,1.89,0.0,0.0,0.0,20
2000,11,10,-60.35,13.12,0.0,0.83,0.0,2.34,1.89,0.0,0.0,0.0,20
2000,11,11,-60.3,12.32,0.00216,0.83,0.00179,3.99,2.04,1990.0,47.0,0.963,20
2000,11,13,-61.55,12.9,0.0216,0.83,0.0179,9.32,2.09,47400.0,1120.0,46.2,20
2000,11,30,-64.98,17.8,0.00648,0.83,0.00538,9.69,3.1,22000.0,520.0,18.1,20
2000,12,1,-65.1,17.37,0.0054,0.83,0.00448,7.97,2.61,12700.0,300.0,9.24,20
2000,12,1,-65.23,16.74,0.00648,0.83,0.00538,9.39,2.71,18600.0,439.0,14.7,20
2000,12,2,-65.13,15.96,0.0,0.83,0.0,9.4,2.47,0.0,0.0,0.0,20
2000,12,2,-65.04,15.73,0.00432,0.83,0.00359,9.4,2.47,11300.0,268.0,8.05,20
2000,12,3,-64.6,15.95,0.00432,0.83,0.00359,8.79,2.29,9780.0,231.0,6.73,20
2000,12,3,-64.48,15.25,0.0,0.83,0.0,8.79,2.29,0.0,0.0,0.0,20
2000,12,4,-64.38,14.27,0.0,0.83,0.0,7.94,2.26,0.0,0.0,0.0,20
2000,12,4,-64.43,13.57,0.0,0.83,0.0,7.47,2.26,0.0,0.0,0.0,20
2000,12,4,-64.43,13.2,0.00216,0.83,0.00179,7.47,2.26,4120.0,97.5,2.35,20
2000,12,4,-64.42,13.07,0.00432,0.83,0.00359,7.47,2.26,8240.0,195.0,5.47,20
2000,12,5,-64.39,12.91,0.00216,0.83,0.00179,8.98,2.18,4760.0,113.0,2.8,20
2000,12,5,-64.41,12.83,0.0,0.83,0.0,8.98,2.18,0.0,0.0,0.0,20
2000,12,5,-64.43,12.68,0.00216,0.83,0.00179,8.98,2.18,4760.0,113.0,2.8,20
2000,12,5,-64.41,12.81,0.00864,0.83,0.00717,8.98,2.18,19100.0,451.0,15.2,20
2000,12,5,-64.5,12.74,0.0,0.83,0.0,8.98,2.18,0.0,0.0,0.0,20
2000,12,6,-64.41,12.23,0.0,0.83,0.0,9.2,2.15,0.0,0.0,0.0,20
2000,12,6,-64.42,12.21,0.0,0.83,0.0,9.2,2.15,0.0,0.0,0.0,20
2000,12,6,-64.44,12.19,0.0,0.83,0.0,9.2,2.15,0.0,0.0,0.0,20
2000,12,6,-64.46,12.17,0.0,0.83,0.0,9.2,2.15,0.0,0.0,0.0,20
2000,12,6,-64.56,12.17,0.0,0.83,0.0,9.2,2.15,0.0,0.0,0.0,20
2000,12,7,-64.6,11.43,0.0,0.83,0.0,8.97,1.17,0.0,0.0,0.0,20
2000,12,8,-64.64,10.6,0.0,0.83,0.0,0.0,0.0,0.0,0.0,0.0,20
2000,12,9,-64.66,10.46,0.00648,0.83,0.00538,0.0,0.0,7690.0,182.0,5.02,20
2000,12,10,-65.44,10.69,0.0,0.83,0.0,5.76,0.0,0.0,0.0,0.0,20
2000,12,10,-65.89,10.69,0.0,0.83,0.0,5.76,0.0,0.0,0.0,0.0,20
2000,12,12,-67.79,12.05,0.0,0.83,0.0,9.68,1.81,0.0,0.0,0.0,20
2000,12,16,-68.47,12.21,0.0864,0.83,0.0717,6.77,2.56,169000.0,3990.0,217.0,20
2000,12,17,-69.5,13.09,0.0,0.83,0.0,6.47,2.87,0.0,0.0,0.0,20
2000,12,18,-71.09,14.19,0.0,0.83,0.0,7.91,2.51,0.0,0.0,0.0,20
2000,12,18,-71.71,14.92,0.0,0.83,0.0,7.91,2.51,0.0,0.0,0.0,20
2000,12,19,-72.43,15.38,0.0,0.83,0.0,9.93,2.64,0.0,0.0,0.0,20
2000,12,19,-72.43,15.28,0.0,0.83,0.0,9.93,2.64,0.0,0.0,0.0,20
2000,12,19,-72.87,15.58,0.00664,0.83,0.00551,9.93,2.64,19600.0,465.0,15.8,20
2000,12,20,-73.79,16.1,0.00216,0.83,0.00179,10.1,2.74,6740.0,159.0,4.27,20
2000,12,20,-76.7,16.53,0.0,0.83,0.0,9.07,2.77,0.0,0.0,0.0,20
2000,12,21,-75.54,17.0,0.00216,0.83,0.00179,10.1,2.71,6700.0,158.0,4.24,20
2000,12,21,-76.39,17.16,0.0,0.83,0.0,9.5,2.59,0.0,0.0,0.0,20
2000,12,21,-76.54,17.01,0.0,0.83,0.0,9.5,2.59,0.0,0.0,0.0,20
2000,12,21,-76.7,16.89,0.0,0.83,0.0,10.0,2.81,0.0,0.0,0.0,20
2000,12,21,-76.84,16.79,0.0,0.83,0.0,10.0,2.81,0.0,0.0,0.0,20
2000,12,22,-76.98,16.89,0.0,0.83,0.0,10.1,3.13,0.0,0.0,0.0,20
2000,12,22,-77.07,16.87,0.0,0.83,0.0,9.0,3.02,0.0,0.0,0.0,20
2000,12,22,-77.19,16.93,0.00216,0.83,0.00179,9.0,3.02,6610.0,156.0,4.17,20
2000,12,23,-77.98,17.53,0.00216,0.83,0.00179,9.26,2.71,6120.0,145.0,3.8,20
2000,12,23,-78.69,18.25,0.00432,0.83,0.00359,11.2,1.96,10700.0,254.0,7.53,20
2000,12,23,-78.87,18.59,0.013,0.83,0.0108,11.2,1.96,32200.0,763.0,28.9,20
2001,1,4,-83.67,24.6,0.0,0.83,0.0,9.2,1.57,0.0,0.0,0.0,20
2001,2,11,-81.8,24.42,0.0,0.83,0.0,9.37,1.3,0.0,0.0,0.0,20
2001,2,12,-81.1,24.08,0.013,0.83,0.0108,10.0,1.58,23200.0,549.0,19.3,20
2001,2,13,-80.66,24.19,0.0,0.83,0.0,10.8,1.88,0.0,0.0,0.0,20
2001,2,13,-80.07,24.76,0.00216,0.83,0.00179,10.8,1.88,4930.0,117.0,2.92,20
2001,2,14,-79.78,25.31,0.0,0.83,0.0,5.24,1.84,0.0,0.0,0.0,20
2001,2,16,-77.17,25.71,0.0151,0.83,0.0125,5.54,1.5,14200.0,336.0,10.6,20
2001,2,16,-76.1,25.4,0.00432,0.83,0.00359,4.83,1.69,3980.0,94.3,2.25,20
2001,2,17,-74.74,24.91,0.00216,0.83,0.00179,5.32,1.57,2030.0,48.1,0.99,20
2001,2,18,-74.8,23.33,0.0,0.83,0.0,3.69,1.35,0.0,0.0,0.0,20
2001,2,18,-74.47,22.47,0.0108,0.83,0.00896,5.21,1.44,9150.0,217.0,6.21,20
2001,2,19,-73.97,21.15,0.00216,0.83,0.00179,8.58,1.32,2760.0,65.4,1.44,20
2001,2,19,-73.66,20.64,0.0,0.83,0.0,8.51,1.44,0.0,0.0,0.0,20
2001,2,20,-73.75,20.03,0.0,0.83,0.0,9.63,1.97,0.0,0.0,0.0,20
2001,2,20,-74.67,19.82,0.00216,0.83,0.00179,7.46,1.82,3310.0,78.2,1.79,20
2001,2,21,-75.51,19.82,0.0,0.83,0.0,9.3,2.07,0.0,0.0,0.0,20
2001,2,25,-76.03,18.47,0.0216,0.83,0.0179,7.62,0.0,46800.0,1110.0,45.5,20
2001,2,25,-76.07,17.84,0.00648,0.83,0.00538,10.4,2.69,20500.0,486.0,16.6,20
2001,2,26,-76.27,17.79,0.00216,0.83,0.00179,8.56,2.81,5850.0,139.0,3.6,20
2001,2,26,-77.06,17.46,0.00648,0.83,0.00538,8.71,2.64,16800.0,398.0,13.0,20
2001,2,27,-77.53,17.24,0.00432,0.83,0.00359,6.25,2.11,6430.0,152.0,4.04,20
2001,2,28,-78.15,17.0,0.0,0.83,0.0,7.06,1.53,0.0,0.0,0.0,20
2001,2,28,-78.5,17.26,0.0,0.83,0.0,7.06,1.53,0.0,0.0,0.0,20
2001,2,28,-79.1,17.17,0.0151,0.83,0.0125,4.2,1.56,11200.0,264.0,7.91,20
2001,3,1,-79.66,17.03,0.0,0.83,0.0,5.18,1.23,0.0,0.0,0.0,20
2001,3,1,-80.17,16.86,0.0108,0.83,0.00896,6.03,1.46,10700.0,254.0,7.55,20
2001,3,2,-80.39,16.7,0.0,0.83,0.0,7.65,1.43,0.0,0.0,0.0,20
2001,3,2,-81.14,16.77,0.0,0.83,0.0,7.25,1.14,0.0,0.0,0.0,20
2001,3,3,-82.05,16.95,0.00216,0.83,0.00179,8.31,0.822,1660.0,39.4,0.776,20
2001,3,3,-83.16,16.95,0.0,0.83,0.0,9.02,1.02,0.0,0.0,0.0,20
2001,3,6,-85.34,16.83,0.0,0.83,0.0,8.07,1.34,0.0,0.0,0.0,20
2001,3,6,-86.0,16.47,0.0,0.83,0.0,8.07,1.34,0.0,0.0,0.0,20
2001,3,11,-86.05,16.54,0.00648,0.83,0.00538,7.48,0.715,3910.0,92.5,2.2,20
2001,3,11,-85.87,17.79,0.00216,0.83,0.00179,7.03,1.09,1860.0,44.1,0.89,20
2001,3,12,-85.53,18.97,0.009,0.83,0.00747,10.2,1.69,17500.0,413.0,13.7,20
2001,3,12,-85.08,20.01,0.0151,0.83,0.0125,10.1,1.64,28300.0,670.0,24.6,20
2001,3,13,-84.68,21.21,0.00864,0.83,0.00717,8.93,1.88,16300.0,386.0,12.6,20
2001,3,14,-84.85,22.93,0.00432,0.83,0.00359,0.0,1.48,8160.0,193.0,5.4,20
2001,3,14,-84.06,23.5,0.00864,0.83,0.00717,3.45,1.13,3780.0,89.6,2.11,20
2001,3,15,-83.28,24.21,0.00216,0.83,0.00179,8.5,0.816,1690.0,40.0,0.79,20
2001,3,17,-83.18,24.22,0.0,0.83,0.0,4.43,0.859,0.0,0.0,0.0,20
2001,3,18,-83.14,23.78,0.00648,0.83,0.00538,5.8,0.612,2590.0,61.3,1.33,20
2001,3,18,-82.67,24.08,0.0,0.83,0.0,4.21,0.63,0.0,0.0,0.0,20
2001,3,19,-82.07,24.33,0.0173,0.83,0.0144,7.16,0.931,13000.0,308.0,9.53,20
2001,3,28,-81.81,24.53,0.00864,0.83,0.00717,9.2,0.818,7330.0,173.0,4.73,20
2001,3,30,-79.68,25.44,0.0,0.83,0.0,9.0,1.76,0.0,0.0,0.0,20
2001,3,31,-79.73,27.09,0.0,0.83,0.0,8.01,1.46,0.0,0.0,0.0,20
2001,4,1,-79.97,28.09,0.00864,0.83,0.00717,8.87,1.37,11800.0,279.0,8.47,20
2001,4,2,-78.61,28.93,0.0,0.83,0.0,6.68,1.39,0.0,0.0,0.0,20
2001,4,2,-78.58,28.91,0.0,0.83,0.0,6.68,1.39,0.0,0.0,0.0,20
2001,4,3,-79.32,29.14,0.0,0.83,0.0,3.32,0.702,0.0,0.0,0.0,20
2001,4,4,-78.7,30.43,0.00432,0.83,0.00359,7.76,1.26,4760.0,113.0,2.8,20
2001,4,5,-77.94,29.86,0.00206,0.83,0.00171,7.66,1.58,2800.0,66.3,1.47,20
2001,4,5,-77.6,29.2,0.0,0.83,0.0,7.66,1.58,0.0,0.0,0.0,20
2001,4,6,-77.4,29.75,0.0,0.83,0.0,7.09,1.53,0.0,0.0,0.0,20
2001,4,6,-76.7,30.61,0.201,0.83,0.167,4.48,1.41,143000.0,3390.0,178.0,20
2001,4,7,-73.8,31.09,0.0259,0.83,0.0215,5.88,1.35,23100.0,548.0,19.3,20
2001,4,8,-72.85,31.09,0.00648,0.83,0.00538,4.55,1.42,4730.0,112.0,2.78,20
2001,4,8,-71.5,31.26,0.134,0.83,0.111,3.95,1.5,89900.0,2130.0,101.0,20
2001,4,8,-70.12,31.54,0.0626,0.83,0.052,5.28,1.59,59100.0,1400.0,60.4,20
2001,4,9,-69.8,31.58,0.138,0.83,0.115,5.58,1.33,115000.0,2730.0,137.0,20
2001,4,9,-68.55,31.74,0.054,0.83,0.0448,4.68,1.37,39100.0,926.0,36.5,20
2001,4,9,-68.17,31.8,0.0389,0.83,0.0323,4.68,1.37,28200.0,667.0,24.5,20
2001,4,10,-66.94,32.03,0.00432,0.83,0.00359,8.88,2.71,11700.0,277.0,8.4,20
2001,4,14,-63.97,31.85,0.013,0.83,0.0108,9.77,1.61,23100.0,547.0,19.2,20
2001,4,14,-61.81,29.93,0.0346,0.83,0.0287,7.98,1.24,38500.0,912.0,35.9,20
2001,4,15,-61.35,29.32,0.0389,0.83,0.0323,8.15,1.69,60300.0,1430.0,62.0,20
2001,4,16,-61.33,28.72,0.693,0.83,0.575,5.36,2.03,848000.0,20100.0,1560.0,20
2001,4,16,-61.37,27.9,0.315,0.83,0.261,5.12,1.84,334000.0,7910.0,501.0,20
2001,4,17,-60.91,27.52,0.0302,0.83,0.0251,6.87,1.7,39700.0,939.0,37.2,20
2001,4,17,-59.99,26.29,0.289,0.83,0.24,6.47,1.86,392000.0,9280.0,608.0,20
2001,4,18,-59.81,25.7,0.0288,0.83,0.0239,6.23,0.988,20000.0,473.0,16.1,20
2001,4,18,-59.91,25.24,0.0454,0.83,0.0377,6.23,0.988,31500.0,745.0,28.0,20
2001,4,19,-60.42,23.75,0.0194,0.83,0.0161,9.37,1.96,40100.0,949.0,37.6,20
2001,4,19,-60.6,23.37,0.0216,0.83,0.0179,9.37,1.96,44600.0,1060.0,42.9,20
2001,4,20,-60.57,22.59,0.00648,0.83,0.00538,9.1,2.71,18000.0,427.0,14.2,20
2001,4,20,-60.73,21.4,0.0238,0.83,0.0198,9.4,2.88,72700.0,1720.0,77.8,20
2001,4,21,-60.83,20.79,0.0,0.83,0.0,8.81,3.14,0.0,0.0,0.0,20
2001,4,21,-61.03,19.25,0.013,0.83,0.0108,9.39,3.05,41900.0,992.0,39.8,20
2001,4,22,-61.39,17.82,0.0,0.83,0.0,10.1,3.39,0.0,0.0,0.0,20
2001,4,23,-61.87,16.98,0.00216,0.83,0.00179,8.45,3.18,6550.0,155.0,4.13,20
2001,4,25,-62.73,17.16,0.0,0.83,0.0,8.37,2.37,0.0,0.0,0.0,20
2001,5,1,-64.09,18.34,0.00216,0.83,0.00179,8.55,2.02,4210.0,99.7,2.41,20
2001,5,2,-64.64,18.72,0.00216,0.83,0.00179,7.45,1.82,3310.0,78.3,1.8,20
2001,5,12,-64.94,18.6,0.00227,0.83,0.00188,7.6,1.74,3380.0,79.9,1.84,20
2001,5,13,-65.01,19.06,0.0,0.83,0.0,5.93,1.65,0.0,0.0,0.0,20
2001,5,13,-65.17,19.83,0.0,0.83,0.0,5.93,1.65,0.0,0.0,0.0,20
2001,5,14,-65.44,20.53,0.0144,0.83,0.012,4.03,1.44,9400.0,222.0,6.41,20
2001,5,14,-65.5,21.04,0.0792,0.83,0.0657,4.13,1.37,50700.0,1200.0,50.1,20
2001,5,15,-65.65,21.34,0.0194,0.83,0.0161,4.04,1.18,10500.0,248.0,7.31,20
2001,5,15,-65.82,21.53,0.0648,0.83,0.0538,4.04,1.18,35000.0,827.0,31.8,20
2001,5,16,-65.82,22.12,0.0,0.83,0.0,5.62,0.948,0.0,0.0,0.0,20
2001,5,16,-65.95,22.6,0.0,0.83,0.0,5.62,0.948,0.0,0.0,0.0,20
2001,5,17,-65.74,23.59,0.0405,0.83,0.0336,2.35,1.38,14800.0,350.0,11.1,20
2001,5,17,-65.69,24.33,0.18,0.83,0.149,3.25,1.38,91400.0,2160.0,103.0,20
2001,5,18,-65.48,24.84,0.0108,0.83,0.00896,2.92,1.26,4460.0,106.0,2.58,20
2001,5,18,-65.28,25.64,0.094,0.83,0.078,4.99,1.37,72200.0,1710.0,77.2,20
2001,5,19,-65.15,26.29,0.0842,0.83,0.0699,1.98,1.37,25800.0,610.0,21.9,20
2001,5,19,-65.18,26.97,0.396,0.83,0.329,1.98,1.37,121000.0,2870.0,145.0,20
2001,5,20,-65.12,27.46,0.204,0.83,0.169,2.93,1.07,72000.0,1700.0,76.8,20
2001,5,20,-64.89,28.25,0.404,0.83,0.335,4.25,1.03,200000.0,4730.0,267.0,20
2001,5,21,-64.94,29.13,0.0302,0.83,0.0251,4.87,0.833,13800.0,327.0,10.3,20
2001,5,21,-64.82,29.79,0.134,0.83,0.111,4.87,0.833,61300.0,1450.0,63.2,20
2001,5,22,-64.89,30.48,0.0432,0.83,0.0359,3.55,0.796,13700.0,325.0,10.2,20
2001,5,22,-65.11,31.96,0.0281,0.83,0.0233,4.3,0.867,11800.0,279.0,8.46,20
2001,5,27,-64.64,33.25,0.105,0.83,0.0871,9.49,1.85,208000.0,4930.0,281.0,20
2001,5,28,-64.64,33.25,0.0108,0.83,0.00896,4.68,1.86,10600.0,252.0,7.45,20
2001,5,28,-64.9,33.64,0.402,0.83,0.334,4.68,1.86,396000.0,9360.0,615.0,20
2001,5,29,-65.34,34.22,0.0346,0.83,0.0287,6.89,1.71,46000.0,1090.0,44.5,20
2001,5,29,-65.75,35.01,0.0151,0.83,0.0125,8.97,1.94,29600.0,701.0,26.0,20
2001,5,31,-65.23,37.82,0.0,0.83,0.0,10.5,2.46,0.0,0.0,0.0,20
2001,6,2,-63.81,40.3,0.0072,0.83,0.00598,4.2,1.15,3900.0,92.3,2.19,20
2001,6,2,-64.07,40.5,0.0185,0.83,0.0154,4.86,1.1,11200.0,264.0,7.91,20
2001,6,3,-64.07,41.39,0.0,0.83,0.0,7.17,1.14,0.0,0.0,0.0,20
2001,6,9,-63.71,43.61,0.0309,0.83,0.0256,2.75,0.641,6140.0,145.0,3.82,20
2001,6,9,-64.37,43.11,0.00997,0.83,0.00828,1.67,0.578,1080.0,25.6,0.46,20
2001,6,27,-70.85,40.99,0.0196,0.83,0.0163,2.66,0.699,4110.0,97.3,2.34,20
2001,6,28,-70.34,40.77,0.0,0.83,0.0,5.52,0.572,0.0,0.0,0.0,20
2001,6,28,-69.85,40.24,0.00216,0.83,0.00179,5.75,0.58,812.0,19.2,0.323,20
2001,7,23,-70.26,42.22,0.0,0.83,0.0,8.54,0.0,0.0,0.0,0.0,20
2001,7,24,-67.21,41.94,0.0,0.83,0.0,6.63,1.25,0.0,0.0,0.0,20
2001,7,25,-64.38,41.09,0.0,0.83,0.0,10.7,2.14,0.0,0.0,0.0,20
2001,7,26,-63.42,42.08,0.0024,0.83,0.00199,6.54,2.12,3760.0,88.9,2.1,20
2001,7,26,-62.44,42.59,0.0,0.83,0.0,6.7,2.32,0.0,0.0,0.0,20
2001,7,27,-61.4,42.93,0.0054,0.83,0.00448,7.44,1.77,8040.0,190.0,5.3,20
2001,7,27,-60.68,43.14,0.0216,0.83,0.0179,3.82,1.69,15700.0,372.0,12.0,20
2001,7,27,-60.24,43.39,0.0,0.83,0.0,3.82,1.69,0.0,0.0,0.0,20
2001,7,28,-59.79,43.53,0.0,0.83,0.0,5.23,1.21,0.0,0.0,0.0,20
2001,7,30,-58.22,45.28,0.0799,0.83,0.0663,4.14,0.706,26300.0,623.0,22.5,20
2001,7,31,-57.29,46.07,0.0432,0.83,0.0359,3.03,0.699,10300.0,244.0,7.18,20
2001,7,31,-56.63,46.52,0.016,0.83,0.0133,2.76,0.737,3670.0,86.9,2.04,20
2001,8,5,-57.59,46.74,0.00308,0.83,0.00256,1.5,0.898,468.0,11.1,0.165,20
2001,8,6,-58.98,46.2,0.00864,0.83,0.00717,7.64,0.776,5770.0,137.0,3.54,20
2001,8,6,-58.62,45.52,0.0,0.83,0.0,6.43,0.846,0.0,0.0,0.0,20
2001,8,7,-58.42,44.95,0.0177,0.83,0.0147,8.05,1.18,18900.0,447.0,15.0,20
2001,8,8,-60.29,45.58,0.0,0.83,0.0,6.9,1.29,0.0,0.0,0.0,20
2001,8,9,-61.25,44.96,0.0,0.83,0.0,6.73,1.42,0.0,0.0,0.0,20
2001,8,9,-62.69,44.64,0.0,0.83,0.0,5.75,1.21,0.0,0.0,0.0,20
2001,8,11,-63.62,44.35,0.0024,0.83,0.00199,4.78,1.21,1560.0,37.0,0.72,20
2001,8,12,-64.07,44.2,0.0,0.83,0.0,2.81,0.0,0.0,0.0,0.0,20
2001,8,12,-65.33,43.27,0.0,0.83,0.0,3.07,1.21,0.0,0.0,0.0,20
2001,8,14,-68.29,43.42,0.0,0.83,0.0,2.71,1.13,0.0,0.0,0.0,20
2001,8,15,-70.08,43.34,0.0,0.83,0.0,3.03,0.0,0.0,0.0,0.0,20
2001,7,10,-70.26,41.89,0.0025,0.83,0.00207,4.2,0.975,1150.0,27.3,0.497,20
2001,7,10,-70.33,42.18,0.0,0.83,0.0,3.33,0.0,0.0,0.0,0.0,20
2001,7,11,-69.57,43.53,0.0,0.83,0.0,2.7,0.703,0.0,0.0,0.0,20
2001,7,12,-69.82,42.78,0.0,0.83,0.0,7.57,0.411,0.0,0.0,0.0,20
2001,7,13,-68.56,41.36,0.0,0.83,0.0,4.6,1.69,0.0,0.0,0.0,20
2001,7,13,-68.65,40.86,0.013,0.83,0.0108,3.61,1.84,9730.0,230.0,6.69,20
2001,7,15,-71.15,41.11,0.00864,0.83,0.00717,4.28,0.00587,24.5,0.579,0.00451,20
2001,10,15,-70.69,41.13,0.0081,0.83,0.00672,5.2,1.08,5140.0,122.0,3.07,20
2001,10,15,-70.45,40.78,0.0,0.83,0.0,5.0,1.16,0.0,0.0,0.0,20
2001,10,18,-65.65,37.62,0.0,0.83,0.0,7.7,2.06,0.0,0.0,0.0,20
2001,10,19,-64.84,37.28,0.081,0.83,0.0672,3.86,1.64,57900.0,1370.0,59.0,20
2001,10,19,-64.25,36.82,0.0393,0.83,0.0326,6.1,1.56,42200.0,999.0,40.1,20
2001,10,20,-64.54,35.8,0.0,0.83,0.0,6.9,1.44,0.0,0.0,0.0,20
2001,10,20,-64.56,35.68,0.188,0.83,0.156,6.9,1.44,210000.0,4980.0,284.0,20
2001,10,21,-64.51,35.33,0.0972,0.83,0.0807,4.09,0.995,44600.0,1060.0,42.9,20
2001,10,21,-63.5,34.56,0.0528,0.83,0.0438,3.68,1.04,22700.0,537.0,18.8,20
2001,10,21,-62.64,33.76,0.0396,0.83,0.0329,3.34,1.09,16200.0,384.0,12.5,20
2001,10,22,-62.64,33.76,0.121,0.83,0.1,4.71,1.0,64300.0,1520.0,67.0,20
2001,10,22,-62.5,33.0,0.0626,0.83,0.052,4.71,1.0,33300.0,788.0,30.0,20
2001,10,23,-62.17,32.24,0.0799,0.83,0.0663,4.91,1.02,45300.0,1070.0,43.7,20
2001,10,23,-60.97,31.63,0.108,0.83,0.0896,4.99,1.04,63500.0,1500.0,65.9,20
2001,10,23,-60.25,31.24,0.0605,0.83,0.0502,4.99,1.04,35600.0,841.0,32.5,20
2001,10,24,-59.3,30.49,0.218,0.83,0.181,2.28,0.843,47300.0,1120.0,46.1,20
2001,10,25,-59.07,29.4,0.0216,0.83,0.0179,3.78,0.745,6860.0,162.0,4.37,20
2001,10,25,-58.82,28.07,0.041,0.83,0.034,1.2,0.802,4450.0,105.0,2.58,20
2001,10,26,-58.48,26.2,0.456,0.83,0.378,1.75,0.862,77500.0,1830.0,84.2,20
2001,10,27,-58.63,24.37,0.0605,0.83,0.0502,3.98,0.936,25400.0,602.0,21.6,20
2001,10,28,-59.05,23.78,0.0378,0.83,0.0314,4.85,1.03,21400.0,506.0,17.5,20
2001,10,28,-59.39,23.2,0.0825,0.83,0.0685,4.85,1.03,46700.0,1100.0,45.3,20
2001,10,29,-59.45,21.4,0.00864,0.83,0.00717,5.96,1.48,8580.0,203.0,5.74,20
2001,10,30,-59.59,20.41,0.0072,0.83,0.00598,5.2,1.58,6670.0,158.0,4.22,20
2001,10,30,-59.62,19.52,0.013,0.83,0.0108,5.87,1.69,14500.0,343.0,10.9,20
2001,10,31,-59.64,18.63,0.0108,0.83,0.00896,5.78,1.82,12800.0,302.0,9.33,20
2001,10,31,-59.51,17.78,0.00664,0.83,0.00551,6.19,1.82,8420.0,199.0,5.61,20
2001,11,1,-59.43,16.67,0.00216,0.83,0.00179,5.93,1.9,2750.0,65.0,1.43,20
2001,11,1,-59.37,15.65,0.0081,0.83,0.00672,5.37,1.8,8810.0,208.0,5.92,20
2001,11,1,-59.34,15.0,0.00216,0.83,0.00179,5.37,1.8,2350.0,55.6,1.18,20
2001,11,2,-59.39,14.65,0.00648,0.83,0.00538,2.05,1.66,2490.0,58.9,1.27,20
2001,11,3,-59.55,14.11,0.0972,0.83,0.0807,1.37,1.74,26000.0,616.0,22.2,20
2001,11,3,-60.14,12.99,0.0,0.83,0.0,3.0,1.62,0.0,0.0,0.0,20
2001,11,4,-60.25,12.48,0.0,0.83,0.0,4.45,1.91,0.0,0.0,0.0,20
2001,11,17,-63.32,17.6,0.0108,0.83,0.00896,1.39,1.9,3230.0,76.4,1.74,20
2001,11,17,-63.45,17.64,0.00648,0.83,0.00538,1.39,1.9,1940.0,45.8,0.934,20
2001,11,28,-63.67,17.51,0.0108,0.83,0.00896,6.34,3.21,24800.0,587.0,21.0,20
2001,11,29,-63.07,17.17,0.0612,0.83,0.0508,2.55,2.68,47100.0,1110.0,45.8,20
2001,11,30,-62.58,16.67,0.0288,0.83,0.0239,3.0,2.5,24300.0,575.0,20.4,20
2001,11,30,-62.08,16.41,0.0112,0.83,0.0093,3.0,2.5,9450.0,224.0,6.46,20
2001,11,30,-62.13,16.17,0.0,0.83,0.0,3.0,2.5,0.0,0.0,0.0,20
2001,11,30,-62.17,16.09,0.0194,0.83,0.0161,3.0,2.5,16400.0,388.0,12.6,20
2001,11,30,-62.23,15.98,0.00691,0.83,0.00574,1.8,2.45,3440.0,81.3,1.88,20
2001,12,2,-61.18,14.46,0.00432,0.83,0.00359,7.9,2.09,8020.0,190.0,5.29,20
2001,12,3,-61.38,14.48,0.0,0.83,0.0,8.26,2.46,0.0,0.0,0.0,20
2001,12,3,-61.54,14.52,0.00216,0.83,0.00179,8.26,2.46,4940.0,117.0,2.93,20
2001,12,3,-61.48,13.75,0.00648,0.83,0.00538,8.26,2.46,14900.0,352.0,11.2,20
2001,12,9,-62.24,13.33,0.0,0.83,0.0,7.45,2.43,0.0,0.0,0.0,20
2001,12,11,-67.54,16.26,0.0,0.83,0.0,8.15,2.16,0.0,0.0,0.0,20
2001,12,12,-69.6,16.51,0.0018,0.83,0.00149,8.77,2.28,4060.0,96.1,2.3,20
2001,12,12,-70.33,16.96,0.0,0.83,0.0,9.07,2.18,0.0,0.0,0.0,20
2001,12,14,-73.36,17.34,0.0,0.83,0.0,10.5,2.97,0.0,0.0,0.0,20
2001,12,15,-74.14,17.57,0.0018,0.83,0.00149,7.82,2.8,4450.0,105.0,2.57,20
2001,12,15,-74.96,17.83,0.0162,0.83,0.0134,7.82,2.8,40000.0,947.0,37.6,20
2001,12,16,-76.21,18.45,0.00589,0.83,0.00489,8.06,0.0,14500.0,344.0,10.9,20
2001,12,17,-77.84,19.03,0.0,0.83,0.0,9.0,1.89,0.0,0.0,0.0,20
2001,12,18,-79.09,19.71,0.013,0.83,0.0108,6.27,1.39,12800.0,303.0,9.33,20
2001,12,18,-79.82,20.21,0.0,0.83,0.0,5.24,0.844,0.0,0.0,0.0,20
2002,1,30,-83.0,24.39,0.0302,0.83,0.0251,8.72,1.59,47100.0,1110.0,45.8,20
2002,1,31,-83.52,24.15,0.00216,0.83,0.00179,9.05,1.8,3970.0,94.0,2.24,20
2002,1,31,-83.49,24.56,0.146,0.83,0.121,9.05,1.8,269000.0,6360.0,383.0,20
2002,2,13,-81.12,24.41,0.00648,0.83,0.00538,6.6,0.776,3740.0,88.6,2.09,20
2002,2,14,-79.9,24.87,0.0,0.83,0.0,4.1,0.83,0.0,0.0,0.0,20
2002,2,14,-79.81,25.58,0.00216,0.83,0.00179,3.7,1.13,1010.0,24.0,0.424,20
2002,2,15,-79.83,26.0,0.0,0.83,0.0,7.17,1.29,0.0,0.0,0.0,20
2002,2,17,-77.14,27.78,0.0173,0.83,0.0144,7.13,0.929,12900.0,306.0,9.46,20
2002,2,20,-72.16,25.28,0.024,0.83,0.0199,8.38,3.26,73900.0,1750.0,79.3,20
2002,2,20,-71.98,24.89,0.122,0.83,0.101,8.97,3.43,423000.0,10000.0,667.0,20
2002,2,23,-71.93,22.29,0.0,0.83,0.0,9.2,1.98,0.0,0.0,0.0,20
2002,2,23,-71.64,22.57,0.00648,0.83,0.00538,9.2,1.98,13300.0,314.0,9.78,20
2002,2,24,-70.49,22.88,0.0054,0.83,0.00448,8.3,1.6,8070.0,191.0,5.33,20
2002,2,24,-69.56,22.93,0.0778,0.83,0.0646,8.72,1.48,113000.0,2680.0,133.0,20
2002,2,25,-68.73,22.42,0.0945,0.83,0.0784,7.3,1.59,124000.0,2930.0,149.0,20
2002,2,26,-68.21,20.97,0.00648,0.83,0.00538,6.07,2.17,9620.0,228.0,6.6,20
2002,2,26,-67.97,20.17,0.127,0.83,0.105,5.55,2.14,170000.0,4030.0,220.0,20
2002,3,3,-69.39,19.72,0.106,0.83,0.088,10.8,0.0,142000.0,3360.0,176.0,20
2002,3,3,-70.21,19.79,0.00216,0.83,0.00179,0.0,0.0,2900.0,68.5,1.53,20
2002,3,4,-71.68,20.57,0.0,0.83,0.0,10.2,3.01,0.0,0.0,0.0,20
2002,3,5,-72.71,20.33,0.00216,0.83,0.00179,8.22,2.94,5880.0,139.0,3.62,20
2002,3,6,-73.86,19.32,0.0123,0.83,0.0102,5.25,2.07,15100.0,357.0,11.4,20
2002,3,6,-74.49,19.03,0.0027,0.83,0.00224,5.4,2.34,3850.0,91.0,2.16,20
2002,3,7,-74.99,18.98,0.0497,0.83,0.0413,9.66,2.51,136000.0,3210.0,167.0,20
2002,3,8,-76.75,18.93,0.00864,0.83,0.00717,5.21,0.0,23600.0,558.0,19.7,20
2002,3,8,-77.9,19.01,0.00648,0.83,0.00538,7.0,1.42,7270.0,172.0,4.69,20
2002,3,8,-78.73,19.26,0.0389,0.83,0.0323,6.55,1.39,39900.0,945.0,37.4,20
2002,3,9,-79.6,19.82,0.0036,0.83,0.00299,4.5,1.11,2030.0,48.1,0.991,20
2002,3,18,-84.23,25.14,0.0,0.83,0.0,8.03,0.765,0.0,0.0,0.0,20
2002,3,18,-84.02,24.79,0.00432,0.83,0.00359,8.18,1.41,5620.0,133.0,3.43,20
2002,3,18,-83.89,24.02,0.0,0.83,0.0,7.96,1.57,0.0,0.0,0.0,20
2002,3,30,-81.59,24.23,0.0,0.83,0.0,6.94,0.891,0.0,0.0,0.0,20
2002,3,30,-80.84,24.39,0.0999,0.83,0.0829,6.79,1.03,78700.0,1860.0,85.7,20
2002,3,31,-80.07,25.21,0.0,0.83,0.0,7.33,0.893,0.0,0.0,0.0,20
2002,3,31,-79.3,26.38,0.0,0.83,0.0,6.92,1.76,0.0,0.0,0.0,20
2002,4,1,-79.03,26.42,0.0,0.83,0.0,7.48,1.62,0.0,0.0,0.0,20
2002,4,1,-78.32,26.19,0.00432,0.83,0.00359,7.24,1.65,5830.0,138.0,3.58,20
2002,4,1,-77.91,26.23,0.0432,0.83,0.0359,4.78,1.74,40500.0,958.0,38.1,20
2002,4,2,-77.83,26.16,0.036,0.83,0.0299,4.47,1.57,28400.0,672.0,24.7,20
2002,4,3,-77.37,25.27,0.0157,0.83,0.013,4.68,1.56,13000.0,307.0,9.5,20
2002,4,3,-76.49,25.94,0.018,0.83,0.0149,5.57,1.68,19000.0,449.0,15.1,20
2002,4,3,-76.18,25.78,0.0,0.83,0.0,5.57,1.68,0.0,0.0,0.0,20
2002,4,4,-75.98,25.49,0.0,0.83,0.0,2.55,1.61,0.0,0.0,0.0,20
2002,4,4,-76.01,25.48,0.0,0.83,0.0,3.63,1.56,0.0,0.0,0.0,20
2002,4,5,-76.02,24.63,0.0,0.83,0.0,4.2,1.57,0.0,0.0,0.0,20
2002,4,6,-74.52,24.34,0.00648,0.83,0.00538,5.84,1.6,6830.0,162.0,4.35,20
2002,4,6,-74.05,24.14,0.0389,0.83,0.0323,5.84,1.6,41000.0,970.0,38.7,20
2002,4,6,-73.71,24.01,0.0036,0.83,0.00299,6.4,1.62,4220.0,99.8,2.41,20
2002,4,7,-73.6,23.64,0.0238,0.83,0.0198,11.1,2.4,71100.0,1680.0,75.7,20
2002,4,15,-76.67,18.99,0.00216,0.83,0.00179,4.69,0.0,6450.0,153.0,4.05,20
2002,4,16,-77.82,18.78,0.013,0.83,0.0108,0.0,0.986,38800.0,919.0,36.2,20
2002,4,16,-78.17,18.76,0.0,0.83,0.0,4.34,0.944,0.0,0.0,0.0,20
2002,4,16,-79.16,18.48,0.00309,0.83,0.00256,8.2,0.885,2530.0,59.8,1.29,20
2002,4,17,-80.19,18.39,0.0108,0.83,0.00896,8.05,1.28,12600.0,297.0,9.13,20
2002,4,17,-81.18,18.39,0.0,0.83,0.0,7.77,1.34,0.0,0.0,0.0,20
2002,4,18,-81.92,18.18,0.0,0.83,0.0,7.81,1.41,0.0,0.0,0.0,20
2002,4,19,-83.08,18.1,0.0115,0.83,0.00955,8.46,1.59,17400.0,412.0,13.6,20
2002,4,19,-84.13,17.95,0.00228,0.83,0.00189,7.33,1.47,2770.0,65.5,1.44,20
2002,4,19,-85.26,18.03,0.00432,0.83,0.00359,8.04,1.52,5940.0,141.0,3.67,20
2002,4,20,-85.62,17.25,0.0108,0.83,0.00896,8.6,1.55,16200.0,383.0,12.5,20
2002,4,21,-85.99,16.5,0.0,0.83,0.0,7.15,0.795,0.0,0.0,0.0,20
2002,4,24,-86.02,16.81,0.0,0.83,0.0,6.17,0.604,0.0,0.0,0.0,20
2002,4,25,-86.0,17.66,0.0238,0.83,0.0198,5.62,0.942,14200.0,336.0,10.6,20
2002,4,25,-86.02,17.74,0.00432,0.83,0.00359,6.4,0.887,2760.0,65.4,1.44,20
2002,5,2,-83.0,24.29,0.0,0.83,0.0,5.43,0.699,0.0,0.0,0.0,20
2002,5,3,-82.13,23.96,0.0,0.83,0.0,0.0,0.0,0.0,0.0,0.0,20
2002,5,3,-82.04,23.89,0.0,0.83,0.0,0.0,0.0,0.0,0.0,0.0,20
2002,5,13,-80.76,24.12,0.0,0.83,0.0,6.73,1.37,0.0,0.0,0.0,20
2002,5,14,-79.91,25.41,0.013,0.83,0.0108,3.77,1.3,7170.0,170.0,4.61,20
2002,5,14,-79.22,27.66,0.0,0.83,0.0,7.58,1.17,0.0,0.0,0.0,20
2002,5,15,-78.9,27.82,0.0605,0.83,0.0502,9.59,0.741,48500.0,1150.0,47.5,20
2002,5,16,-78.85,28.68,0.0,0.83,0.0,9.49,1.72,0.0,0.0,0.0,20
2002,5,16,-78.68,29.29,0.0,0.83,0.0,8.89,1.59,0.0,0.0,0.0,20
2002,5,17,-78.14,29.79,0.123,0.83,0.102,7.84,1.46,159000.0,3760.0,202.0,20
2002,5,17,-77.72,29.92,0.395,0.83,0.328,6.88,1.49,456000.0,10800.0,731.0,20
2002,5,19,-73.67,31.67,0.0238,0.83,0.0198,11.1,2.35,69900.0,1660.0,74.2,20
2002,5,19,-71.82,32.2,0.0,0.83,0.0,11.2,2.22,0.0,0.0,0.0,20
2002,5,21,-69.7,32.22,0.0054,0.83,0.00448,11.7,2.68,19200.0,454.0,15.3,20
2002,5,21,-69.22,32.22,0.00842,0.83,0.00699,11.7,2.68,29900.0,707.0,26.3,20
2002,5,22,-68.14,32.04,0.00216,0.83,0.00179,12.0,2.61,7610.0,180.0,4.96,20
2002,5,24,-66.6,32.43,0.0118,0.83,0.00979,9.39,2.18,27300.0,645.0,23.5,20
2002,5,28,-64.58,32.73,0.117,0.83,0.0971,5.6,1.17,86300.0,2040.0,95.9,20
2002,5,28,-64.62,33.81,0.0324,0.83,0.0269,5.37,1.12,22100.0,522.0,18.2,20
2002,5,29,-64.62,33.84,0.199,0.83,0.165,6.18,1.15,159000.0,3770.0,203.0,20
2002,5,29,-64.62,33.87,0.0194,0.83,0.0161,6.18,1.15,15500.0,368.0,11.8,20
2002,5,29,-64.76,34.67,0.179,0.83,0.149,4.58,1.08,99900.0,2360.0,115.0,20
2002,5,29,-64.77,34.7,0.0475,0.83,0.0394,4.58,1.08,26500.0,627.0,22.7,20
2002,5,29,-64.77,34.72,0.0475,0.83,0.0394,4.58,1.08,26500.0,627.0,22.7,20
2002,5,29,-64.83,35.53,0.0346,0.83,0.0287,4.01,1.06,16500.0,391.0,12.8,20
2002,5,30,-64.83,35.53,0.00381,0.83,0.00316,6.96,1.18,3520.0,83.2,1.93,20
2002,5,31,-65.22,37.48,0.0234,0.83,0.0194,13.2,2.5,87000.0,2060.0,96.9,20
2002,5,31,-64.85,38.27,0.0,0.83,0.0,12.0,2.66,0.0,0.0,0.0,20
2002,6,1,-65.04,39.14,0.0,0.83,0.0,9.96,2.69,0.0,0.0,0.0,20
2002,6,3,-65.42,42.12,0.0,0.83,0.0,7.52,1.53,0.0,0.0,0.0,20
2002,6,3,-65.11,42.79,0.0,0.83,0.0,7.52,1.53,0.0,0.0,0.0,20
2002,6,5,-64.51,43.55,0.0,0.83,0.0,3.87,1.11,0.0,0.0,0.0,20
2002,6,5,-64.31,43.75,0.0,0.83,0.0,3.87,1.11,0.0,0.0,0.0,20
2002,6,10,-64.33,43.96,0.0,0.83,0.0,5.89,1.16,0.0,0.0,0.0,20
2000,2,5,-82.75,26.74,0.00144,0.83,0.0012,5.0,0.292,237.0,5.62,0.0721,20
2000,2,5,-82.58,25.35,0.0108,0.83,0.00896,8.5,0.781,8090.0,191.0,5.34,20
2000,2,6,-82.77,24.5,0.00432,0.83,0.00359,8.33,1.24,5010.0,119.0,2.98,20
2000,2,16,-81.71,24.39,0.00216,0.83,0.00179,6.66,0.817,1330.0,31.4,0.588,20
2000,2,17,-80.85,23.85,0.00196,0.83,0.00163,5.12,0.0,1200.0,28.5,0.522,20
2000,2,17,-80.54,24.58,0.00216,0.83,0.00179,5.47,1.03,1370.0,32.4,0.612,20
2000,2,18,-79.9,25.02,0.00432,0.83,0.00359,6.69,1.55,5060.0,120.0,3.02,20
2000,2,19,-79.22,26.68,0.00864,0.83,0.00717,4.41,1.58,6760.0,160.0,4.29,20
2000,2,19,-79.83,26.79,0.00864,0.83,0.00717,4.41,1.58,6760.0,160.0,4.29,20
2000,2,20,-78.96,27.65,0.0,0.83,0.0,4.2,0.871,0.0,0.0,0.0,20
2000,2,20,-78.26,27.99,0.0324,0.83,0.0269,4.2,0.871,13400.0,316.0,9.86,20
2000,2,21,-76.96,28.0,0.0,0.83,0.0,8.12,1.88,0.0,0.0,0.0,20
2000,2,21,-75.45,27.69,0.00393,0.83,0.00326,7.86,1.8,6290.0,149.0,3.93,20
2000,2,23,-71.65,24.59,0.0199,0.83,0.0165,10.8,2.93,71100.0,1680.0,75.7,20
2000,2,24,-70.19,23.91,0.00196,0.83,0.00163,7.97,2.69,4740.0,112.0,2.79,20
2000,2,25,-69.96,23.5,0.112,0.83,0.093,9.07,2.97,341000.0,8060.0,512.0,20
2000,2,25,-69.81,22.87,0.0168,0.83,0.0139,8.6,2.79,45500.0,1080.0,43.9,20
2000,2,26,-69.17,22.17,0.0259,0.83,0.0215,9.96,3.27,95100.0,2250.0,108.0,20
2000,2,26,-69.15,22.15,0.00864,0.83,0.00717,9.96,3.27,31700.0,751.0,28.3,20
2000,2,26,-68.33,21.41,0.0,0.83,0.0,9.73,3.17,0.0,0.0,0.0,20
2000,2,27,-68.11,20.97,0.0,0.83,0.0,7.92,3.1,0.0,0.0,0.0,20
2000,2,27,-68.11,20.95,0.0,0.83,0.0,7.92,3.1,0.0,0.0,0.0,20
2000,2,27,-68.15,20.08,0.00432,0.83,0.00359,7.92,3.1,12000.0,283.0,8.61,20
2000,2,28,-68.34,19.55,0.0,0.83,0.0,6.61,2.27,0.0,0.0,0.0,20
2000,2,28,-69.16,19.71,0.0302,0.83,0.0251,6.61,0.0,51100.0,1210.0,50.6,20
2000,3,1,-69.88,20.73,0.00319,0.83,0.00265,4.79,2.78,4790.0,113.0,2.82,20
2000,3,2,-69.94,20.01,0.00785,0.83,0.00652,3.17,1.91,5340.0,126.0,3.22,20
2000,3,2,-69.69,19.71,0.0528,0.83,0.0438,3.47,0.0,35900.0,850.0,32.9,20
2000,3,3,-69.28,19.44,0.0,0.83,0.0,2.97,0.0,0.0,0.0,0.0,20
2000,3,4,-69.56,19.15,0.0,0.83,0.0,5.17,0.0,0.0,0.0,0.0,20
2000,3,8,-69.16,19.33,0.0281,0.83,0.0233,4.41,0.0,19100.0,452.0,15.2,20
2000,3,9,-69.96,19.88,0.0194,0.83,0.0161,7.09,0.0,13200.0,312.0,9.7,20
2000,3,9,-70.76,19.95,0.0173,0.83,0.0144,0.0,0.0,11800.0,278.0,8.44,20
2000,3,11,-73.96,19.57,0.0,0.83,0.0,5.39,1.7,0.0,0.0,0.0,20
2000,3,11,-74.05,19.39,0.0,0.83,0.0,5.13,1.9,0.0,0.0,0.0,20
2000,3,11,-74.37,19.1,0.02,0.83,0.0166,5.13,1.9,22000.0,520.0,18.1,20
2000,3,11,-75.02,18.9,0.00216,0.83,0.00179,7.28,2.42,4280.0,101.0,2.46,20
2000,3,12,-75.51,18.73,0.0,0.83,0.0,7.42,2.52,0.0,0.0,0.0,20
2000,3,12,-76.27,18.77,0.0107,0.83,0.00888,3.24,0.0,22500.0,533.0,18.6,20
2000,3,13,-76.93,19.04,0.0,0.83,0.0,2.3,1.53,0.0,0.0,0.0,20
2000,3,13,-77.31,19.15,0.0,0.83,0.0,2.62,1.29,0.0,0.0,0.0,20
2000,3,13,-77.96,19.09,0.0151,0.83,0.0125,2.62,1.29,5760.0,136.0,3.53,20
2000,3,14,-78.87,19.48,0.00216,0.83,0.00179,6.47,1.28,2020.0,47.8,0.983,20
2000,3,14,-79.18,19.55,0.0,0.83,0.0,5.97,1.26,0.0,0.0,0.0,20
2000,3,22,-85.03,24.41,0.0281,0.83,0.0233,6.02,0.742,14200.0,335.0,10.6,20
2000,3,23,-82.37,24.24,0.0,0.83,0.0,5.3,1.17,0.0,0.0,0.0,20
2000,4,1,-80.3,24.32,0.0048,0.83,0.00398,6.36,0.574,1980.0,46.8,0.959,20
2000,4,1,-79.56,24.67,0.0,0.83,0.0,6.25,0.496,0.0,0.0,0.0,20
2000,4,2,-79.43,25.04,0.0,0.83,0.0,8.29,1.35,0.0,0.0,0.0,20
2000,4,2,-79.34,25.79,0.0555,0.83,0.0461,8.29,1.35,70200.0,1660.0,74.6,20
2000,4,3,-79.83,26.73,0.0,0.83,0.0,6.41,1.28,0.0,0.0,0.0,20
2000,4,4,-79.12,28.58,0.00216,0.83,0.00179,8.54,0.958,1990.0,47.2,0.967,20
2000,4,4,-78.18,29.35,0.0432,0.83,0.0359,8.83,1.26,54200.0,1280.0,54.4,20
2000,4,5,-77.1,29.95,0.0,0.83,0.0,10.3,1.94,0.0,0.0,0.0,20
2000,4,6,-75.05,30.48,0.0036,0.83,0.00299,3.64,1.86,2760.0,65.3,1.44,20
2000,4,6,-74.83,30.43,0.0694,0.83,0.0576,2.3,2.01,36100.0,854.0,33.1,20
2000,4,7,-74.02,30.72,0.0259,0.83,0.0215,4.51,1.38,18200.0,430.0,14.4,20
2000,4,7,-73.48,30.93,0.0,0.83,0.0,3.61,1.49,0.0,0.0,0.0,20
2000,4,8,-72.7,31.04,0.0216,0.83,0.0179,8.04,1.28,25000.0,592.0,21.2,20
2000,4,8,-71.43,31.36,0.00864,0.83,0.00717,6.67,1.25,8120.0,192.0,5.37,20
2000,4,9,-70.74,31.57,0.0238,0.83,0.0198,9.53,1.91,48900.0,1160.0,48.0,20
2000,4,9,-69.68,31.88,0.0255,0.83,0.0212,10.0,1.98,57100.0,1350.0,58.0,20
2000,4,9,-68.92,32.03,0.0081,0.83,0.00672,10.4,2.09,19800.0,469.0,15.9,20
2000,4,10,-68.36,32.04,0.0513,0.83,0.0426,8.35,2.59,125000.0,2960.0,151.0,20
2000,4,11,-67.32,31.96,0.112,0.83,0.093,7.37,1.96,182000.0,4310.0,239.0,20
2000,4,11,-66.3,31.37,0.0842,0.83,0.0699,7.43,2.11,149000.0,3520.0,186.0,20
2000,4,11,-65.88,30.53,0.0194,0.83,0.0161,9.42,2.34,48300.0,1140.0,47.2,20
2000,4,12,-65.75,31.05,0.0972,0.83,0.0807,6.61,1.43,103000.0,2440.0,119.0,20
2000,4,16,-64.38,32.38,0.0236,0.83,0.0196,8.49,1.52,34200.0,810.0,31.1,20
2000,4,16,-63.98,32.18,0.00997,0.83,0.00828,7.13,1.6,12800.0,303.0,9.36,20
2000,4,17,-63.11,31.73,0.00864,0.83,0.00717,7.86,1.75,13400.0,318.0,9.9,20
2000,4,18,-63.78,31.27,0.0734,0.83,0.0609,8.09,1.6,107000.0,2530.0,125.0,20
2000,4,19,-64.16,30.86,0.0162,0.83,0.0134,10.6,2.38,46000.0,1090.0,44.6,20
2000,4,20,-65.66,30.84,0.00393,0.83,0.00326,9.97,2.91,12800.0,304.0,9.38,20
2000,4,20,-65.3,30.07,0.0548,0.83,0.0455,9.97,2.91,179000.0,4230.0,233.0,20
2000,4,20,-65.53,29.13,0.00393,0.83,0.00326,10.0,2.81,12500.0,296.0,9.07,20
2000,4,21,-65.83,28.51,0.0288,0.83,0.0239,5.67,2.38,43700.0,1030.0,41.8,20
2000,4,22,-66.62,28.02,0.11,0.83,0.0913,5.42,1.76,118000.0,2800.0,141.0,20
2000,4,22,-67.52,27.78,0.0346,0.83,0.0287,5.34,1.7,35300.0,837.0,32.3,20
2000,4,23,-68.61,28.08,0.00617,0.83,0.00512,7.6,1.68,8880.0,210.0,5.98,20
2000,4,23,-69.21,28.34,0.0691,0.83,0.0574,8.24,1.67,107000.0,2540.0,125.0,20
2000,4,24,-69.39,27.32,0.0101,0.83,0.00838,3.89,1.9,8410.0,199.0,5.6,20
2000,4,24,-70.05,26.68,0.467,0.83,0.388,3.87,1.71,348000.0,8240.0,526.0,20
2000,4,25,-70.95,25.76,0.0432,0.83,0.0359,7.02,1.71,58400.0,1380.0,59.5,20
2000,4,26,-73.03,24.89,0.0648,0.83,0.0538,7.53,1.97,108000.0,2560.0,127.0,20
2000,5,3,-79.82,26.69,0.00648,0.83,0.00538,7.9,1.56,8980.0,213.0,6.07,20
2000,7,18,-70.07,42.23,0.0238,0.83,0.0198,4.55,0.0,33000.0,781.0,29.7,20
2000,7,18,-69.4,42.36,0.00216,0.83,0.00179,4.27,0.228,237.0,5.62,0.0721,20
2000,7,19,-68.01,42.15,0.0024,0.83,0.00199,8.85,1.41,3370.0,79.8,1.84,20
2000,7,19,-67.37,42.1,0.0108,0.83,0.00896,6.24,1.58,12000.0,284.0,8.64,20
2000,7,19,-67.06,41.92,0.0,0.83,0.0,3.7,1.63,0.0,0.0,0.0,20
2000,7,20,-66.77,41.67,0.0024,0.83,0.00199,6.8,1.52,2790.0,66.0,1.46,20
2000,7,20,-66.22,41.43,0.00648,0.83,0.00538,6.8,1.52,7540.0,178.0,4.9,20
2000,7,21,-66.15,41.53,0.0,0.83,0.0,5.7,1.38,0.0,0.0,0.0,20
2000,7,23,-65.05,41.76,0.00216,0.83,0.00179,4.35,0.927,983.0,23.3,0.408,20
2000,7,23,-63.35,42.1,0.0,0.83,0.0,2.85,0.956,0.0,0.0,0.0,20
2000,7,24,-61.72,42.63,0.00216,0.83,0.00179,4.3,0.935,979.0,23.2,0.406,20
2000,7,24,-60.77,43.02,0.00288,0.83,0.00239,4.79,0.922,1430.0,33.9,0.647,20
2000,7,25,-60.73,43.02,0.0,0.83,0.0,2.57,0.733,0.0,0.0,0.0,20
2000,7,26,-59.0,43.91,0.0,0.83,0.0,8.02,0.928,0.0,0.0,0.0,20
2000,7,27,-60.26,44.39,0.0108,0.83,0.00896,2.05,0.644,1610.0,38.1,0.745,20
2000,7,28,-61.61,44.41,0.0,0.83,0.0,6.78,1.27,0.0,0.0,0.0,20
2000,8,2,-64.03,44.27,0.0,0.83,0.0,9.13,0.0,0.0,0.0,0.0,20
2000,8,3,-64.16,43.71,0.0,0.83,0.0,4.75,0.825,0.0,0.0,0.0,20
2000,8,3,-63.66,43.27,0.0,0.83,0.0,4.66,0.835,0.0,0.0,0.0,20
2000,8,4,-63.05,42.64,0.0,0.83,0.0,6.77,1.07,0.0,0.0,0.0,20
2000,8,5,-63.85,42.27,0.0,0.83,0.0,9.11,1.42,0.0,0.0,0.0,20
2000,9,9,-70.52,41.9,0.0,0.83,0.0,6.22,0.619,0.0,0.0,0.0,20
2000,9,9,-70.07,42.3,0.0,0.83,0.0,4.46,0.0,0.0,0.0,0.0,20
2000,9,10,-69.69,42.16,0.0,0.83,0.0,2.54,0.0748,0.0,0.0,0.0,20
2000,9,10,-69.3,41.97,0.0,0.83,0.0,1.79,0.533,0.0,0.0,0.0,20
2000,9,11,-68.67,41.45,0.0,0.83,0.0,1.77,0.739,0.0,0.0,0.0,20
2000,9,11,-68.39,41.34,0.0,0.83,0.0,1.77,0.739,0.0,0.0,0.0,20
2000,9,12,-68.81,40.12,0.0,0.83,0.0,4.52,0.95,0.0,0.0,0.0,20
2000,9,12,-69.04,39.91,0.0,0.83,0.0,3.75,1.05,0.0,0.0,0.0,20
2000,9,13,-70.14,40.23,0.0,0.83,0.0,5.16,0.917,0.0,0.0,0.0,20
2000,9,14,-71.06,41.11,0.0,0.83,0.0,5.55,0.00225,0.0,0.0,0.0,20
2000,10,16,-70.9,41.32,0.0,0.83,0.0,9.63,1.22,0.0,0.0,0.0,20
2000,10,17,-71.18,40.25,0.0,0.83,0.0,10.0,1.77,0.0,0.0,0.0,20
2000,10,18,-72.47,39.16,0.0,0.83,0.0,9.1,2.28,0.0,0.0,0.0,20
2000,10,18,-72.17,38.51,0.0,0.83,0.0,9.76,2.67,0.0,0.0,0.0,20
2000,10,20,-68.72,36.78,0.0216,0.83,0.0179,8.31,2.63,53300.0,1260.0,53.2,20
2000,10,21,-68.08,35.96,0.0634,0.83,0.0526,6.19,1.81,80200.0,1900.0,87.7,20
2000,10,21,-67.67,35.41,0.0374,0.83,0.031,5.82,1.93,47300.0,1120.0,46.1,20
2000,10,22,-67.48,34.84,0.0907,0.83,0.0753,6.33,1.45,93700.0,2220.0,106.0,20
2000,10,22,-67.11,34.22,0.0562,0.83,0.0466,6.33,1.45,58000.0,1370.0,59.1,20
2000,10,23,-66.01,33.27,0.0108,0.83,0.00896,12.2,2.65,39400.0,933.0,36.9,20
2000,10,23,-65.02,32.13,0.0216,0.83,0.0179,12.5,2.71,82200.0,1940.0,90.3,20
2000,10,25,-62.64,27.74,0.0432,0.83,0.0359,8.35,2.89,117000.0,2780.0,140.0,20
2000,10,26,-62.71,27.52,0.0346,0.83,0.0287,8.64,2.86,96400.0,2280.0,110.0,20
2000,10,26,-63.02,27.26,0.0154,0.83,0.0128,8.47,2.87,42200.0,999.0,40.1,20
2000,10,26,-62.8,27.48,0.0,0.83,0.0,8.64,2.86,0.0,0.0,0.0,20
2000,10,27,-62.47,27.56,0.0,0.83,0.0,8.54,2.31,0.0,0.0,0.0,20
2000,10,27,-62.26,27.61,0.00432,0.83,0.00359,8.54,2.31,9580.0,227.0,6.57,20
2000,10,27,-61.97,27.66,0.0,0.83,0.0,8.37,2.24,0.0,0.0,0.0,20
2000,10,28,-61.25,27.63,0.0,0.83,0.0,7.17,1.74,0.0,0.0,0.0,20
2000,10,28,-60.38,27.59,0.0302,0.83,0.0251,7.0,1.68,40000.0,946.0,37.5,20
2000,10,29,-59.64,27.44,0.0454,0.83,0.0377,9.3,1.79,85100.0,2010.0,94.3,20
2000,10,30,-59.62,27.08,0.0,0.83,0.0,7.57,2.15,0.0,0.0,0.0,20
2000,10,30,-59.02,26.96,0.0115,0.83,0.00955,8.68,2.05,23100.0,546.0,19.2,20
2000,11,1,-59.05,24.65,0.00589,0.83,0.00489,7.4,2.01,9880.0,234.0,6.82,20
2000,11,2,-58.83,23.46,0.0216,0.83,0.0179,4.37,1.95,20800.0,492.0,16.9,20
2000,11,2,-58.73,22.1,0.0108,0.83,0.00896,3.12,1.86,7090.0,168.0,4.55,20
2000,11,3,-58.99,20.91,0.00864,0.83,0.00717,4.9,1.82,8690.0,206.0,5.83,20
2000,11,3,-59.28,20.02,0.00785,0.83,0.00652,5.31,1.84,8650.0,205.0,5.8,20
2000,11,4,-59.73,19.12,0.0,0.83,0.0,2.97,2.03,0.0,0.0,0.0,20
2000,11,4,-60.43,17.87,0.0,0.83,0.0,4.26,1.91,0.0,0.0,0.0,20
2000,11,8,-61.91,16.97,0.0238,0.83,0.0198,5.1,1.96,26900.0,636.0,23.1,20
2000,11,9,-62.18,16.21,0.00196,0.83,0.00163,5.51,1.77,2160.0,51.1,1.07,20
2000,11,9,-61.98,15.71,0.0,0.83,0.0,4.27,1.82,0.0,0.0,0.0,20
2000,11,10,-61.53,14.79,0.00864,0.83,0.00717,5.03,1.99,9730.0,230.0,6.69,20
2000,11,11,-60.98,14.19,0.0,0.83,0.0,6.53,2.16,0.0,0.0,0.0,20
2000,11,11,-61.16,13.74,0.0,0.83,0.0,6.76,2.11,0.0,0.0,0.0,20
2000,12,1,-65.12,17.26,0.0,0.83,0.0,7.97,2.61,0.0,0.0,0.0,20
2000,12,1,-65.4,16.41,0.0,0.83,0.0,9.39,2.71,0.0,0.0,0.0,20
2000,12,2,-65.51,15.65,0.0,0.83,0.0,9.4,2.47,0.0,0.0,0.0,20
2000,12,2,-65.75,14.86,0.00196,0.83,0.00163,10.2,2.47,5580.0,132.0,3.39,20
2000,12,3,-66.07,14.24,0.00216,0.83,0.00179,10.3,2.45,6150.0,146.0,3.83,20
2000,12,3,-65.84,15.0,0.013,0.83,0.0108,9.58,2.31,32400.0,766.0,29.0,20
2000,12,4,-65.21,15.73,0.0,0.83,0.0,7.9,2.17,0.0,0.0,0.0,20
2000,12,4,-65.03,14.94,0.0,0.83,0.0,8.2,2.21,0.0,0.0,0.0,20
2000,12,5,-64.9,13.84,0.0,0.83,0.0,9.06,2.39,0.0,0.0,0.0,20
2000,12,5,-64.9,12.93,0.0,0.83,0.0,8.98,2.18,0.0,0.0,0.0,20
2000,12,6,-64.91,11.76,0.0,0.83,0.0,9.1,1.19,0.0,0.0,0.0,20
2000,12,8,-67.08,11.32,0.0,0.83,0.0,10.2,1.81,0.0,0.0,0.0,20
2000,12,10,-70.1,14.35,0.00216,0.83,0.00179,9.64,2.42,5680.0,134.0,3.47,20
2000,12,10,-71.18,14.97,0.0,0.83,0.0,9.27,2.41,0.0,0.0,0.0,20
2000,12,11,-72.26,15.51,0.0,0.83,0.0,10.9,2.56,0.0,0.0,0.0,20
2000,12,11,-73.37,15.94,0.0405,0.83,0.0336,11.1,2.64,134000.0,3170.0,164.0,20
2000,12,12,-74.22,17.24,0.00405,0.83,0.00336,10.7,2.78,13600.0,322.0,10.1,20
2000,12,12,-74.58,18.14,0.00216,0.83,0.00179,9.05,2.47,5440.0,129.0,3.29,20
2000,12,13,-75.09,18.47,0.00648,0.83,0.00538,7.39,2.65,14300.0,338.0,10.7,20
2000,12,19,-76.56,19.11,0.00648,0.83,0.00538,5.81,1.95,8290.0,196.0,5.5,20
2000,12,19,-76.96,18.96,0.013,0.83,0.0108,8.04,0.0,16600.0,393.0,12.9,20
2000,12,20,-77.71,18.78,0.054,0.83,0.0448,0.0,1.41,69000.0,1630.0,73.1,20
2000,12,20,-78.41,18.69,0.0,0.83,0.0,4.98,1.6,0.0,0.0,0.0,20
2000,12,21,-78.86,18.04,0.0108,0.83,0.00896,7.63,1.59,14800.0,351.0,11.2,20
2000,12,21,-79.6,17.47,0.00648,0.83,0.00538,10.6,2.4,18600.0,440.0,14.7,20
2000,12,22,-80.35,17.15,0.0,0.83,0.0,7.08,2.68,0.0,0.0,0.0,20
2000,12,22,-81.21,16.82,0.0,0.83,0.0,7.34,1.71,0.0,0.0,0.0,20
2000,12,23,-82.49,16.67,0.00648,0.83,0.00538,5.93,0.937,4050.0,96.0,2.3,20
2000,12,24,-82.99,16.53,0.0,0.83,0.0,5.04,0.693,0.0,0.0,0.0,20
2000,12,24,-83.22,16.58,0.0216,0.83,0.0179,5.62,1.13,15500.0,367.0,11.8,20
2000,12,25,-84.65,16.41,0.00864,0.83,0.00717,5.93,0.837,4840.0,115.0,2.85,20
2001,1,16,-82.53,24.38,0.0,0.83,0.0,6.55,0.827,0.0,0.0,0.0,20
2001,1,17,-82.82,24.03,0.0,0.83,0.0,6.22,0.757,0.0,0.0,0.0,20
2001,1,17,-82.92,24.55,0.0,0.83,0.0,6.22,0.757,0.0,0.0,0.0,20
2001,1,28,-81.97,24.4,0.0756,0.83,0.0627,8.45,0.99,71300.0,1690.0,76.0,20
2001,1,29,-82.71,24.38,0.0137,0.83,0.0114,9.87,1.63,24800.0,588.0,21.0,20
2001,1,29,-82.62,24.91,0.0,0.83,0.0,9.87,1.63,0.0,0.0,0.0,20
2001,1,30,-83.17,24.48,0.36,0.83,0.299,8.09,1.42,467000.0,11100.0,753.0,20
2001,1,30,-82.89,24.44,0.0096,0.83,0.00797,8.44,1.51,13800.0,326.0,10.2,20
2001,1,31,-82.9,23.87,0.0,0.83,0.0,0.0,0.0,0.0,0.0,0.0,20
2001,1,31,-82.65,23.88,0.0216,0.83,0.0179,0.0,0.0,31000.0,735.0,27.5,20
2001,2,13,-80.36,24.63,0.00196,0.83,0.00163,10.8,1.88,4480.0,106.0,2.6,20
2001,2,14,-80.01,25.01,0.0,0.83,0.0,6.75,0.79,0.0,0.0,0.0,20
2001,2,14,-79.76,26.28,0.0173,0.83,0.0144,5.51,1.85,19900.0,471.0,16.0,20
2001,2,15,-79.8,27.43,0.0,0.83,0.0,3.82,1.33,0.0,0.0,0.0,20
2001,2,15,-79.3,27.85,0.0,0.83,0.0,3.82,1.33,0.0,0.0,0.0,20
2001,2,16,-77.71,27.48,0.0159,0.83,0.0132,3.93,0.541,3820.0,90.3,2.14,20
2001,2,17,-76.53,27.64,0.0072,0.83,0.00598,6.45,1.36,7110.0,168.0,4.57,20
2001,2,17,-75.3,27.26,0.0675,0.83,0.056,6.6,1.31,65900.0,1560.0,69.1,20
2001,2,18,-74.1,26.76,0.0216,0.83,0.0179,8.76,1.24,26500.0,628.0,22.8,20
2001,2,18,-73.53,26.49,0.0194,0.83,0.0161,8.18,1.17,20900.0,496.0,17.0,20
2001,2,20,-70.74,24.03,0.0,0.83,0.0,11.1,2.58,0.0,0.0,0.0,20
2001,2,20,-69.92,23.17,0.0216,0.83,0.0179,11.3,2.43,67000.0,1590.0,70.5,20
2001,2,21,-69.2,22.1,0.00864,0.83,0.00717,8.67,2.47,20900.0,494.0,17.0,20
2001,2,21,-69.31,21.12,0.0,0.83,0.0,9.55,2.39,0.0,0.0,0.0,20
2001,2,22,-68.87,20.15,0.00432,0.83,0.00359,9.5,2.46,11400.0,270.0,8.12,20
2001,2,26,-69.75,19.94,0.0103,0.83,0.00855,6.61,0.0,27200.0,644.0,23.4,20
2001,3,1,-70.15,20.42,0.00196,0.83,0.00163,2.95,2.01,1310.0,30.9,0.578,20
2001,3,2,-71.02,20.23,0.0072,0.83,0.00598,4.63,1.38,5200.0,123.0,3.11,20
2001,3,2,-71.71,20.24,0.0389,0.83,0.0323,4.63,1.38,28100.0,665.0,24.4,20
2001,3,3,-72.69,20.39,0.0259,0.83,0.0215,7.08,1.05,21700.0,514.0,17.8,20
2001,3,3,-73.21,20.53,0.0259,0.83,0.0215,4.43,1.09,14100.0,333.0,10.5,20
2001,3,4,-73.2,20.14,0.0,0.83,0.0,1.73,1.43,0.0,0.0,0.0,20
2001,3,4,-73.56,20.17,0.0135,0.83,0.0112,1.73,1.43,3780.0,89.5,2.11,20
2001,3,5,-74.09,19.38,0.0,0.83,0.0,1.72,1.3,0.0,0.0,0.0,20
2001,3,5,-74.7,18.75,0.0108,0.83,0.00896,6.39,1.49,11600.0,275.0,8.32,20
2001,3,6,-75.58,18.73,0.0,0.83,0.0,6.23,1.15,0.0,0.0,0.0,20
2001,3,6,-75.95,18.5,0.0281,0.83,0.0233,6.23,1.15,22700.0,537.0,18.8,20
2001,3,7,-76.28,18.45,0.00186,0.83,0.00154,7.18,0.0,1500.0,35.5,0.685,20
2001,3,7,-76.93,18.65,0.0,0.83,0.0,7.18,0.0,0.0,0.0,0.0,20
2001,3,8,-77.48,18.76,0.0072,0.83,0.00598,0.0,0.888,5810.0,138.0,3.57,20
2001,3,8,-78.39,19.04,0.00864,0.83,0.00717,6.5,0.79,5000.0,118.0,2.97,20
2001,3,9,-79.14,19.59,0.0162,0.83,0.0134,5.96,0.874,9510.0,225.0,6.51,20
2001,3,9,-79.26,19.73,0.00308,0.83,0.00256,5.96,0.874,1810.0,42.8,0.859,20
2001,3,14,-81.02,21.54,0.0,0.83,0.0,3.76,1.39,0.0,0.0,0.0,20
2001,3,14,-81.96,21.39,0.0216,0.83,0.0179,3.76,1.39,12700.0,301.0,9.3,20
2001,3,16,-85.26,22.21,0.0,0.83,0.0,10.4,1.78,0.0,0.0,0.0,20
2001,3,16,-84.21,23.21,0.0,0.83,0.0,6.6,1.36,0.0,0.0,0.0,20
2001,3,16,-83.7,23.6,0.0312,0.83,0.0259,5.0,0.804,14100.0,335.0,10.6,20
2001,3,18,-83.36,24.11,0.00127,0.83,0.00105,5.54,0.69,547.0,12.9,0.2,20
2001,3,20,-82.09,23.88,0.0238,0.83,0.0198,0.0,0.0,10300.0,243.0,7.13,20
2001,3,20,-81.8,24.18,0.00216,0.83,0.00179,8.8,1.27,2720.0,64.4,1.41,20
2001,3,30,-81.35,24.14,0.00393,0.83,0.00326,8.22,1.24,4520.0,107.0,2.62,20
2001,3,30,-80.24,24.76,0.0,0.83,0.0,7.06,1.36,0.0,0.0,0.0,20
2001,3,31,-79.54,25.89,0.0144,0.83,0.012,4.73,1.54,11800.0,279.0,8.46,20
2001,3,31,-79.41,26.95,0.0194,0.83,0.0161,8.68,1.6,30400.0,719.0,26.9,20
2001,4,1,-78.73,28.07,0.0,0.83,0.0,8.39,1.67,0.0,0.0,0.0,20
2001,4,2,-77.98,28.98,0.00196,0.83,0.00163,5.82,1.54,1980.0,46.9,0.961,20
2001,4,2,-77.36,29.37,0.0,0.83,0.0,7.17,1.69,0.0,0.0,0.0,20
2001,4,3,-76.44,29.67,0.0679,0.83,0.0564,2.76,1.16,24500.0,580.0,20.6,20
2001,4,3,-76.26,29.86,0.245,0.83,0.203,2.76,1.16,88400.0,2090.0,98.8,20
2001,4,4,-75.71,31.23,0.00648,0.83,0.00538,8.12,1.41,8350.0,198.0,5.55,20
2001,4,5,-74.71,31.09,0.0,0.83,0.0,6.97,1.99,0.0,0.0,0.0,20
2001,4,5,-74.15,30.65,0.0932,0.83,0.0774,8.0,1.95,164000.0,3870.0,210.0,20
2001,4,6,-73.56,30.32,0.00196,0.83,0.00163,4.28,1.73,1640.0,38.7,0.761,20
2001,4,6,-72.88,30.39,0.233,0.83,0.193,4.15,1.86,202000.0,4790.0,272.0,20
2001,4,7,-72.14,30.61,0.00216,0.83,0.00179,3.87,1.49,1400.0,33.2,0.631,20
2001,4,7,-71.47,30.66,0.0714,0.83,0.0593,4.12,1.54,51200.0,1210.0,50.7,20
2001,4,8,-70.44,31.05,0.0236,0.83,0.0196,5.28,1.59,22300.0,527.0,18.4,20
2001,4,8,-69.43,31.25,0.0939,0.83,0.0779,6.37,1.67,112000.0,2660.0,132.0,20
2001,4,8,-68.55,31.45,0.216,0.83,0.179,6.03,1.72,252000.0,5960.0,354.0,20
2001,4,9,-67.43,31.76,0.155,0.83,0.129,4.59,1.48,119000.0,2820.0,142.0,20
2001,4,10,-66.6,32.01,0.0401,0.83,0.0333,8.88,2.71,109000.0,2580.0,127.0,20
2001,4,10,-65.53,32.07,0.0064,0.83,0.00531,9.4,2.69,18200.0,432.0,14.4,20
2001,4,14,-64.41,31.92,0.0,0.83,0.0,9.36,1.63,0.0,0.0,0.0,20
2001,4,14,-64.08,31.42,0.0,0.83,0.0,9.36,1.63,0.0,0.0,0.0,20
2001,4,15,-64.83,30.86,0.0,0.83,0.0,7.24,1.69,0.0,0.0,0.0,20
2001,4,15,-65.92,30.46,0.102,0.83,0.0847,6.18,1.53,109000.0,2570.0,127.0,20
2001,4,16,-65.85,30.1,0.0518,0.83,0.043,6.52,1.68,64000.0,1520.0,66.6,20
2001,4,16,-65.48,29.63,0.0405,0.83,0.0336,6.31,1.56,44800.0,1060.0,43.1,20
2001,4,17,-65.24,29.27,0.0264,0.83,0.0219,7.05,1.15,24200.0,572.0,20.3,20
2001,4,17,-64.96,28.77,0.0299,0.83,0.0248,6.61,1.26,28100.0,666.0,24.5,20
2001,4,18,-65.99,28.74,0.0396,0.83,0.0329,9.38,1.69,70600.0,1670.0,75.1,20
2001,4,18,-66.56,28.99,0.0486,0.83,0.0403,8.24,1.63,73500.0,1740.0,78.8,20
2001,4,19,-67.29,28.58,0.0135,0.83,0.0112,9.64,1.59,23300.0,552.0,19.4,20
2001,4,19,-68.3,27.98,0.00463,0.83,0.00384,9.48,1.22,6030.0,143.0,3.74,20
2001,4,19,-69.33,27.51,0.009,0.83,0.00747,11.3,1.42,16200.0,383.0,12.5,20
2001,4,20,-70.35,26.9,0.0072,0.83,0.00598,13.1,3.21,34100.0,806.0,30.9,20
2001,4,20,-71.36,26.57,0.00617,0.83,0.00512,11.8,3.1,25500.0,603.0,21.7,20
2001,4,21,-72.54,26.12,0.0225,0.83,0.0187,12.7,3.54,114000.0,2690.0,134.0,20
2001,4,21,-73.35,25.18,0.0,0.83,0.0,12.3,3.58,0.0,0.0,0.0,20
2001,5,1,-78.76,31.01,0.0,0.83,0.0,8.65,2.13,0.0,0.0,0.0,20
2001,6,18,-70.88,41.38,0.00216,0.83,0.00179,4.7,0.782,894.0,21.2,0.364,20
2001,6,19,-70.25,40.91,0.0,0.83,0.0,2.35,0.572,0.0,0.0,0.0,20
2001,6,19,-69.15,40.78,0.0,0.83,0.0,1.43,0.642,0.0,0.0,0.0,20
2001,6,20,-68.22,40.73,0.0173,0.83,0.0144,2.96,0.555,3200.0,75.8,1.72,20
2001,6,21,-67.69,40.33,0.00216,0.83,0.00179,2.38,0.504,292.0,6.91,0.0929,20
2001,6,22,-67.42,40.16,0.00216,0.83,0.00179,2.95,0.483,347.0,8.22,0.115,20
2001,6,22,-67.57,39.99,0.0,0.83,0.0,6.11,0.559,0.0,0.0,0.0,20
2001,6,23,-68.14,39.4,0.0,0.83,0.0,10.1,1.36,0.0,0.0,0.0,20
2001,6,23,-68.03,39.07,0.00648,0.83,0.00538,10.1,1.36,10100.0,239.0,6.98,20
2001,6,23,-67.34,38.7,0.0,0.83,0.0,8.34,1.56,0.0,0.0,0.0,20
2001,6,25,-66.97,38.56,0.0,0.83,0.0,7.91,1.48,0.0,0.0,0.0,20
2001,6,26,-64.68,38.36,0.0216,0.83,0.0179,6.19,1.16,17500.0,413.0,13.7,20
2001,6,26,-64.38,37.61,0.0,0.83,0.0,6.29,1.03,0.0,0.0,0.0,20
2001,6,27,-64.5,37.23,0.0378,0.83,0.0314,6.18,0.969,25500.0,603.0,21.7,20
2001,6,27,-64.41,36.23,0.00617,0.83,0.00512,4.84,0.811,2730.0,64.6,1.42,20
2001,6,28,-64.06,35.13,0.0,0.83,0.0,6.2,0.856,0.0,0.0,0.0,20
2001,6,29,-65.08,33.52,0.00309,0.83,0.00256,5.75,0.985,1970.0,46.7,0.954,20
2001,6,29,-65.55,32.59,0.225,0.83,0.187,4.81,0.827,101000.0,2390.0,116.0,20
2001,6,29,-65.57,32.2,0.0,0.83,0.0,4.81,0.827,0.0,0.0,0.0,20
2001,7,1,-65.17,32.04,0.0,0.83,0.0,4.28,0.677,0.0,0.0,0.0,20
2001,7,6,-65.15,33.28,0.0,0.83,0.0,7.12,1.42,0.0,0.0,0.0,20
2001,7,6,-66.13,34.56,0.0302,0.83,0.0251,8.99,1.82,55800.0,1320.0,56.3,20
2001,7,7,-67.12,35.71,0.0324,0.83,0.0269,9.3,2.21,75000.0,1770.0,80.8,20
2001,7,7,-67.25,35.9,0.25,0.83,0.207,9.3,2.21,578000.0,13700.0,977.0,20
2001,7,11,-69.25,39.89,0.0,0.83,0.0,7.91,1.77,0.0,0.0,0.0,20
2001,7,11,-70.38,40.23,0.0,0.83,0.0,7.74,1.47,0.0,0.0,0.0,20
2001,7,12,-70.75,40.87,0.00576,0.83,0.00478,5.7,1.61,5960.0,141.0,3.68,20
2001,8,12,-70.39,41.85,0.0,0.83,0.0,5.36,1.18,0.0,0.0,0.0,20
2001,8,12,-70.23,42.29,0.0,0.83,0.0,5.92,0.0,0.0,0.0,0.0,20
2001,8,13,-70.34,42.34,0.0346,0.83,0.0287,3.39,0.0,24700.0,586.0,20.9,20
2001,8,13,-69.48,42.49,0.0,0.83,0.0,3.95,0.49,0.0,0.0,0.0,20
2001,8,14,-69.02,42.32,0.0,0.83,0.0,4.93,0.317,0.0,0.0,0.0,20
2001,8,14,-68.59,42.12,0.00216,0.83,0.00179,4.57,1.48,1640.0,38.9,0.763,20
2001,9,5,-70.81,41.0,0.0,0.83,0.0,2.6,0.629,0.0,0.0,0.0,20
2001,9,5,-70.26,40.26,0.0,0.83,0.0,7.23,0.85,0.0,0.0,0.0,20
2001,9,6,-69.02,39.95,0.0,0.83,0.0,5.79,0.919,0.0,0.0,0.0,20
2001,9,6,-68.3,39.84,0.0048,0.83,0.00398,6.35,1.25,4310.0,102.0,2.48,20
2001,9,7,-68.21,40.31,0.0081,0.83,0.00672,2.93,0.486,1300.0,30.8,0.576,20
2001,9,8,-69.43,42.58,0.0238,0.83,0.0198,6.76,0.49,8890.0,210.0,5.99,20
2002,5,13,-63.43,30.51,0.0929,0.83,0.0771,2.35,0.905,22300.0,527.0,18.4,20
2002,5,14,-63.57,30.05,0.0216,0.83,0.0179,5.11,0.928,11500.0,273.0,8.24,20
2002,5,15,-62.51,29.68,0.0691,0.83,0.0574,8.13,1.1,69900.0,1650.0,74.2,20
2002,5,15,-61.95,29.76,0.0232,0.83,0.0193,7.41,0.941,18200.0,432.0,14.4,20
2002,5,16,-61.43,29.4,0.0583,0.83,0.0484,7.02,1.58,73000.0,1730.0,78.2,20
2002,5,16,-61.55,29.09,0.00216,0.83,0.00179,7.02,1.58,2700.0,64.0,1.4,20
2002,5,17,-62.54,29.3,0.0,0.83,0.0,6.9,1.85,0.0,0.0,0.0,20
2002,5,17,-62.97,29.35,0.0744,0.83,0.0618,6.9,1.85,107000.0,2530.0,125.0,20
2002,5,18,-63.34,29.97,0.00216,0.83,0.00179,5.4,1.35,1780.0,42.0,0.84,20
2002,5,18,-64.02,30.9,0.0,0.83,0.0,4.51,1.33,0.0,0.0,0.0,20
2002,5,18,-64.87,31.83,0.036,0.83,0.0299,4.6,1.24,23100.0,547.0,19.2,20
2002,5,26,-63.94,32.49,0.0,0.83,0.0,2.06,1.72,0.0,0.0,0.0,20
2002,5,26,-63.46,32.99,0.382,0.83,0.317,2.06,1.72,152000.0,3600.0,192.0,20
2002,5,26,-63.47,33.64,0.0027,0.83,0.00224,2.31,1.79,1250.0,29.7,0.55,20
2002,5,27,-63.79,33.86,0.16,0.83,0.133,3.88,1.3,91000.0,2150.0,102.0,20
2002,5,27,-64.25,34.57,0.0,0.83,0.0,4.16,1.25,0.0,0.0,0.0,20
2002,5,28,-64.32,34.78,2.17,0.83,1.8,4.64,1.07,1220000.0,28800.0,2420.0,20
2002,5,28,-64.8,35.38,0.0923,0.83,0.0766,2.9,1.06,32100.0,759.0,28.7,20
2002,5,30,-65.36,36.43,1.62,0.83,1.34,6.99,1.2,1530000.0,36300.0,3210.0,20
2002,5,30,-65.66,37.11,0.013,0.83,0.0108,7.98,1.27,14800.0,351.0,11.2,20
2002,5,30,-65.45,38.13,0.00216,0.83,0.00179,7.22,1.38,2420.0,57.3,1.23,20
2002,5,31,-65.62,38.77,0.00648,0.83,0.00538,10.6,2.53,19600.0,464.0,15.7,20
2002,6,1,-65.99,39.98,0.0,0.83,0.0,9.96,2.69,0.0,0.0,0.0,20
2002,6,2,-64.95,41.75,0.0,0.83,0.0,7.71,2.13,0.0,0.0,0.0,20
2002,5,2,-64.24,41.75,0.0,0.83,0.0,11.8,2.1,0.0,0.0,0.0,20
2002,6,3,-63.23,42.24,0.0,0.83,0.0,8.78,1.89,0.0,0.0,0.0,20
2002,6,4,-58.95,43.99,0.0,0.83,0.0,4.27,1.92,0.0,0.0,0.0,20
2002,6,6,-61.68,44.26,0.0,0.83,0.0,8.78,1.66,0.0,0.0,0.0,20
2002,6,7,-64.1,44.21,0.024,0.83,0.0199,4.9,0.0,39500.0,934.0,36.9,20
2002,6,10,-64.18,43.91,0.00432,0.83,0.00359,5.89,1.16,3320.0,78.7,1.81,20
2002,6,29,-69.11,39.61,0.0518,0.83,0.043,5.36,1.87,58400.0,1380.0,59.6,20
2002,6,30,-68.68,39.53,0.0,0.83,0.0,3.95,1.22,0.0,0.0,0.0,20
2002,7,1,-68.25,40.51,0.00216,0.83,0.00179,1.12,0.785,214.0,5.07,0.0637,20
2002,7,2,-69.24,42.13,0.0,0.83,0.0,5.45,0.463,0.0,0.0,0.0,20
2002,7,12,-70.23,41.83,0.0,0.83,0.0,0.6,0.253,0.0,0.0,0.0,20
2002,7,13,-70.25,41.84,0.0,0.83,0.0,3.55,0.295,0.0,0.0,0.0,20
2002,7,13,-70.34,41.88,0.0,0.83,0.0,3.55,0.295,0.0,0.0,0.0,20
2002,7,14,-70.23,42.13,0.0,0.83,0.0,5.59,0.0,0.0,0.0,0.0,20
2002,7,14,-70.23,42.14,0.0,0.83,0.0,5.59,0.0,0.0,0.0,0.0,20
2002,7,14,-70.24,42.16,0.0,0.83,0.0,5.59,0.0,0.0,0.0,0.0,20
2002,7,14,-70.25,42.17,0.0,0.83,0.0,5.59,0.0,0.0,0.0,0.0,20
2002,7,14,-70.25,42.19,0.00166,0.83,0.00138,5.59,0.0,196.0,4.63,0.057,20
2002,7,14,-70.25,42.21,0.0,0.83,0.0,5.59,0.0,0.0,0.0,0.0,20
2002,7,14,-70.24,42.23,0.0,0.83,0.0,5.59,0.0,0.0,0.0,0.0,20
2002,7,14,-70.38,42.33,0.0,0.83,0.0,5.59,0.0,0.0,0.0,0.0,20
2002,7,14,-70.39,42.35,0.0,0.83,0.0,5.59,0.0,0.0,0.0,0.0,20
2002,7,14,-70.4,42.38,0.0,0.83,0.0,5.59,0.0,0.0,0.0,0.0,20
2002,7,15,-70.42,42.41,0.0,0.83,0.0,6.22,0.0,0.0,0.0,0.0,20
2002,7,15,-70.43,42.43,0.0,0.83,0.0,6.22,0.0,0.0,0.0,0.0,20
2002,7,15,-70.45,42.45,0.0,0.83,0.0,6.22,0.0,0.0,0.0,0.0,20
2002,7,15,-70.46,42.47,0.0,0.83,0.0,6.22,0.0,0.0,0.0,0.0,20
2002,7,26,-70.76,41.17,0.0,0.83,0.0,8.3,1.41,0.0,0.0,0.0,20
2002,7,27,-70.72,41.02,0.0,0.83,0.0,3.11,0.999,0.0,0.0,0.0,20
2002,7,27,-70.82,40.77,0.0,0.83,0.0,4.32,1.2,0.0,0.0,0.0,20
2002,7,28,-69.88,40.73,0.0,0.83,0.0,2.26,0.934,0.0,0.0,0.0,20
2002,7,28,-68.7,40.87,0.0081,0.83,0.00672,3.55,1.03,3360.0,79.5,1.83,20
2002,7,29,-69.0,41.61,0.0,0.83,0.0,3.36,0.78,0.0,0.0,0.0,20
2002,7,29,-69.58,42.31,0.0,0.83,0.0,5.22,0.234,0.0,0.0,0.0,20
2002,8,5,-68.94,42.81,0.00216,0.83,0.00179,6.26,0.798,1220.0,28.8,0.529,20
2002,8,6,-69.41,42.95,0.0,0.83,0.0,10.2,0.617,0.0,0.0,0.0,20
2002,8,6,-69.58,42.66,0.0,0.83,0.0,10.2,0.617,0.0,0.0,0.0,20
2002,8,7,-69.26,41.62,0.00332,0.83,0.00276,6.69,0.585,1470.0,34.7,0.665,20
2002,8,7,-68.97,41.12,0.0,0.83,0.0,3.41,0.726,0.0,0.0,0.0,20
2002,8,19,-70.2,42.4,0.0,0.83,0.0,2.99,0.0,0.0,0.0,0.0,20
2002,8,19,-70.32,42.34,0.0027,0.83,0.00224,2.99,0.0,753.0,17.8,0.295,20
2002,8,20,-69.75,42.39,0.0,0.83,0.0,6.14,0.343,0.0,0.0,0.0,20
2002,8,20,-69.46,41.99,0.00432,0.83,0.00359,3.81,0.525,975.0,23.1,0.404,20
2002,8,21,-68.8,40.96,0.0,0.83,0.0,10.8,1.48,0.0,0.0,0.0,20
2002,8,24,-71.13,41.29,0.0,0.83,0.0,6.55,0.0596,0.0,0.0,0.0,20
2002,8,25,-71.1,41.27,0.0,0.83,0.0,5.31,0.0101,0.0,0.0,0.0,20
2002,8,25,-70.99,41.3,0.0,0.83,0.0,4.26,0.61,0.0,0.0,0.0,20
2002,9,6,-70.3,40.7,0.00432,0.83,0.00359,3.72,0.714,1290.0,30.6,0.571,20
2002,9,6,-69.44,39.88,0.00216,0.83,0.00179,5.04,0.958,1180.0,27.9,0.508,20
2002,9,7,-68.24,39.87,0.00864,0.83,0.00717,2.15,0.967,2030.0,48.0,0.988,20
2002,9,8,-66.34,40.87,0.00216,0.83,0.00179,2.23,0.905,491.0,11.6,0.175,20
2002,9,8,-67.05,41.69,0.0,0.83,0.0,0.936,0.837,0.0,0.0,0.0,20
2002,9,9,-67.97,43.67,0.0,0.83,0.0,5.32,0.827,0.0,0.0,0.0,20
2002,9,10,-67.27,44.38,0.00216,0.83,0.00179,4.73,0.619,713.0,16.9,0.276,20
2002,9,10,-67.5,44.44,0.0,0.83,0.0,4.73,0.619,0.0,0.0,0.0,20
2002,10,17,-70.09,41.47,0.0216,0.83,0.0179,15.4,1.95,73100.0,1730.0,78.4,20
2002,10,18,-69.59,41.37,0.0,0.83,0.0,2.55,1.27,0.0,0.0,0.0,20
2002,10,18,-68.6,41.2,0.0,0.83,0.0,2.3,1.65,0.0,0.0,0.0,20
2002,10,20,-66.33,39.83,0.0,0.83,0.0,10.5,1.92,0.0,0.0,0.0,20
2002,10,21,-65.09,38.99,0.0,0.83,0.0,8.53,1.96,0.0,0.0,0.0,20
2002,10,21,-63.99,38.64,0.0454,0.83,0.0377,7.92,2.31,93500.0,2210.0,106.0,20
2002,10,22,-63.15,37.99,0.00864,0.83,0.00717,8.13,1.82,14400.0,341.0,10.8,20
2002,10,22,-62.55,37.21,0.0216,0.83,0.0179,8.17,1.89,37500.0,888.0,34.7,20
2002,10,23,-62.15,36.55,0.00648,0.83,0.00538,8.1,1.93,11400.0,271.0,8.15,20
2002,10,23,-61.33,34.68,0.0177,0.83,0.0147,6.5,1.86,24100.0,570.0,20.2,20
2002,10,24,-60.98,35.13,0.0151,0.83,0.0125,8.19,2.2,30700.0,726.0,27.2,20
2002,10,24,-60.87,34.86,0.00432,0.83,0.00359,6.51,2.18,6930.0,164.0,4.42,20
2002,10,25,-60.78,33.62,0.0108,0.83,0.00896,7.31,2.01,17900.0,424.0,14.1,20
2002,10,26,-59.56,31.99,0.0903,0.83,0.0749,8.96,2.04,186000.0,4410.0,245.0,20
2002,10,26,-59.21,31.25,0.0648,0.83,0.0538,8.96,2.04,134000.0,3160.0,164.0,20
2002,10,27,-59.61,30.61,0.00432,0.83,0.00359,9.58,1.95,9080.0,215.0,6.15,20
2002,10,27,-59.08,30.45,0.0907,0.83,0.0753,9.58,1.95,191000.0,4510.0,252.0,20
2002,10,28,-58.54,29.74,0.0173,0.83,0.0144,9.06,2.28,40300.0,953.0,37.9,20
2002,10,28,-58.43,28.98,0.0281,0.83,0.0233,6.72,2.14,45600.0,1080.0,44.0,20
2002,10,29,-58.29,28.12,0.00432,0.83,0.00359,5.15,1.91,4800.0,114.0,2.83,20
2002,10,29,-57.92,27.59,0.212,0.83,0.176,6.61,1.92,303000.0,7160.0,443.0,20
2002,10,30,-57.68,26.93,0.0454,0.83,0.0377,2.7,2.17,30000.0,709.0,26.4,20
2002,10,30,-57.47,26.57,0.0605,0.83,0.0502,2.7,2.17,39900.0,945.0,37.5,20
2002,10,30,-57.33,26.29,0.0432,0.83,0.0359,2.7,2.17,28500.0,675.0,24.8,20
2002,10,31,-57.2,25.9,0.0281,0.83,0.0233,3.33,1.98,20900.0,494.0,17.0,20
2002,10,31,-57.1,25.6,0.0,0.83,0.0,3.33,1.98,0.0,0.0,0.0,20
2002,10,31,-56.9,25.05,0.104,0.83,0.0863,2.77,2.06,66800.0,1580.0,70.2,20
2002,11,1,-56.76,24.45,0.0,0.83,0.0,4.13,1.65,0.0,0.0,0.0,20
2002,11,1,-56.39,23.13,0.0168,0.83,0.0139,2.96,1.72,9650.0,228.0,6.63,20
2002,11,2,-56.52,22.3,0.0108,0.83,0.00896,6.35,1.67,12900.0,305.0,9.43,20
2002,11,2,-56.7,21.68,0.00432,0.83,0.00359,7.37,1.76,6310.0,149.0,3.95,20
2002,11,3,-57.13,20.93,0.00432,0.83,0.00359,6.71,1.87,6120.0,145.0,3.8,20
2002,11,3,-57.26,20.29,0.00216,0.83,0.00179,6.71,1.87,3060.0,72.4,1.63,20
2002,11,4,-57.75,19.38,0.0036,0.83,0.00299,7.29,2.09,6190.0,147.0,3.85,20
2002,11,4,-57.73,17.05,0.00432,0.83,0.00359,8.81,2.39,10300.0,243.0,7.15,20
2002,11,5,-57.8,16.68,0.0,0.83,0.0,6.27,2.38,0.0,0.0,0.0,20
2002,11,5,-57.85,16.39,0.0,0.83,0.0,6.27,2.38,0.0,0.0,0.0,20
2002,11,12,-61.53,12.67,0.0,0.83,0.0,8.45,2.18,0.0,0.0,0.0,20
2002,11,12,-61.66,13.14,0.0,0.83,0.0,8.07,2.19,0.0,0.0,0.0,20
2002,11,12,-61.65,13.46,0.00196,0.83,0.00163,8.07,2.19,3900.0,92.4,2.2,20
2002,11,13,-61.56,13.37,0.00196,0.83,0.00163,6.93,2.17,3320.0,78.5,1.8,20
2002,11,13,-61.58,13.52,0.00648,0.83,0.00538,6.93,2.17,11000.0,260.0,7.74,20
2002,11,14,-61.21,13.74,0.00216,0.83,0.00179,5.77,2.36,3320.0,78.5,1.8,20
2002,11,20,-63.72,17.42,0.0,0.83,0.0,6.3,2.89,0.0,0.0,0.0,20
2002,11,21,-63.76,17.34,0.0,0.83,0.0,5.86,2.31,0.0,0.0,0.0,20
2002,11,21,-63.8,17.36,0.0,0.83,0.0,5.86,2.31,0.0,0.0,0.0,20
2002,11,21,-63.8,17.46,0.0,0.83,0.0,5.86,2.31,0.0,0.0,0.0,20
2002,12,3,-65.01,16.37,0.0,0.83,0.0,9.74,2.46,0.0,0.0,0.0,20
2002,12,4,-64.71,16.55,0.0,0.83,0.0,8.68,2.58,0.0,0.0,0.0,20
2002,12,6,-62.95,13.78,0.0,0.83,0.0,9.7,3.28,0.0,0.0,0.0,20
2002,12,7,-62.75,13.43,0.0,0.83,0.0,9.4,3.03,0.0,0.0,0.0,20
2002,12,12,-61.4,13.29,0.0,0.83,0.0,9.74,2.5,0.0,0.0,0.0,20
2002,12,13,-61.72,13.27,0.0,0.83,0.0,8.01,2.27,0.0,0.0,0.0,20
2002,12,15,-67.42,15.28,0.0,0.83,0.0,6.84,1.71,0.0,0.0,0.0,20
2002,12,16,-68.83,15.53,0.0,0.83,0.0,6.04,1.47,0.0,0.0,0.0,20
2002,12,17,-69.61,15.62,0.0,0.83,0.0,6.13,1.34,0.0,0.0,0.0,20
2002,12,18,-71.33,16.45,0.0,0.83,0.0,7.78,1.21,0.0,0.0,0.0,20
2002,12,18,-71.94,16.15,0.0,0.83,0.0,7.78,1.21,0.0,0.0,0.0,20
2002,12,19,-72.99,15.16,0.0,0.83,0.0,9.48,1.46,0.0,0.0,0.0,20
2002,12,20,-73.6,16.2,0.0,0.83,0.0,9.94,2.26,0.0,0.0,0.0,20
2002,12,20,-74.13,16.82,0.0,0.83,0.0,8.78,2.34,0.0,0.0,0.0,20
2002,12,21,-74.39,17.99,0.0143,0.83,0.0119,7.94,2.54,32500.0,768.0,29.1,20
2002,12,21,-74.59,18.15,0.0169,0.83,0.014,5.44,2.49,25800.0,611.0,22.0,20
2002,12,22,-75.85,17.91,0.0024,0.83,0.00199,9.46,2.19,5600.0,132.0,3.41,20
2002,12,24,-77.35,18.58,0.0261,0.83,0.0217,0.0,1.79,60900.0,1440.0,62.7,20
2002,12,26,-80.55,19.45,0.0,0.83,0.0,6.83,1.65,0.0,0.0,0.0,20
2003,1,6,-82.21,24.27,0.0,0.83,0.0,6.12,1.21,0.0,0.0,0.0,20
2003,1,6,-82.24,24.37,0.0,0.83,0.0,6.12,1.21,0.0,0.0,0.0,20
2003,1,29,-82.94,25.52,0.00432,0.83,0.00359,7.34,0.947,3390.0,80.1,1.85,20
2003,1,30,-81.9,23.94,0.00864,0.83,0.00717,6.94,0.0,6770.0,160.0,4.3,20
2003,1,30,-81.6,24.01,0.0018,0.83,0.00149,8.05,1.13,1850.0,43.8,0.884,20
2003,1,31,-82.58,24.17,0.0,0.83,0.0,6.38,1.05,0.0,0.0,0.0,20
2003,2,1,-83.46,24.53,0.00958,0.83,0.00795,3.64,0.801,3150.0,74.6,1.69,20
2003,2,1,-83.38,24.58,0.0,0.83,0.0,3.64,0.801,0.0,0.0,0.0,20
2003,2,11,-81.57,24.42,0.00648,0.83,0.00538,4.7,0.596,2050.0,48.5,0.999,20
2003,2,12,-80.79,24.49,0.0,0.83,0.0,4.28,0.72,0.0,0.0,0.0,20
2003,2,12,-79.59,24.78,0.0,0.83,0.0,5.03,0.743,0.0,0.0,0.0,20
2003,2,13,-79.67,25.68,0.0,0.83,0.0,6.77,1.17,0.0,0.0,0.0,20
2003,2,14,-79.03,26.37,0.00648,0.83,0.00538,7.14,1.24,6480.0,153.0,4.08,20
2003,2,14,-78.61,26.1,0.00216,0.83,0.00179,6.98,1.34,2280.0,54.0,1.14,20
2003,2,15,-78.17,26.42,0.0,0.83,0.0,7.2,1.4,0.0,0.0,0.0,20
2003,2,15,-77.85,26.16,0.0,0.83,0.0,7.75,1.35,0.0,0.0,0.0,20
2003,2,16,-77.37,25.92,0.0,0.83,0.0,6.33,1.6,0.0,0.0,0.0,20
2003,2,16,-77.22,25.75,0.0,0.83,0.0,6.33,1.6,0.0,0.0,0.0,20
2003,2,17,-76.31,25.86,0.0,0.83,0.0,4.64,1.88,0.0,0.0,0.0,20
2003,2,17,-75.42,25.65,0.866,0.83,0.719,7.3,1.96,1400000.0,33100.0,2870.0,20
2003,2,18,-74.6,25.59,0.0,0.83,0.0,4.95,1.92,0.0,0.0,0.0,20
2003,2,19,-74.17,24.86,0.0,0.83,0.0,8.4,2.01,0.0,0.0,0.0,20
2003,2,20,-74.63,24.12,0.00432,0.83,0.00359,8.12,2.21,8730.0,207.0,5.86,20
2003,2,22,-74.58,22.04,0.0,0.83,0.0,8.91,2.9,0.0,0.0,0.0,20
2003,2,23,-74.45,21.34,0.00216,0.83,0.00179,5.7,2.48,3440.0,81.3,1.88,20
2003,2,23,-74.2,21.44,0.013,0.83,0.0108,5.7,2.48,20700.0,489.0,16.8,20
2003,2,28,-76.82,18.57,0.0151,0.83,0.0125,5.43,0.0,24000.0,569.0,20.2,20
2003,3,1,-77.17,18.9,0.0,0.83,0.0,0.0,1.32,0.0,0.0,0.0,20
2003,3,1,-77.69,19.13,0.0,0.83,0.0,5.23,1.13,0.0,0.0,0.0,20
2003,3,2,-78.88,19.85,0.0151,0.83,0.0125,7.13,1.27,15400.0,365.0,11.7,20
2003,3,2,-79.14,19.33,0.0,0.83,0.0,4.02,1.38,0.0,0.0,0.0,20
2003,3,3,-79.21,18.89,0.0108,0.83,0.00896,6.66,1.75,14200.0,335.0,10.6,20
2003,3,3,-79.34,17.24,0.0,0.83,0.0,8.22,2.16,0.0,0.0,0.0,20
2003,3,4,-80.39,17.0,0.00216,0.83,0.00179,7.66,2.16,4020.0,95.2,2.28,20
2003,3,4,-81.25,16.81,0.00432,0.83,0.00359,7.76,1.54,5840.0,138.0,3.59,20
2003,3,5,-82.03,16.55,0.00216,0.83,0.00179,9.32,0.97,2200.0,52.1,1.09,20
2003,3,5,-83.03,16.44,0.0,0.83,0.0,8.4,1.36,0.0,0.0,0.0,20
2003,3,3,-84.34,16.39,0.0,0.83,0.0,5.95,0.747,0.0,0.0,0.0,20
2003,3,6,-85.58,16.37,0.0,0.83,0.0,10.1,0.872,0.0,0.0,0.0,20
2003,3,11,-85.93,16.64,0.0,0.83,0.0,7.09,0.683,0.0,0.0,0.0,20
2003,3,11,-85.87,17.46,0.00432,0.83,0.00359,6.93,1.15,3890.0,92.1,2.19,20
2003,3,16,-83.88,24.15,0.0,0.83,0.0,4.68,0.607,0.0,0.0,0.0,20
2003,3,28,-79.81,25.35,0.0108,0.83,0.00896,3.67,1.06,4730.0,112.0,2.77,20
2003,3,29,-79.48,26.08,0.0,0.83,0.0,2.3,1.16,0.0,0.0,0.0,20
2003,3,29,-79.39,26.6,0.0,0.83,0.0,2.3,1.16,0.0,0.0,0.0,20
2003,3,30,-79.04,26.38,0.00432,0.83,0.00359,9.68,1.03,4850.0,115.0,2.86,20
2003,3,30,-78.04,26.07,0.00682,0.83,0.00566,6.71,1.16,5960.0,141.0,3.68,20
2003,4,4,-73.33,21.88,0.0,0.83,0.0,11.3,3.08,0.0,0.0,0.0,20
2003,4,5,-73.36,21.76,0.0,0.83,0.0,7.83,2.64,0.0,0.0,0.0,20
2003,4,5,-73.64,21.18,0.0,0.83,0.0,7.83,2.64,0.0,0.0,0.0,20
2003,4,6,-73.69,20.51,0.0,0.83,0.0,9.75,2.32,0.0,0.0,0.0,20
2003,4,8,-74.48,19.23,0.00498,0.83,0.00413,7.2,2.17,8750.0,207.0,5.88,20
2003,4,13,-77.02,18.76,0.389,0.83,0.323,0.0,0.798,684000.0,16200.0,1200.0,20
2003,4,14,-77.93,18.77,0.0,0.83,0.0,0.0,0.811,0.0,0.0,0.0,20
2003,4,15,-78.91,17.45,0.0,0.83,0.0,3.72,1.19,0.0,0.0,0.0,20
2003,4,17,-82.28,16.8,0.104,0.83,0.0863,4.7,0.425,23400.0,554.0,19.5,20
2003,4,18,-84.2,16.54,0.0027,0.83,0.00224,3.83,0.474,553.0,13.1,0.202,20
2003,4,18,-84.78,16.47,0.00381,0.83,0.00316,3.83,0.474,781.0,18.5,0.308,20
2003,4,23,-85.95,17.1,0.00432,0.83,0.00359,5.56,0.907,2460.0,58.1,1.25,20
2003,4,26,-83.8,24.68,0.0,0.83,0.0,6.5,0.953,0.0,0.0,0.0,20
2003,4,28,-83.88,25.47,0.00648,0.83,0.00538,3.79,0.774,2140.0,50.6,1.05,20
2003,4,29,-83.26,24.54,0.0259,0.83,0.0215,4.77,0.546,7600.0,180.0,4.95,20
2003,5,1,-82.22,24.14,0.0,0.83,0.0,5.79,0.792,0.0,0.0,0.0,20
2003,5,11,-81.58,23.82,0.0,0.83,0.0,7.52,0.0,0.0,0.0,0.0,20
2003,5,11,-80.95,23.98,0.0114,0.83,0.00946,6.33,0.0,5900.0,140.0,3.64,20
2003,5,12,-80.26,24.56,0.0,0.83,0.0,3.62,0.666,0.0,0.0,0.0,20
2003,5,12,-79.93,25.6,0.0,0.83,0.0,3.17,0.845,0.0,0.0,0.0,20
2003,5,12,-79.78,26.75,0.0,0.83,0.0,3.45,0.86,0.0,0.0,0.0,20
2003,5,14,-79.47,28.76,0.013,0.83,0.0108,2.56,0.573,2150.0,51.0,1.06,20
2003,5,14,-78.63,29.16,0.0,0.83,0.0,2.94,0.723,0.0,0.0,0.0,20
2003,5,15,-77.5,29.87,0.0648,0.83,0.0538,4.15,0.599,18200.0,430.0,14.3,20
2003,5,15,-76.76,30.27,0.0194,0.83,0.0161,4.03,0.544,4800.0,114.0,2.83,20
2003,5,16,-75.7,30.52,0.0613,0.83,0.0509,5.92,0.673,27500.0,651.0,23.8,20
2003,5,16,-75.17,30.74,1.13,0.83,0.938,5.92,0.673,507000.0,12000.0,832.0,20
2003,5,17,-74.0,31.0,0.27,0.83,0.224,4.18,1.05,133000.0,3150.0,163.0,20
2003,5,17,-73.5,30.84,0.32,0.83,0.266,2.58,0.985,91700.0,2170.0,103.0,20
2003,5,18,-72.38,30.79,0.0389,0.83,0.0323,5.42,1.89,44800.0,1060.0,43.1,20
2003,5,19,-71.22,30.47,0.0729,0.83,0.0605,5.84,2.52,121000.0,2860.0,145.0,20
2003,5,19,-70.32,30.49,0.283,0.83,0.235,6.67,2.61,555000.0,13100.0,929.0,20
2003,5,19,-69.7,30.57,0.0108,0.83,0.00896,7.68,2.66,24900.0,590.0,21.1,20
2003,5,20,-69.17,30.99,0.013,0.83,0.0108,10.7,2.58,40400.0,956.0,38.0,20
2003,5,20,-68.07,30.73,0.0346,0.83,0.0287,10.3,2.55,102000.0,2420.0,118.0,20
2003,5,26,-64.29,32.82,0.136,0.83,0.113,8.07,1.67,207000.0,4890.0,278.0,20
2003,5,27,-63.32,35.03,0.0108,0.83,0.00896,7.76,1.64,15500.0,367.0,11.8,20
2003,5,28,-63.56,35.71,0.0734,0.83,0.0609,7.56,1.29,80400.0,1900.0,88.1,20
2003,5,28,-63.95,36.62,0.101,0.83,0.0838,7.54,1.42,122000.0,2890.0,146.0,20
2003,5,29,-63.92,37.55,0.0,0.83,0.0,11.5,2.42,0.0,0.0,0.0,20
2003,5,29,-63.14,39.32,0.0475,0.83,0.0394,7.03,2.13,80400.0,1900.0,88.0,20
2003,5,30,-63.53,39.61,0.0048,0.83,0.00398,9.58,2.63,13600.0,322.0,10.1,20
2003,6,1,-64.31,42.16,0.0254,0.83,0.0211,4.13,1.67,19700.0,466.0,15.8,20
2003,6,7,-63.39,43.68,0.0,0.83,0.0,3.78,1.56,0.0,0.0,0.0,20
2003,6,8,-63.7,42.5,0.0,0.83,0.0,5.32,1.18,0.0,0.0,0.0,20
2003,6,10,-68.5,42.39,0.00864,0.83,0.00717,4.8,1.2,5620.0,133.0,3.43,20
2003,6,12,-70.26,42.34,0.0339,0.83,0.0281,1.84,0.0,22100.0,522.0,18.2,20
2003,6,13,-70.23,42.13,0.013,0.83,0.0108,3.23,0.0,8460.0,200.0,5.64,20
2003,6,27,-70.92,41.39,0.0054,0.83,0.00448,1.85,0.429,483.0,11.4,0.172,20
2003,6,28,-71.12,40.69,0.0108,0.83,0.00896,4.65,0.483,2740.0,64.7,1.42,20
2003,6,28,-71.23,40.64,0.0,0.83,0.0,4.65,0.483,0.0,0.0,0.0,20
2003,6,29,-70.76,39.81,0.0,0.83,0.0,1.71,0.691,0.0,0.0,0.0,20
2003,6,30,-71.08,39.95,0.0162,0.83,0.0134,4.09,0.643,4800.0,114.0,2.83,20
2003,6,30,-71.11,39.84,0.0151,0.83,0.0125,4.09,0.643,4480.0,106.0,2.59,20
2003,7,1,-70.73,40.18,0.0,0.83,0.0,2.37,0.503,0.0,0.0,0.0,20
2003,7,1,-70.71,40.3,0.0,0.83,0.0,2.37,0.503,0.0,0.0,0.0,20
2003,7,2,-71.33,41.02,0.0,0.83,0.0,3.12,0.00207,0.0,0.0,0.0,20
2003,7,3,-71.12,41.32,0.00432,0.83,0.00359,4.2,0.00123,2.51,0.0595,0.000281,20
2003,7,20,-69.74,40.3,0.00864,0.83,0.00717,2.2,1.24,2670.0,63.2,1.38,20
2003,7,20,-69.34,39.94,0.0374,0.83,0.031,5.01,1.48,31400.0,742.0,27.9,20
2003,7,20,-69.23,40.35,0.0,0.83,0.0,2.2,1.24,0.0,0.0,0.0,20
2003,7,20,-69.15,40.64,0.0,0.83,0.0,2.2,1.24,0.0,0.0,0.0,20
2003,7,21,-68.95,41.05,0.0,0.83,0.0,1.6,1.11,0.0,0.0,0.0,20
2003,7,21,-69.11,41.28,0.00589,0.83,0.00489,2.86,0.88,1670.0,39.6,0.781,20
2003,7,22,-69.51,41.91,0.00432,0.83,0.00359,6.0,0.925,2710.0,64.0,1.4,20
2003,7,22,-69.73,42.27,0.0886,0.83,0.0735,8.47,0.445,37600.0,890.0,34.8,20
2003,7,22,-70.27,42.32,0.00864,0.83,0.00717,8.22,0.0,3670.0,86.8,2.04,20
2003,7,22,-70.44,42.37,0.0,0.83,0.0,8.22,0.0,0.0,0.0,0.0,20
2003,7,31,-70.41,43.06,0.0,0.83,0.0,2.79,0.0,0.0,0.0,0.0,20
2003,8,1,-70.11,42.71,0.0081,0.83,0.00672,4.68,0.0,3440.0,81.4,1.88,20
2003,8,1,-69.59,42.5,0.0,0.83,0.0,6.06,0.369,0.0,0.0,0.0,20
2003,8,2,-69.14,42.03,0.0,0.83,0.0,4.57,0.324,0.0,0.0,0.0,20
2003,8,2,-68.47,41.78,0.0108,0.83,0.00896,3.87,1.05,4960.0,117.0,2.94,20
2003,8,3,-68.33,41.38,0.00432,0.83,0.00359,3.61,0.906,1590.0,37.7,0.735,20
2003,8,3,-67.71,40.47,0.0,0.83,0.0,5.54,1.07,0.0,0.0,0.0,20
2003,8,4,-68.38,40.66,0.0,0.83,0.0,5.19,1.04,0.0,0.0,0.0,20
2003,10,18,-70.73,40.08,0.0,0.83,0.0,10.3,1.43,0.0,0.0,0.0,20
2003,10,18,-69.97,39.52,0.0,0.83,0.0,10.0,1.94,0.0,0.0,0.0,20
2003,10,18,-69.05,38.84,0.00432,0.83,0.00359,11.6,1.79,10100.0,240.0,7.03,20
2003,10,19,-67.92,38.35,0.0,0.83,0.0,8.13,1.76,0.0,0.0,0.0,20
2003,10,20,-66.74,37.78,0.0,0.83,0.0,7.69,1.71,0.0,0.0,0.0,20
2003,10,20,-65.39,37.3,0.0,0.83,0.0,7.8,1.86,0.0,0.0,0.0,20
2003,10,21,-64.07,37.15,0.0,0.83,0.0,7.33,1.49,0.0,0.0,0.0,20
2003,10,21,-63.73,37.05,0.0216,0.83,0.0179,5.62,1.59,21800.0,515.0,17.9,20
2003,10,23,-59.18,36.17,0.13,0.83,0.108,13.1,3.19,612000.0,14500.0,1050.0,20
2003,10,24,-58.53,35.88,0.0072,0.83,0.00598,8.29,3.86,26000.0,615.0,22.2,20
2003,10,25,-58.3,34.75,0.00831,0.83,0.0069,10.7,3.37,33900.0,803.0,30.7,20
2003,10,25,-57.36,33.88,0.00648,0.83,0.00538,10.3,3.46,26100.0,617.0,22.3,20
2003,10,26,-57.05,32.42,0.0048,0.83,0.00398,12.7,3.99,27400.0,648.0,23.6,20
2003,10,26,-57.07,31.38,0.0216,0.83,0.0179,12.7,3.79,117000.0,2780.0,140.0,20
2003,10,27,-57.35,30.0,0.0471,0.83,0.0391,14.4,4.42,339000.0,8010.0,508.0,20
2003,10,28,-58.13,27.45,0.205,0.83,0.17,7.66,3.45,611000.0,14500.0,1040.0,20
2003,10,29,-57.98,26.83,0.102,0.83,0.0847,9.0,3.33,345000.0,8160.0,520.0,20
2003,10,29,-58.4,26.21,0.0072,0.83,0.00598,9.32,3.09,23400.0,553.0,19.5,20
2003,10,30,-58.61,25.4,0.0427,0.83,0.0354,6.44,3.41,106000.0,2500.0,123.0,20
2003,10,30,-58.19,24.76,0.0162,0.83,0.0134,5.59,3.05,31200.0,737.0,27.7,20
2003,10,31,-57.76,24.03,0.013,0.83,0.0108,4.55,3.17,21200.0,501.0,17.3,20
2003,10,31,-57.67,23.24,0.0259,0.83,0.0215,5.97,3.03,52800.0,1250.0,52.7,20
2003,11,1,-57.66,21.61,0.0108,0.83,0.00896,3.48,2.36,10000.0,237.0,6.92,20
2003,11,1,-57.53,21.85,0.0351,0.83,0.0291,3.48,2.36,32500.0,769.0,29.2,20
2003,11,3,-57.61,19.11,0.0189,0.83,0.0157,4.98,1.77,18800.0,445.0,15.0,20
2003,11,3,-57.63,18.22,0.00216,0.83,0.00179,4.98,1.75,2120.0,50.2,1.04,20
2003,11,4,-57.97,16.16,0.0,0.83,0.0,4.11,1.48,0.0,0.0,0.0,20
2003,11,5,-58.29,14.98,0.0,0.83,0.0,5.74,1.63,0.0,0.0,0.0,20
2003,11,6,-59.46,12.02,0.0144,0.83,0.012,7.73,1.92,24100.0,570.0,20.2,20
2003,11,6,-59.76,11.1,0.0,0.83,0.0,7.31,1.68,0.0,0.0,0.0,20
2003,11,20,-64.06,18.29,0.00432,0.83,0.00359,1.98,1.73,1670.0,39.5,0.779,20
2003,12,1,-64.89,18.12,0.0,0.83,0.0,7.85,1.66,0.0,0.0,0.0,20
2003,12,1,-64.56,18.64,0.00216,0.83,0.00179,7.85,1.66,3180.0,75.2,1.71,20
2003,12,1,-64.39,17.79,0.0,0.83,0.0,9.0,1.76,0.0,0.0,0.0,20
2003,12,2,-63.87,16.97,0.012,0.83,0.00996,8.09,1.65,18000.0,427.0,14.2,20
2003,12,2,-63.7,16.98,0.00648,0.83,0.00538,8.09,1.65,9730.0,230.0,6.7,20
2003,12,3,-63.31,16.35,0.0,0.83,0.0,7.43,1.39,0.0,0.0,0.0,20
2003,12,3,-62.94,15.84,0.0,0.83,0.0,6.55,1.37,0.0,0.0,0.0,20
2003,12,4,-62.91,16.34,0.0,0.83,0.0,8.15,1.67,0.0,0.0,0.0,20
2003,12,4,-62.62,16.06,0.0,0.83,0.0,8.15,1.67,0.0,0.0,0.0,20
2003,12,5,-62.45,15.88,0.0,0.83,0.0,8.96,2.17,0.0,0.0,0.0,20
2003,12,5,-62.27,15.6,0.0108,0.83,0.00896,8.96,2.17,23700.0,560.0,19.8,20
2003,12,6,-62.2,15.62,0.000676,0.83,0.000561,9.1,2.72,1890.0,44.7,0.905,20
2003,12,7,-61.86,16.19,0.0096,0.83,0.00797,8.59,2.54,23600.0,559.0,19.7,20
2003,12,7,-61.99,15.81,0.00576,0.83,0.00478,7.64,2.52,12500.0,296.0,9.11,20
2003,12,8,-62.27,14.99,0.00216,0.83,0.00179,5.87,2.01,2880.0,68.0,1.51,20
2003,12,9,-62.47,14.21,0.0,0.83,0.0,4.36,1.64,0.0,0.0,0.0,20
2003,12,9,-62.58,13.97,0.0,0.83,0.0,5.14,1.64,0.0,0.0,0.0,20
2003,12,9,-62.64,13.5,0.0,0.83,0.0,5.14,1.64,0.0,0.0,0.0,20
2003,12,10,-62.64,13.32,0.0,0.83,0.0,5.16,1.81,0.0,0.0,0.0,20
2003,12,10,-62.64,13.06,0.00864,0.83,0.00717,5.16,1.81,9100.0,215.0,6.17,20
2003,12,15,-61.5,12.67,0.0,0.83,0.0,9.12,2.22,0.0,0.0,0.0,20
2003,12,16,-61.62,12.77,0.0133,0.83,0.011,9.38,2.56,36000.0,852.0,33.0,20
2003,12,16,-61.78,12.2,0.0,0.83,0.0,9.38,2.56,0.0,0.0,0.0,20
2003,12,17,-61.93,12.31,0.0,0.83,0.0,9.86,2.74,0.0,0.0,0.0,20
2003,12,17,-62.24,11.88,0.00308,0.83,0.00256,8.0,2.37,6580.0,156.0,4.15,20
2003,12,17,-62.91,11.6,0.0,0.83,0.0,8.0,2.37,0.0,0.0,0.0,20
2003,12,18,-64.05,11.98,0.0,0.83,0.0,8.73,1.38,0.0,0.0,0.0,20
2003,12,19,-64.76,11.8,0.00604,0.83,0.00501,7.55,1.06,5440.0,129.0,3.29,20
2003,12,19,-65.13,11.82,0.0,0.83,0.0,8.35,1.48,0.0,0.0,0.0,20
2003,12,19,-65.99,11.81,0.0,0.83,0.0,8.35,1.48,0.0,0.0,0.0,20
2003,12,20,-66.38,11.82,0.00216,0.83,0.00179,7.92,1.39,2680.0,63.5,1.39,20
2003,12,21,-67.26,12.37,0.0216,0.83,0.0179,9.53,1.68,39000.0,922.0,36.4,20
2003,12,21,-67.85,13.08,0.0216,0.83,0.0179,9.05,1.75,38700.0,915.0,36.0,20
2003,12,22,-68.33,14.39,0.0,0.83,0.0,9.57,2.01,0.0,0.0,0.0,20
2003,12,22,-68.68,15.12,0.00411,0.83,0.00341,9.39,1.91,8310.0,197.0,5.52,20
2003,12,23,-70.69,15.61,0.0,0.83,0.0,9.04,2.16,0.0,0.0,0.0,20
2003,12,23,-69.95,15.53,0.0,0.83,0.0,9.13,2.1,0.0,0.0,0.0,20
2003,12,23,-71.11,15.74,0.0,0.83,0.0,9.96,2.23,0.0,0.0,0.0,20
2003,12,24,-71.17,15.55,0.00864,0.83,0.00717,9.28,2.04,18500.0,437.0,14.6,20
2003,12,24,-71.2,15.47,0.0185,0.83,0.0154,9.28,2.04,39500.0,935.0,37.0,20
2003,12,26,-74.98,17.3,0.00308,0.83,0.00256,6.22,1.77,3830.0,90.6,2.14,20
2003,12,26,-75.42,17.58,0.00188,0.83,0.00156,5.68,1.82,2200.0,52.0,1.09,20
2003,12,27,-76.39,17.61,0.145,0.83,0.12,7.33,1.37,164000.0,3880.0,210.0,20
2003,12,27,-77.23,17.6,0.00432,0.83,0.00359,6.1,1.37,4080.0,96.5,2.32,20
2003,12,28,-78.16,17.52,0.0072,0.83,0.00598,6.43,1.74,9100.0,215.0,6.17,20
2003,12,28,-79.08,17.46,0.00196,0.83,0.00163,8.55,1.57,2960.0,70.0,1.57,20
2004,1,5,-82.21,24.41,0.0,0.83,0.0,8.18,1.23,0.0,0.0,0.0,20
2004,1,5,-82.04,24.39,0.0,0.83,0.0,8.18,1.23,0.0,0.0,0.0,20
2004,1,27,-81.7,24.42,0.0,0.83,0.0,8.23,0.772,0.0,0.0,0.0,20
2004,1,28,-81.92,24.06,0.0,0.83,0.0,10.0,1.48,0.0,0.0,0.0,20
2004,1,28,-81.88,23.85,0.0,0.83,0.0,9.78,0.0,0.0,0.0,0.0,20
2004,1,28,-82.35,24.06,0.0,0.83,0.0,10.0,1.6,0.0,0.0,0.0,20
2004,1,29,-83.02,24.24,0.00135,0.83,0.00112,8.27,1.64,2070.0,48.9,1.01,20
2004,1,30,-83.11,24.5,0.0,0.83,0.0,6.42,0.99,0.0,0.0,0.0,20
2004,1,30,-83.3,24.78,0.0,0.83,0.0,6.42,0.99,0.0,0.0,0.0,20
2004,2,12,-82.01,24.19,0.0,0.83,0.0,4.11,0.821,0.0,0.0,0.0,20
2004,2,12,-81.9,24.12,0.0252,0.83,0.0209,5.27,0.836,12500.0,296.0,9.1,20
2004,2,13,-81.6,24.05,0.013,0.83,0.0108,4.35,0.681,4340.0,103.0,2.5,20
2004,2,13,-80.52,24.67,0.0,0.83,0.0,2.62,0.767,0.0,0.0,0.0,20
2004,2,14,-79.89,25.51,0.0453,0.83,0.0376,5.08,1.01,26300.0,623.0,22.5,20
2004,2,14,-79.6,26.53,0.00432,0.83,0.00359,6.63,1.13,3660.0,86.6,2.03,20
2004,2,14,-79.84,27.82,0.0288,0.83,0.0239,6.88,1.14,25500.0,604.0,21.7,20
2004,2,15,-78.61,28.16,0.0,0.83,0.0,8.65,1.37,0.0,0.0,0.0,20
2004,2,16,-78.19,27.68,0.0,0.83,0.0,7.9,1.26,0.0,0.0,0.0,20
2004,2,17,-77.35,27.1,0.0432,0.83,0.0359,4.21,0.979,20100.0,475.0,16.2,20
2004,2,17,-76.52,27.08,0.0108,0.83,0.00896,8.11,1.66,16400.0,388.0,12.7,20
2004,2,21,-76.82,25.7,0.0,0.83,0.0,5.36,1.13,0.0,0.0,0.0,20
2004,2,21,-76.19,25.82,0.0,0.83,0.0,5.36,1.13,0.0,0.0,0.0,20
2004,2,22,-75.69,26.09,0.0024,0.83,0.00199,4.0,1.03,1120.0,26.4,0.476,20
2004,2,22,-75.51,26.36,0.0,0.83,0.0,4.0,1.03,0.0,0.0,0.0,20
2004,2,23,-75.4,26.16,0.0,0.83,0.0,2.14,0.851,0.0,0.0,0.0,20
2004,2,23,-74.8,25.68,0.281,0.83,0.233,1.69,0.813,43500.0,1030.0,41.6,20
2004,2,24,-73.83,25.05,0.00393,0.83,0.00326,3.95,0.943,1650.0,39.1,0.768,20
2004,2,24,-72.76,24.84,0.0,0.83,0.0,4.86,0.926,0.0,0.0,0.0,20
2004,2,25,-71.45,24.84,0.00324,0.83,0.00269,6.08,0.943,2090.0,49.6,1.03,20
2004,2,25,-71.14,24.79,0.00831,0.83,0.0069,6.08,0.943,5370.0,127.0,3.24,20
2004,2,26,-70.5,24.13,0.0262,0.83,0.0217,5.8,1.01,17400.0,411.0,13.6,20
2004,2,26,-70.22,23.3,0.0108,0.83,0.00896,5.89,1.04,7470.0,177.0,4.85,20
2004,2,27,-69.71,22.41,0.0216,0.83,0.0179,7.68,1.18,22100.0,523.0,18.2,20
2004,2,27,-69.1,21.59,0.0555,0.83,0.0461,6.54,1.07,43800.0,1040.0,41.9,20
2004,3,4,-69.09,19.21,0.00432,0.83,0.00359,9.67,0.0,3410.0,80.7,1.86,20
2004,3,4,-69.12,19.43,0.0154,0.83,0.0128,9.67,0.0,12100.0,288.0,8.77,20
2004,3,5,-68.26,18.64,0.0,0.83,0.0,11.2,2.32,0.0,0.0,0.0,20
2004,3,6,-69.02,16.73,0.0,0.83,0.0,11.8,3.4,0.0,0.0,0.0,20
2004,3,7,-69.66,15.73,0.0,0.83,0.0,10.9,3.24,0.0,0.0,0.0,20
2004,3,7,-70.92,15.88,0.0,0.83,0.0,11.6,3.25,0.0,0.0,0.0,20
2004,3,8,-72.02,15.86,0.0,0.83,0.0,10.2,2.79,0.0,0.0,0.0,20
2004,3,8,-73.36,15.99,0.0,0.83,0.0,10.7,2.87,0.0,0.0,0.0,20
2004,3,9,-74.36,16.16,0.0,0.83,0.0,8.1,2.2,0.0,0.0,0.0,20
2004,3,9,-75.32,16.8,0.00432,0.83,0.00359,8.69,2.21,9350.0,221.0,6.37,20
2004,3,9,-76.15,17.19,0.0,0.83,0.0,6.03,1.88,0.0,0.0,0.0,20
2004,3,12,-78.29,17.63,0.00504,0.83,0.00418,9.62,2.22,12100.0,287.0,8.75,20
2004,3,28,-80.31,24.71,0.0,0.83,0.0,8.39,2.07,0.0,0.0,0.0,20
2004,3,28,-79.63,24.91,0.0,0.83,0.0,9.07,2.29,0.0,0.0,0.0,20
2004,3,30,-79.45,26.18,0.00432,0.83,0.00359,3.05,2.22,3300.0,78.0,1.79,20
2004,3,30,-78.42,26.22,0.0278,0.83,0.0231,3.68,2.15,24800.0,587.0,21.0,20
2004,3,31,-76.4,25.65,0.00564,0.83,0.00468,1.96,2.24,2800.0,66.2,1.46,20
2004,4,2,-73.46,24.87,0.0393,0.83,0.0326,6.5,1.8,51900.0,1230.0,51.6,20
2004,4,3,-73.16,23.75,0.0216,0.83,0.0179,7.65,1.56,29100.0,690.0,25.5,20
2004,4,4,-73.22,23.06,0.0281,0.83,0.0233,5.1,1.5,24200.0,572.0,20.3,20
2004,4,4,-73.64,21.31,0.199,0.83,0.165,2.72,1.18,72200.0,1710.0,77.1,20
2004,4,7,-75.94,17.93,0.0,0.83,0.0,6.15,1.21,0.0,0.0,0.0,20
2004,4,12,-76.92,18.68,0.013,0.83,0.0108,5.4,0.0,10900.0,258.0,7.68,20
2004,4,13,-78.68,19.58,0.0168,0.83,0.0139,5.22,0.877,8670.0,205.0,5.81,20
2004,4,14,-79.29,19.75,0.0173,0.83,0.0144,3.65,1.08,7700.0,182.0,5.03,20
2004,4,15,-80.8,18.53,0.0,0.83,0.0,10.6,1.99,0.0,0.0,0.0,20
2004,4,16,-82.7,17.39,0.0,0.83,0.0,9.42,2.23,0.0,0.0,0.0,20
2004,4,16,-83.56,16.63,0.0,0.83,0.0,9.07,1.93,0.0,0.0,0.0,20
2004,4,18,-85.9,16.3,0.0,0.83,0.0,10.8,1.17,0.0,0.0,0.0,20
2004,4,29,-82.03,24.0,0.0108,0.83,0.00896,10.0,1.55,18900.0,448.0,15.1,20
2004,4,29,-82.08,24.05,0.0,0.83,0.0,10.0,1.55,0.0,0.0,0.0,20
2004,4,29,-82.09,24.11,0.0,0.83,0.0,10.0,1.55,0.0,0.0,0.0,20
2004,5,9,-80.08,25.14,0.0,0.83,0.0,9.2,0.92,0.0,0.0,0.0,20
2004,5,10,-79.77,24.98,0.0027,0.83,0.00224,8.06,1.5,3680.0,87.1,2.04,20
2004,5,11,-79.85,26.72,0.0,0.83,0.0,8.95,1.77,0.0,0.0,0.0,20
2004,5,11,-80.02,27.98,0.00216,0.83,0.00179,8.94,0.135,293.0,6.93,0.0932,20
2004,5,11,-79.8,29.07,0.0,0.83,0.0,9.0,1.38,0.0,0.0,0.0,20
2004,5,13,-78.65,30.99,0.0178,0.83,0.0148,6.43,1.27,16400.0,389.0,12.7,20
2004,5,14,-77.94,31.42,0.0072,0.83,0.00598,6.39,1.2,6230.0,147.0,3.88,20
2004,5,14,-77.22,31.81,0.0612,0.83,0.0508,6.39,1.2,52900.0,1250.0,52.8,20
2004,5,15,-76.23,32.44,0.0108,0.83,0.00896,6.89,1.49,12500.0,296.0,9.1,20
2004,5,15,-75.14,32.6,0.0,0.83,0.0,7.16,1.37,0.0,0.0,0.0,20
2004,5,15,-74.83,32.77,0.00432,0.83,0.00359,6.45,1.27,3980.0,94.2,2.25,20
2004,5,17,-73.26,32.59,0.0367,0.83,0.0305,5.45,1.15,25900.0,614.0,22.1,20
2004,5,17,-72.4,32.21,0.0799,0.83,0.0663,5.56,1.09,54700.0,1290.0,55.0,20
2004,5,18,-71.42,32.13,0.0194,0.83,0.0161,5.36,1.09,12800.0,303.0,9.34,20
2004,5,18,-69.47,31.75,0.0108,0.83,0.00896,6.37,1.21,9360.0,222.0,6.38,20
2004,5,19,-66.66,31.93,0.231,0.83,0.192,2.48,1.07,69100.0,1640.0,73.2,20
2004,5,25,-64.42,32.4,0.0594,0.83,0.0493,4.74,0.76,24100.0,571.0,20.3,20
2004,5,25,-64.87,33.54,0.0405,0.83,0.0336,5.94,0.853,23100.0,548.0,19.3,20
2004,5,27,-65.63,34.43,0.00648,0.83,0.00538,8.54,1.88,11800.0,278.0,8.43,20
2004,5,28,-63.92,36.14,0.0288,0.83,0.0239,7.98,1.82,47200.0,1120.0,46.0,20
2004,5,31,-61.83,42.25,0.00308,0.83,0.00256,7.32,1.75,4440.0,105.0,2.57,20
2004,6,25,-70.94,41.14,0.0027,0.83,0.00224,3.4,0.397,411.0,9.72,0.141,20
2004,6,26,-71.19,39.35,0.00216,0.83,0.00179,4.55,0.911,1010.0,23.9,0.422,20
2004,7,8,-70.39,41.89,0.0,0.83,0.0,3.9,0.395,0.0,0.0,0.0,20
2004,7,9,-69.77,42.53,0.0,0.83,0.0,3.88,0.325,0.0,0.0,0.0,20
2004,7,10,-69.17,42.84,0.00432,0.83,0.00359,3.53,0.136,234.0,5.55,0.071,20
2004,7,11,-69.16,43.21,0.0,0.83,0.0,3.58,0.306,0.0,0.0,0.0,20
2004,7,18,-70.24,42.91,0.0,0.83,0.0,3.64,0.0,0.0,0.0,0.0,20
2004,7,19,-69.95,42.58,0.00432,0.83,0.00359,4.85,0.403,952.0,22.5,0.393,20
2004,7,20,-69.72,42.41,0.0,0.83,0.0,4.0,0.296,0.0,0.0,0.0,20
2004,8,7,-69.57,39.75,0.00249,0.83,0.00207,6.53,1.63,2980.0,70.6,1.58,20
2004,8,7,-69.08,40.01,0.0,0.83,0.0,6.33,1.28,0.0,0.0,0.0,20
2004,8,8,-68.45,40.4,0.0054,0.83,0.00448,7.36,1.58,7080.0,168.0,4.54,20
2004,8,8,-68.55,40.98,0.0,0.83,0.0,7.36,1.58,0.0,0.0,0.0,20
2004,8,9,-68.81,41.37,0.00154,0.83,0.00128,5.36,1.24,1160.0,27.3,0.497,20
2004,8,9,-69.03,41.9,0.0,0.83,0.0,5.56,1.02,0.0,0.0,0.0,20
2004,8,10,-69.55,42.65,0.0,0.83,0.0,5.04,0.324,0.0,0.0,0.0,20
2004,8,10,-69.91,42.43,0.0,0.83,0.0,5.04,0.324,0.0,0.0,0.0,20
2004,8,11,-70.18,42.37,0.0457,0.83,0.0379,7.61,0.0,8420.0,199.0,5.61,20
2004,8,11,-70.6,42.41,0.00648,0.83,0.00538,7.61,0.0,1190.0,28.2,0.517,20
2004,8,11,-70.44,42.4,0.0108,0.83,0.00896,7.61,0.0,1990.0,47.1,0.965,20
2004,8,11,-70.33,42.16,0.0,0.83,0.0,7.61,0.0,0.0,0.0,0.0,20
2004,8,11,-70.44,42.13,0.0,0.83,0.0,7.61,0.0,0.0,0.0,0.0,20
2004,8,19,-70.86,41.05,0.00216,0.83,0.00179,8.45,0.611,1260.0,29.8,0.551,20
2004,8,19,-70.39,40.78,0.0,0.83,0.0,7.19,0.889,0.0,0.0,0.0,20
2004,8,19,-70.33,40.89,0.0,0.83,0.0,7.19,0.889,0.0,0.0,0.0,20
2004,8,20,-69.1,40.43,0.00216,0.83,0.00179,7.77,1.23,2330.0,55.2,1.17,20
2004,8,20,-68.56,40.83,0.0,0.83,0.0,7.64,1.18,0.0,0.0,0.0,20
2004,8,21,-68.92,41.16,0.0,0.83,0.0,7.46,1.45,0.0,0.0,0.0,20
2004,8,21,-69.25,41.74,0.0,0.83,0.0,7.86,1.39,0.0,0.0,0.0,20
2004,8,21,-69.58,42.27,0.0144,0.83,0.012,9.26,0.569,8560.0,203.0,5.72,20
2004,9,2,-70.36,42.0,0.0024,0.83,0.00199,3.91,0.0,1430.0,33.8,0.643,20
2004,9,3,-70.4,42.45,0.0267,0.83,0.0222,5.94,0.0,15900.0,376.0,12.2,20
2004,9,4,-68.18,43.34,0.00432,0.83,0.00359,7.82,0.985,3750.0,88.8,2.09,20
2004,9,5,-69.42,43.25,0.0,0.83,0.0,5.17,0.54,0.0,0.0,0.0,20
2004,9,5,-70.46,42.94,0.00288,0.83,0.00239,6.77,0.0,907.0,21.5,0.37,20
2004,9,6,-70.47,42.91,0.0259,0.83,0.0215,4.37,0.0,8160.0,193.0,5.4,20
2004,9,7,-69.06,43.44,0.0,0.83,0.0,4.29,0.458,0.0,0.0,0.0,20
2004,10,18,-68.55,39.73,0.00432,0.83,0.00359,9.51,2.44,11300.0,267.0,8.02,20
2004,10,18,-67.97,39.71,0.0,0.83,0.0,9.94,2.52,0.0,0.0,0.0,20
2004,10,18,-66.49,39.62,0.0259,0.83,0.0215,9.71,2.56,72600.0,1720.0,77.7,20
2004,10,19,-63.44,37.32,0.0252,0.83,0.0209,5.21,1.88,27800.0,659.0,24.1,20
2004,10,21,-61.73,35.15,0.00864,0.83,0.00717,7.77,1.76,13300.0,314.0,9.79,20
2004,10,22,-60.64,33.52,0.0,0.83,0.0,10.7,2.31,0.0,0.0,0.0,20
2004,10,24,-58.58,29.19,0.0,0.83,0.0,10.2,2.61,0.0,0.0,0.0,20
2004,10,24,-58.51,29.18,0.00864,0.83,0.00717,10.2,2.61,25800.0,611.0,22.0,20
2004,10,24,-58.22,28.63,0.0,0.83,0.0,10.6,2.47,0.0,0.0,0.0,20
2004,10,25,-57.63,27.03,0.0216,0.83,0.0179,10.7,3.28,85600.0,2030.0,95.0,20
2004,10,26,-57.56,26.9,0.0048,0.83,0.00398,10.2,3.25,18000.0,425.0,14.2,20
2004,10,26,-57.51,26.84,0.00657,0.83,0.00545,10.2,3.25,24600.0,582.0,20.8,20
2004,10,26,-56.82,26.17,0.00864,0.83,0.00717,9.6,3.19,29800.0,705.0,26.2,20
2004,10,27,-56.53,26.13,0.0281,0.83,0.0233,10.5,3.07,103000.0,2430.0,118.0,20
2004,10,28,-56.54,26.16,0.0238,0.83,0.0198,8.22,2.47,54500.0,1290.0,54.7,20
2004,10,31,-58.07,22.08,0.0884,0.83,0.0734,7.46,2.11,157000.0,3710.0,199.0,20
2004,11,1,-58.76,20.22,0.00432,0.83,0.00359,8.3,2.0,8100.0,192.0,5.35,20
2004,11,2,-59.56,18.52,0.0,0.83,0.0,6.15,1.97,0.0,0.0,0.0,20
2004,11,3,-60.33,16.87,0.0,0.83,0.0,6.08,1.98,0.0,0.0,0.0,20
2004,11,4,-60.61,14.54,0.0,0.83,0.0,6.58,1.58,0.0,0.0,0.0,20
2004,11,8,-61.47,13.3,0.0,0.83,0.0,6.74,2.01,0.0,0.0,0.0,20
2004,11,9,-61.54,13.39,0.00648,0.83,0.00538,5.5,1.56,6280.0,149.0,3.92,20
2004,11,9,-61.71,13.88,0.0,0.83,0.0,5.5,1.56,0.0,0.0,0.0,20
2004,11,10,-61.71,14.34,0.00648,0.83,0.00538,4.61,1.29,4360.0,103.0,2.51,20
2004,11,15,-61.92,15.93,0.0,0.83,0.0,3.78,2.68,0.0,0.0,0.0,20
2004,11,29,-64.99,17.39,0.00393,0.83,0.00326,5.69,1.73,4370.0,103.0,2.52,20
2004,11,30,-63.93,15.94,0.00216,0.83,0.00179,6.75,2.13,3510.0,83.1,1.93,20
2004,12,1,-63.67,14.06,0.0216,0.83,0.0179,6.82,2.33,38700.0,916.0,36.1,20
2004,12,2,-63.67,12.76,0.0255,0.83,0.0212,5.28,2.06,31300.0,741.0,27.9,20
2004,12,3,-65.11,12.55,0.0,0.83,0.0,8.66,1.81,0.0,0.0,0.0,20
2004,12,3,-66.22,12.86,0.0,0.83,0.0,7.74,1.93,0.0,0.0,0.0,20
2004,12,4,-67.17,13.08,0.00216,0.83,0.00179,8.26,1.96,3940.0,93.2,2.22,20
2004,12,4,-67.18,12.19,0.0,0.83,0.0,6.9,1.78,0.0,0.0,0.0,20
2004,12,5,-67.11,11.24,0.0,0.83,0.0,8.63,1.88,0.0,0.0,0.0,20
2004,12,5,-67.53,12.2,0.0,0.83,0.0,8.93,2.26,0.0,0.0,0.0,20
2004,12,10,-68.65,12.65,0.0,0.83,0.0,7.37,2.14,0.0,0.0,0.0,20
2004,12,10,-69.15,13.46,0.00216,0.83,0.00179,8.75,2.19,4660.0,110.0,2.73,20
2004,12,10,-69.54,14.19,0.0,0.83,0.0,8.16,2.18,0.0,0.0,0.0,20
2004,12,11,-69.97,15.04,0.0,0.83,0.0,8.18,2.13,0.0,0.0,0.0,20
2004,12,12,-70.49,16.17,0.0,0.83,0.0,7.26,1.81,0.0,0.0,0.0,20
2004,12,12,-70.77,16.58,0.0036,0.83,0.00299,7.26,1.81,5330.0,126.0,3.21,20
2004,12,12,-71.52,17.02,0.0,0.83,0.0,6.8,1.54,0.0,0.0,0.0,20
2004,12,13,-72.2,17.56,0.0,0.83,0.0,9.05,1.64,0.0,0.0,0.0,20
2004,12,13,-72.33,17.79,0.0,0.83,0.0,9.05,1.64,0.0,0.0,0.0,20
2004,12,16,-72.14,17.81,0.0173,0.83,0.0144,3.1,1.69,10200.0,242.0,7.12,20
2004,12,16,-73.25,16.86,0.0,0.83,0.0,5.2,1.62,0.0,0.0,0.0,20
2004,12,17,-74.29,16.8,0.00926,0.83,0.00769,5.43,1.97,11200.0,264.0,7.92,20
2004,12,18,-74.75,17.13,0.0,0.83,0.0,7.39,2.5,0.0,0.0,0.0,20
2004,12,18,-75.34,17.56,0.00864,0.83,0.00717,6.65,2.26,14600.0,346.0,11.0,20
2004,12,18,-75.37,18.13,0.0,0.83,0.0,8.48,2.15,0.0,0.0,0.0,20
2005,1,3,-82.11,24.27,0.00432,0.83,0.00359,10.2,2.08,10300.0,245.0,7.21,20
2005,1,4,-81.84,24.19,0.00308,0.83,0.00256,10.5,1.71,6220.0,147.0,3.88,20
2005,2,12,-79.72,24.79,0.00589,0.83,0.00489,5.23,1.44,5010.0,118.0,2.97,20
2005,2,12,-79.72,24.78,0.0,0.83,0.0,5.23,1.44,0.0,0.0,0.0,20
2005,2,14,-79.32,26.59,0.0,0.83,0.0,6.05,0.844,0.0,0.0,0.0,20
2005,2,15,-78.18,27.89,0.0,0.83,0.0,1.6,0.799,0.0,0.0,0.0,20
2005,2,15,-77.55,27.99,0.305,0.83,0.253,4.43,0.546,83100.0,1970.0,91.7,20
2005,2,16,-76.25,28.1,0.00216,0.83,0.00179,3.1,0.966,730.0,17.3,0.284,20
2005,2,17,-74.37,28.21,0.00648,0.83,0.00538,6.4,1.58,7390.0,175.0,4.78,20
2005,2,17,-72.71,27.77,0.0072,0.83,0.00598,5.14,1.67,6940.0,164.0,4.43,20
2005,2,17,-72.69,27.79,0.0275,0.83,0.0228,5.14,1.67,26500.0,628.0,22.7,20
2005,2,17,-72.67,27.8,0.0135,0.83,0.0112,5.14,1.67,13000.0,308.0,9.54,20
2005,2,17,-72.1,27.67,0.0,0.83,0.0,5.14,1.67,0.0,0.0,0.0,20
2005,2,18,-71.64,27.75,0.0389,0.83,0.0323,6.58,2.0,57600.0,1360.0,58.6,20
2005,2,18,-71.63,27.69,0.0259,0.83,0.0215,6.58,2.0,38300.0,907.0,35.7,20
2005,2,18,-71.61,27.76,0.116,0.83,0.0963,6.58,2.0,172000.0,4060.0,222.0,20
2005,2,18,-71.12,27.66,0.0555,0.83,0.0461,6.58,2.0,82200.0,1940.0,90.3,20
2005,2,18,-70.42,27.47,0.0216,0.83,0.0179,6.65,2.02,32800.0,775.0,29.4,20
2005,2,20,-69.11,26.26,0.0,0.83,0.0,8.37,2.74,0.0,0.0,0.0,20
2005,2,20,-68.42,25.96,0.0216,0.83,0.0179,8.69,2.74,58100.0,1370.0,59.1,20
2005,2,25,-70.59,19.98,0.0672,0.83,0.0558,0.0,0.0,181000.0,4270.0,236.0,20
2005,3,1,-70.1,19.89,0.00864,0.83,0.00717,0.0,0.0,23200.0,550.0,19.3,20
2005,3,1,-69.13,19.88,0.0799,0.83,0.0663,5.78,0.0,215000.0,5080.0,292.0,20
2005,3,3,-69.09,19.28,0.0,0.83,0.0,6.1,0.0,0.0,0.0,0.0,20
2005,3,5,-69.53,19.74,0.0389,0.83,0.0323,4.77,0.0,105000.0,2470.0,121.0,20
2005,3,5,-69.85,20.02,0.0648,0.83,0.0538,4.74,1.7,58900.0,1390.0,60.2,20
2005,3,6,-70.83,20.19,0.0,0.83,0.0,5.09,1.53,0.0,0.0,0.0,20
2005,3,6,-71.48,20.29,0.0,0.83,0.0,5.12,1.41,0.0,0.0,0.0,20
2005,3,8,-73.99,19.4,0.00864,0.83,0.00717,2.38,1.34,3110.0,73.6,1.66,20
2005,3,8,-75.31,19.02,0.0,0.83,0.0,3.58,1.03,0.0,0.0,0.0,20
2005,3,8,-75.08,18.98,0.012,0.83,0.00996,5.64,1.28,9750.0,231.0,6.71,20
2005,3,8,-75.11,18.99,0.013,0.83,0.0108,5.64,1.28,10600.0,250.0,7.4,20
2005,3,8,-75.14,18.99,0.0162,0.83,0.0134,5.64,1.28,13200.0,311.0,9.67,20
2005,3,9,-75.52,19.01,0.00617,0.83,0.00512,3.87,1.08,2920.0,69.0,1.54,20
2005,3,9,-75.78,18.95,0.00648,0.83,0.00538,6.19,1.28,5790.0,137.0,3.55,20
2005,3,9,-75.81,18.95,0.0259,0.83,0.0215,6.19,1.28,23100.0,548.0,19.3,20
2005,3,9,-75.84,18.94,0.00864,0.83,0.00717,6.19,1.28,7720.0,183.0,5.05,20
2005,3,17,-82.06,24.02,0.0432,0.83,0.0359,5.33,0.641,16700.0,394.0,12.9,20
2005,3,17,-81.99,24.16,0.0151,0.83,0.0125,4.86,0.665,5510.0,130.0,3.34,20
2005,3,27,-81.64,23.98,0.0,0.83,0.0,5.52,0.0,0.0,0.0,0.0,20
2005,3,27,-81.55,23.84,0.0302,0.83,0.0251,5.52,0.0,11000.0,261.0,7.79,20
2005,3,28,-80.81,24.19,0.0036,0.83,0.00299,5.73,0.734,1710.0,40.4,0.802,20
2005,3,28,-80.03,25.21,0.0081,0.83,0.00672,7.4,0.729,4920.0,117.0,2.91,20
2005,3,29,-79.63,26.48,0.0,0.83,0.0,9.67,1.17,0.0,0.0,0.0,20
2005,3,29,-79.41,26.43,0.0,0.83,0.0,9.67,1.17,0.0,0.0,0.0,20
2005,3,30,-79.25,26.95,0.0648,0.83,0.0538,2.53,0.725,13400.0,317.0,9.9,20
2005,3,30,-79.55,27.38,0.0475,0.83,0.0394,2.97,0.626,9950.0,236.0,6.88,20
2005,3,31,-80.02,28.6,0.00432,0.83,0.00359,5.79,0.0,905.0,21.4,0.369,20
2005,3,31,-80.52,29.78,0.0032,0.83,0.00266,3.46,0.278,347.0,8.21,0.115,20
2005,3,31,-80.97,29.97,0.0,0.83,0.0,3.46,0.278,0.0,0.0,0.0,20
2005,4,1,-80.76,30.46,0.0,0.83,0.0,7.8,1.01,0.0,0.0,0.0,20
2005,4,2,-80.15,30.66,0.0051,0.83,0.00423,12.5,1.89,13600.0,321.0,10.1,20
2005,4,4,-74.8,31.33,0.00216,0.83,0.00179,7.14,2.32,4040.0,95.6,2.29,20
2005,4,5,-73.62,31.23,0.00216,0.83,0.00179,3.43,1.49,1240.0,29.4,0.543,20
2005,4,5,-73.25,31.18,0.0,0.83,0.0,3.43,1.49,0.0,0.0,0.0,20
2005,4,6,-72.31,31.17,0.0,0.83,0.0,3.44,1.04,0.0,0.0,0.0,20
2005,4,6,-71.56,31.02,0.309,0.83,0.256,3.82,1.18,157000.0,3710.0,199.0,20
2005,4,6,-71.04,31.15,0.00432,0.83,0.00359,3.82,1.18,2190.0,51.9,1.09,20
2005,4,7,-70.29,31.51,0.0151,0.83,0.0125,5.18,1.03,9050.0,214.0,6.12,20
2005,4,8,-69.11,31.75,0.0144,0.83,0.012,9.16,1.36,20200.0,479.0,16.3,20
2005,4,8,-68.51,31.93,0.0238,0.83,0.0198,8.24,1.35,29700.0,704.0,26.2,20
2005,4,9,-67.26,32.04,0.0,0.83,0.0,12.1,1.89,0.0,0.0,0.0,20
2005,4,9,-66.03,31.99,0.0,0.83,0.0,8.75,1.99,0.0,0.0,0.0,20
2005,4,13,-64.7,32.18,0.0,0.83,0.0,9.32,1.6,0.0,0.0,0.0,20
2005,4,14,-64.12,32.36,0.0,0.83,0.0,9.18,1.59,0.0,0.0,0.0,20
2005,4,14,-63.39,32.31,0.00648,0.83,0.00538,9.06,1.48,9780.0,231.0,6.73,20
2005,4,15,-62.79,32.04,0.0,0.83,0.0,10.4,1.88,0.0,0.0,0.0,20
2005,4,15,-62.25,31.91,0.0189,0.83,0.0157,10.6,1.78,40400.0,955.0,38.0,20
2005,4,15,-61.68,31.41,0.14,0.83,0.116,6.87,1.68,182000.0,4320.0,239.0,20
2005,4,16,-61.33,30.77,0.37,0.83,0.307,7.95,2.3,763000.0,18000.0,1370.0,20
2005,4,17,-60.98,30.46,0.0324,0.83,0.0269,4.93,2.23,40200.0,950.0,37.7,20
2005,4,17,-60.4,30.06,0.315,0.83,0.261,4.93,2.23,390000.0,9240.0,605.0,20
2005,4,18,-59.97,29.69,0.182,0.83,0.151,7.51,1.96,302000.0,7140.0,441.0,20
2005,4,18,-59.57,29.06,0.194,0.83,0.161,7.51,1.96,321000.0,7610.0,477.0,20
2005,4,19,-59.25,28.22,0.104,0.83,0.0863,7.78,2.13,195000.0,4610.0,259.0,20
2005,4,19,-59.07,27.3,0.0238,0.83,0.0198,7.62,2.07,42300.0,1000.0,40.2,20
2005,4,20,-59.17,25.15,0.0891,0.83,0.074,9.69,2.46,239000.0,5670.0,333.0,20
2005,4,21,-59.03,23.87,0.0173,0.83,0.0144,3.6,1.87,13100.0,310.0,9.62,20
2005,4,22,-59.49,20.67,0.0151,0.83,0.0125,6.74,1.6,18300.0,433.0,14.5,20
2005,4,22,-59.4,20.27,0.0216,0.83,0.0179,6.74,1.6,26200.0,620.0,22.4,20
2005,4,23,-59.79,19.76,0.00648,0.83,0.00538,5.77,1.46,6170.0,146.0,3.84,20
2005,4,24,-59.94,19.31,0.0216,0.83,0.0179,6.69,1.4,22800.0,539.0,18.9,20
2005,4,24,-60.59,18.77,0.0247,0.83,0.0205,6.84,1.45,27600.0,654.0,23.9,20
2005,4,24,-60.82,18.57,0.00648,0.83,0.00538,6.84,1.45,7250.0,171.0,4.67,20
2005,4,25,-61.0,17.72,0.0048,0.83,0.00398,4.12,1.29,2870.0,67.9,1.51,20
2005,4,26,-61.36,16.87,0.0,0.83,0.0,5.26,1.13,0.0,0.0,0.0,20
2005,4,26,-61.76,16.61,0.0,0.83,0.0,5.26,1.13,0.0,0.0,0.0,20
2005,4,28,-62.92,17.67,0.0,0.83,0.0,6.0,1.46,0.0,0.0,0.0,20
2005,4,28,-64.13,18.37,0.0,0.83,0.0,5.47,1.32,0.0,0.0,0.0,20
2005,5,9,-64.35,18.42,0.0,0.83,0.0,5.33,2.06,0.0,0.0,0.0,20
2005,5,9,-63.83,18.76,0.00196,0.83,0.00163,4.9,2.06,2230.0,52.8,1.11,20
2005,5,10,-63.62,18.84,0.0525,0.83,0.0436,4.77,1.96,55300.0,1310.0,55.8,20
2005,5,10,-63.76,19.5,0.0497,0.83,0.0413,3.32,1.98,36700.0,869.0,33.8,20
2005,5,11,-64.0,20.03,0.0252,0.83,0.0209,5.82,2.01,33200.0,786.0,29.9,20
2005,5,11,-64.24,20.48,0.0518,0.83,0.043,6.87,2.0,80300.0,1900.0,87.8,20
2005,5,12,-64.42,21.15,0.0317,0.83,0.0263,9.81,2.11,73800.0,1750.0,79.3,20
2005,5,12,-64.54,21.72,0.135,0.83,0.112,9.81,2.11,314000.0,7440.0,464.0,20
2005,5,13,-64.61,23.04,0.0432,0.83,0.0359,9.07,1.55,68600.0,1620.0,72.5,20
2005,5,14,-64.62,24.62,0.054,0.83,0.0448,7.05,1.26,54200.0,1280.0,54.4,20
2005,5,14,-64.74,25.23,0.225,0.83,0.187,6.31,1.14,182000.0,4320.0,239.0,20
2005,5,15,-64.84,26.15,0.0151,0.83,0.0125,5.23,1.36,12100.0,286.0,8.71,20
2005,5,15,-64.47,26.74,0.104,0.83,0.0863,5.23,1.36,83200.0,1970.0,91.7,20
2005,5,16,-64.44,27.54,0.0626,0.83,0.052,8.2,1.83,106000.0,2510.0,123.0,20
2005,5,16,-64.34,28.52,0.185,0.83,0.154,6.6,1.67,230000.0,5430.0,317.0,20
2005,5,17,-64.34,28.86,0.0324,0.83,0.0269,8.18,1.73,51800.0,1230.0,51.5,20
2005,5,17,-64.3,29.57,0.264,0.83,0.219,6.78,1.38,279000.0,6600.0,401.0,20
2005,5,18,-64.6,30.93,0.432,0.83,0.359,5.4,1.28,338000.0,7990.0,507.0,20
2005,5,19,-65.03,31.62,0.104,0.83,0.0863,3.95,1.16,53900.0,1280.0,54.0,20
2005,5,20,-64.63,32.13,0.0396,0.83,0.0329,7.02,1.61,50500.0,1200.0,49.9,20
2005,5,23,-64.11,32.78,0.0302,0.83,0.0251,7.54,2.45,62900.0,1490.0,65.2,20
2005,5,24,-63.6,33.52,0.0259,0.83,0.0215,8.75,2.02,51500.0,1220.0,51.1,20
2005,5,24,-63.78,34.32,0.0454,0.83,0.0377,9.67,2.19,108000.0,2560.0,127.0,20
2005,5,26,-63.13,38.3,0.00785,0.83,0.00652,12.3,3.41,37300.0,883.0,34.5,20
2005,5,27,-62.65,40.16,0.00432,0.83,0.00359,9.23,3.84,17200.0,408.0,13.4,20
2005,5,30,-59.49,44.35,0.0036,0.83,0.00299,5.3,0.995,2140.0,50.7,1.06,20
2005,5,30,-59.03,44.03,0.593,0.83,0.492,5.3,0.995,353000.0,8340.0,534.0,20
2005,5,30,-60.28,44.25,0.0081,0.83,0.00672,4.88,0.971,4330.0,102.0,2.49,20
2005,5,31,-62.28,44.38,0.0929,0.83,0.0771,0.767,0.67,5380.0,127.0,3.25,20
2005,6,5,-65.28,43.1,0.218,0.83,0.181,3.98,0.954,93400.0,2210.0,106.0,20
2005,6,6,-67.0,43.61,0.0,0.83,0.0,5.64,0.818,0.0,0.0,0.0,20
2005,6,8,-67.93,44.05,0.0024,0.83,0.00199,2.73,0.865,639.0,15.1,0.241,20
2005,6,8,-68.73,43.78,0.0721,0.83,0.0598,2.27,0.815,15000.0,355.0,11.4,20
2005,6,9,-69.63,43.64,0.0346,0.83,0.0287,1.5,0.392,2290.0,54.3,1.15,20
2005,6,10,-70.01,43.05,0.0192,0.83,0.0159,5.01,0.0,1270.0,30.1,0.56,20
2005,6,10,-69.61,42.8,0.00864,0.83,0.00717,5.78,0.35,1970.0,46.6,0.952,20
2005,6,11,-69.68,42.67,0.012,0.83,0.00996,7.43,0.513,5160.0,122.0,3.09,20
2005,6,11,-70.31,42.34,0.0,0.83,0.0,4.14,0.0,0.0,0.0,0.0,20
2005,6,12,-70.56,42.24,0.0432,0.83,0.0359,5.14,0.0,18600.0,440.0,14.7,20
2005,6,14,-71.23,41.4,0.002,0.83,0.00166,3.84,0.00889,7.71,0.182,0.0011,20
2005,6,24,-71.16,40.62,0.0,0.83,0.0,3.59,0.338,0.0,0.0,0.0,20
2005,6,24,-70.52,39.46,0.00648,0.83,0.00538,1.63,0.465,556.0,13.1,0.204,20
2005,6,25,-70.31,39.16,0.0346,0.83,0.0287,5.2,0.824,16700.0,396.0,13.0,20
2005,7,8,-70.45,40.97,0.00216,0.83,0.00179,7.95,1.1,2130.0,50.4,1.05,20
2005,7,8,-70.31,40.26,0.0,0.83,0.0,7.95,1.1,0.0,0.0,0.0,20
2005,7,9,-70.44,40.37,0.0,0.83,0.0,10.5,1.49,0.0,0.0,0.0,20
2005,7,10,-68.51,40.76,0.00648,0.83,0.00538,7.08,1.55,8020.0,190.0,5.29,20
2005,7,11,-66.61,40.45,0.00384,0.83,0.00319,8.5,1.61,5940.0,141.0,3.66,20
2005,7,11,-65.42,40.33,0.0,0.83,0.0,7.63,1.68,0.0,0.0,0.0,20
2005,7,12,-64.7,40.18,0.0,0.83,0.0,5.4,1.02,0.0,0.0,0.0,20
2005,7,12,-63.62,39.92,0.0,0.83,0.0,5.83,1.34,0.0,0.0,0.0,20
2005,7,14,-61.57,41.13,0.00378,0.83,0.00314,4.31,1.24,2270.0,53.7,1.13,20
2005,7,14,-60.66,42.04,0.0,0.83,0.0,4.03,1.38,0.0,0.0,0.0,20
2005,7,16,-58.92,43.87,0.0,0.83,0.0,4.72,1.35,0.0,0.0,0.0,20
2005,7,19,-61.57,44.67,0.0,0.83,0.0,4.79,0.725,0.0,0.0,0.0,20
2005,7,19,-61.41,44.18,0.0,0.83,0.0,4.79,0.725,0.0,0.0,0.0,20
2005,7,20,-61.99,44.08,0.00216,0.83,0.00179,4.15,0.881,891.0,21.1,0.362,20
2005,7,26,-65.49,42.6,0.0,0.83,0.0,4.96,1.05,0.0,0.0,0.0,20
2005,7,31,-71.16,41.41,0.089,0.83,0.0739,4.14,0.00368,153.0,3.62,0.0422,20
2005,8,1,-71.2,41.38,0.0,0.83,0.0,2.49,0.0027,0.0,0.0,0.0,20
2005,8,1,-71.23,41.36,0.00874,0.83,0.00725,2.49,0.0027,6.63,0.157,0.000917,20
2005,8,8,-71.02,41.25,0.0072,0.83,0.00598,3.0,0.00165,4.01,0.0948,0.000496,20
2005,8,8,-70.38,40.99,0.0027,0.83,0.00224,2.32,0.451,318.0,7.52,0.103,20
2005,8,9,-69.52,40.49,0.00308,0.83,0.00256,3.14,0.492,537.0,12.7,0.195,20
2005,8,9,-69.05,40.29,0.00475,0.83,0.00394,3.14,0.492,828.0,19.6,0.331,20
2005,8,10,-68.47,40.82,0.0108,0.83,0.00896,4.63,0.638,3600.0,85.1,1.99,20
2005,8,10,-68.51,40.08,0.018,0.83,0.0149,4.63,0.638,6000.0,142.0,3.71,20
2005,8,11,-69.33,41.83,0.00216,0.83,0.00179,3.97,0.846,819.0,19.4,0.327,20
2005,8,11,-70.09,42.42,0.0,0.83,0.0,3.2,0.0,0.0,0.0,0.0,20
2005,8,11,-70.28,42.51,0.0054,0.83,0.00448,3.2,0.0,2050.0,48.5,0.999,20
2005,8,20,-70.96,40.66,0.0,0.83,0.0,3.89,1.07,0.0,0.0,0.0,20
2005,8,20,-70.94,40.48,0.0,0.83,0.0,3.89,1.07,0.0,0.0,0.0,20
2005,8,21,-70.24,40.27,0.0,0.83,0.0,4.21,0.926,0.0,0.0,0.0,20
2005,8,21,-69.22,40.36,0.0,0.83,0.0,4.61,0.995,0.0,0.0,0.0,20
2005,8,22,-69.05,41.27,0.0,0.83,0.0,2.44,0.718,0.0,0.0,0.0,20
2005,8,22,-69.43,41.79,0.0,0.83,0.0,2.44,0.718,0.0,0.0,0.0,20
2005,9,2,-69.97,40.66,0.0,0.83,0.0,3.37,1.32,0.0,0.0,0.0,20
2005,9,2,-69.82,40.38,0.00216,0.83,0.00179,3.37,1.32,1080.0,25.6,0.459,20
2005,9,3,-69.09,39.91,0.00648,0.83,0.00538,5.39,1.13,4460.0,106.0,2.58,20
2005,9,3,-68.49,39.93,0.0288,0.83,0.0239,4.97,1.16,18700.0,443.0,14.9,20
2005,9,3,-68.47,40.33,0.00135,0.83,0.00112,4.82,1.13,830.0,19.6,0.332,20
2005,9,4,-68.63,41.32,0.0216,0.83,0.0179,1.25,0.811,2480.0,58.6,1.26,20
2005,9,4,-68.54,42.09,0.0,0.83,0.0,2.34,0.943,0.0,0.0,0.0,20
2005,9,5,-69.49,42.56,0.00432,0.83,0.00359,6.2,0.363,1100.0,26.0,0.467,20
2005,9,5,-69.81,42.71,0.0,0.83,0.0,6.2,0.363,0.0,0.0,0.0,20
2005,9,6,-69.59,42.87,0.0108,0.83,0.00896,3.07,0.189,706.0,16.7,0.273,20
2005,9,7,-69.91,43.19,0.00216,0.83,0.00179,2.8,1.05,718.0,17.0,0.278,20
2005,10,17,-64.7,39.01,0.00864,0.83,0.00717,17.2,5.91,98800.0,2340.0,113.0,20
2005,10,18,-62.73,38.17,0.0,0.83,0.0,12.8,4.45,0.0,0.0,0.0,20
2005,10,19,-61.3,37.48,0.0307,0.83,0.0255,9.54,3.02,99600.0,2360.0,114.0,20
2005,10,20,-60.93,37.2,0.014,0.83,0.0116,9.18,2.28,33000.0,780.0,29.7,20
2005,10,20,-60.33,36.69,0.028,0.83,0.0232,8.34,2.03,53400.0,1260.0,53.4,20
2005,10,20,-60.33,36.7,0.0145,0.83,0.012,8.34,2.03,27600.0,654.0,23.9,20
2005,10,20,-60.33,36.72,0.0115,0.83,0.00955,8.34,2.03,21900.0,519.0,18.0,20
2005,10,20,-60.34,36.74,0.0,0.83,0.0,8.34,2.03,0.0,0.0,0.0,20
2005,10,21,-59.23,35.92,0.0364,0.83,0.0302,5.84,1.59,38100.0,901.0,35.4,20
2005,10,21,-59.11,34.93,0.0714,0.83,0.0593,2.68,1.43,30800.0,729.0,27.3,20
2005,10,22,-58.72,33.66,0.0908,0.83,0.0754,4.34,1.3,57800.0,1370.0,58.9,20
2005,10,22,-58.63,33.42,0.0349,0.83,0.029,4.34,1.3,22200.0,526.0,18.3,20
2005,10,22,-58.62,33.43,0.0,0.83,0.0,4.34,1.3,0.0,0.0,0.0,20
2005,10,22,-58.61,33.44,0.0,0.83,0.0,4.34,1.3,0.0,0.0,0.0,20
2005,10,23,-58.53,33.03,0.025,0.83,0.0207,7.71,1.29,28000.0,663.0,24.3,20
2005,10,23,-58.4,32.79,0.0773,0.83,0.0642,6.86,1.17,70200.0,1660.0,74.6,20
2005,10,23,-58.42,32.8,0.0469,0.83,0.0389,6.86,1.17,42600.0,1010.0,40.5,20
2005,10,23,-58.43,32.8,0.0223,0.83,0.0185,6.86,1.17,20300.0,479.0,16.4,20
2005,10,23,-58.12,32.49,0.101,0.83,0.0838,6.86,1.17,91800.0,2170.0,103.0,20
2005,10,23,-57.7,31.94,0.0181,0.83,0.015,5.29,1.12,12100.0,286.0,8.7,20
2005,10,24,-57.41,31.24,0.0117,0.83,0.00971,5.88,1.07,8330.0,197.0,5.54,20
2005,10,25,-56.97,30.5,0.0989,0.83,0.0821,5.43,1.31,79300.0,1880.0,86.5,20
2005,10,25,-56.56,30.11,0.143,0.83,0.119,5.43,1.31,115000.0,2710.0,136.0,20
2005,10,25,-56.66,30.21,0.252,0.83,0.209,5.43,1.31,202000.0,4780.0,271.0,20
2005,10,25,-56.62,30.19,0.0361,0.83,0.03,5.43,1.31,28900.0,685.0,25.3,20
2005,10,25,-56.58,30.14,0.0936,0.83,0.0777,5.43,1.31,75000.0,1780.0,80.9,20
2005,10,26,-55.84,29.6,0.00571,0.83,0.00474,4.44,1.37,3930.0,92.9,2.21,20
2005,10,27,-55.51,27.59,1.45,0.83,1.2,1.02,1.2,202000.0,4770.0,270.0,20
2005,10,27,-55.72,26.51,0.145,0.83,0.12,2.96,1.23,59300.0,1400.0,60.6,20
2005,10,28,-56.0,25.67,0.0112,0.83,0.0093,7.91,1.93,19200.0,455.0,15.4,20
2005,10,28,-56.08,25.51,0.129,0.83,0.107,7.03,1.99,203000.0,4810.0,273.0,20
2005,10,28,-56.09,25.49,0.076,0.83,0.0631,7.03,1.99,120000.0,2830.0,143.0,20
2005,10,28,-56.1,25.48,0.0241,0.83,0.02,7.03,1.99,38000.0,898.0,35.2,20
2005,10,28,-56.32,24.75,0.0105,0.83,0.00872,7.73,1.92,17600.0,416.0,13.8,20
2005,10,28,-56.41,24.36,0.00185,0.83,0.00154,7.73,1.92,3090.0,73.2,1.65,20
2005,10,28,-56.42,24.34,0.00572,0.83,0.00475,7.73,1.92,9570.0,226.0,6.56,20
2005,10,28,-56.42,24.33,0.0643,0.83,0.0534,7.73,1.92,108000.0,2550.0,125.0,20
2005,10,28,-56.42,24.32,0.00702,0.83,0.00583,7.73,1.92,11700.0,278.0,8.42,20
2005,10,28,-56.61,23.68,0.0164,0.83,0.0136,7.36,1.81,24700.0,584.0,20.8,20
2005,10,29,-56.75,23.31,0.0,0.83,0.0,8.85,2.42,0.0,0.0,0.0,20
2005,10,29,-56.76,23.3,0.00327,0.83,0.00271,8.85,2.42,7910.0,187.0,5.2,20
2005,10,29,-56.77,23.28,0.00327,0.83,0.00271,8.85,2.42,7910.0,187.0,5.2,20
2005,10,30,-57.32,21.72,0.00791,0.83,0.00657,8.72,2.5,19400.0,460.0,15.6,20
2005,10,30,-57.72,20.7,0.00451,0.83,0.00374,8.3,2.56,10800.0,256.0,7.62,20
2005,10,31,-58.03,19.93,0.0,0.83,0.0,8.28,2.46,0.0,0.0,0.0,20
2005,10,31,-58.33,18.73,0.00763,0.83,0.00633,8.46,2.54,18500.0,437.0,14.6,20
2005,10,31,-58.63,17.81,0.0,0.83,0.0,8.64,2.64,0.0,0.0,0.0,20
2005,11,1,-59.05,16.68,0.00406,0.83,0.00337,9.09,2.25,9360.0,222.0,6.38,20
2005,11,1,-59.06,16.66,0.00179,0.83,0.00149,9.09,2.25,4130.0,97.7,2.35,20
2005,11,1,-59.07,16.64,0.00562,0.83,0.00466,9.09,2.25,13000.0,307.0,9.49,20
2005,11,2,-59.36,15.4,0.0,0.83,0.0,8.4,2.37,0.0,0.0,0.0,20
2005,11,2,-59.66,14.74,0.00824,0.83,0.00684,7.83,2.35,17100.0,404.0,13.3,20
2005,11,2,-59.76,14.37,0.0,0.83,0.0,7.83,2.35,0.0,0.0,0.0,20
2005,11,2,-59.76,14.36,0.0,0.83,0.0,7.83,2.35,0.0,0.0,0.0,20
2005,11,2,-59.76,14.35,0.00432,0.83,0.00359,7.83,2.35,8960.0,212.0,6.05,20
2005,11,3,-59.82,13.79,0.0043,0.83,0.00357,8.51,2.24,9240.0,219.0,6.28,20
2005,11,3,-59.86,13.37,0.0,0.83,0.0,8.51,2.24,0.0,0.0,0.0,20
2005,11,3,-59.86,13.35,0.0043,0.83,0.00357,8.51,2.24,9240.0,219.0,6.28,20
2005,11,3,-59.86,13.33,0.0,0.83,0.0,8.51,2.24,0.0,0.0,0.0,20
2005,11,3,-60.01,12.6,0.0,0.83,0.0,8.24,2.15,0.0,0.0,0.0,20
2005,11,4,-60.09,11.68,0.0,0.83,0.0,9.38,2.31,0.0,0.0,0.0,20
2005,11,5,-62.25,11.58,0.0,0.83,0.0,8.4,2.06,0.0,0.0,0.0,20
2005,11,10,-61.42,13.26,0.0,0.83,0.0,7.74,2.05,0.0,0.0,0.0,20
2005,11,11,-61.39,13.92,0.0,0.83,0.0,5.99,1.87,0.0,0.0,0.0,20
2005,11,13,-61.44,14.6,0.0,0.83,0.0,8.81,2.42,0.0,0.0,0.0,20
2005,11,17,-62.31,17.5,0.00268,0.83,0.00222,8.54,2.95,7600.0,180.0,4.95,20
2006,2,10,-80.13,24.24,0.00638,0.83,0.0053,5.15,0.803,2980.0,70.5,1.58,20
2006,2,11,-79.94,25.61,0.00316,0.83,0.00262,5.38,0.833,1600.0,37.8,0.738,20
2006,2,13,-76.0,27.53,0.018,0.83,0.0149,10.3,2.71,56800.0,1340.0,57.5,20
2006,2,14,-74.44,26.79,0.0123,0.83,0.0102,8.42,2.24,26200.0,619.0,22.4,20
2006,2,15,-73.02,26.13,0.0216,0.83,0.0179,7.96,1.92,37200.0,879.0,34.3,20
2006,2,15,-72.54,25.52,0.0454,0.83,0.0377,9.14,2.16,101000.0,2390.0,116.0,20
2006,2,16,-71.87,24.1,0.0089,0.83,0.00739,10.0,2.52,25400.0,602.0,21.6,20
2006,2,17,-71.29,23.16,0.0648,0.83,0.0538,8.76,2.54,162000.0,3840.0,207.0,20
2006,2,18,-69.46,21.62,0.00864,0.83,0.00717,5.84,2.13,12100.0,287.0,8.76,20
2006,2,20,-71.18,21.81,0.00432,0.83,0.00359,7.75,1.79,6750.0,160.0,4.28,20
2006,2,24,-74.0,19.05,0.0247,0.83,0.0205,4.71,1.39,18200.0,431.0,14.4,20
2006,2,25,-75.41,18.02,0.00617,0.83,0.00512,8.0,2.31,12900.0,304.0,9.4,20
2006,2,27,-79.04,17.37,0.0311,0.83,0.0258,6.57,2.07,47700.0,1130.0,46.5,20
2006,2,27,-79.51,17.2,0.0583,0.83,0.0484,6.57,2.07,89300.0,2110.0,100.0,20
2006,2,28,-80.34,17.09,0.0,0.83,0.0,5.17,1.71,0.0,0.0,0.0,20
2006,3,1,-83.7,16.75,0.0148,0.83,0.0123,7.25,1.21,14600.0,346.0,11.0,20
2006,3,2,-85.29,16.15,0.0,0.83,0.0,6.23,0.783,0.0,0.0,0.0,20
2006,3,8,-86.24,17.04,0.0463,0.83,0.0384,5.97,1.02,31800.0,752.0,28.3,20
2006,3,12,-83.94,24.32,0.0911,0.83,0.0756,8.29,1.82,155000.0,3670.0,196.0,20
2006,3,16,-81.95,24.29,0.0172,0.83,0.0143,8.08,0.912,14300.0,338.0,10.7,20
2006,3,26,-79.86,24.85,0.00216,0.83,0.00179,7.33,1.59,2830.0,67.0,1.49,20
2006,3,26,-79.83,24.88,0.00432,0.83,0.00359,7.33,1.59,5670.0,134.0,3.46,20
2006,3,26,-79.38,25.27,0.0151,0.83,0.0125,7.4,1.54,19400.0,459.0,15.5,20
2006,3,27,-79.85,25.39,0.0,0.83,0.0,7.05,1.5,0.0,0.0,0.0,20
2006,3,27,-79.82,25.41,0.0,0.83,0.0,7.05,1.5,0.0,0.0,0.0,20
2006,3,27,-79.93,26.05,0.0,0.83,0.0,6.8,1.59,0.0,0.0,0.0,20
2006,3,28,-79.64,26.51,0.00308,0.83,0.00256,6.9,1.52,3640.0,86.1,2.01,20
2006,3,28,-79.09,26.34,0.0072,0.83,0.00598,6.9,1.52,8500.0,201.0,5.68,20
2006,3,29,-77.8,25.94,0.00216,0.83,0.00179,7.18,1.96,3420.0,81.0,1.87,20
2006,3,29,-77.79,25.93,0.00216,0.83,0.00179,7.18,1.96,3420.0,81.0,1.87,20
2006,3,30,-76.73,25.91,0.00648,0.83,0.00538,7.5,1.98,10900.0,257.0,7.65,20
2006,3,31,-76.07,25.36,0.036,0.83,0.0299,8.01,1.85,60300.0,1430.0,61.9,20
2006,4,2,-74.48,22.86,0.0367,0.83,0.0305,6.65,2.01,55300.0,1310.0,55.7,20
2006,4,3,-73.86,20.81,0.00216,0.83,0.00179,8.08,2.03,3990.0,94.5,2.26,20
2006,4,3,-73.86,20.79,0.0173,0.83,0.0144,8.08,2.03,32000.0,757.0,28.6,20
2006,4,4,-75.37,18.73,0.0,0.83,0.0,4.96,1.58,0.0,0.0,0.0,20
2006,4,8,-76.38,18.4,0.0,0.83,0.0,6.62,0.0,0.0,0.0,0.0,20
2006,4,8,-81.95,24.29,0.013,0.83,0.0108,8.78,0.965,12400.0,294.0,9.01,20
2006,4,9,-76.23,18.43,0.0,0.83,0.0,6.19,0.0,0.0,0.0,0.0,20
2006,4,9,-76.12,18.38,0.00432,0.83,0.00359,6.19,0.0,4130.0,97.7,2.35,20
2006,4,9,-76.13,17.88,0.00432,0.83,0.00359,7.03,1.92,6570.0,156.0,4.15,20
2006,4,10,-76.75,17.27,0.0324,0.83,0.0269,5.22,1.54,29300.0,694.0,25.7,20
2006,4,11,-77.35,17.11,0.0108,0.83,0.00896,4.1,1.14,5710.0,135.0,3.49,20
2006,4,11,-77.03,17.11,0.0027,0.83,0.00224,4.1,1.14,1430.0,33.8,0.643,20
2006,4,11,-77.34,16.95,0.0475,0.83,0.0394,5.03,1.31,35200.0,833.0,32.1,20
2006,4,12,-77.91,16.73,0.00432,0.83,0.00359,5.1,1.11,2760.0,65.2,1.44,20
2006,4,12,-77.93,16.73,0.013,0.83,0.0108,5.1,1.11,8290.0,196.0,5.51,20
2006,4,12,-78.27,16.76,0.00216,0.83,0.00179,4.4,1.04,1120.0,26.5,0.478,20
2006,4,13,-79.33,16.67,0.0,0.83,0.0,6.08,1.23,0.0,0.0,0.0,20
2006,4,14,-81.41,16.64,0.0,0.83,0.0,6.75,1.14,0.0,0.0,0.0,20
2006,4,14,-81.39,16.63,0.0131,0.83,0.0109,6.75,1.14,11300.0,268.0,8.06,20
2006,4,14,-82.41,16.68,0.0196,0.83,0.0163,7.42,0.943,15500.0,366.0,11.8,20
2006,4,15,-83.38,16.42,0.0,0.83,0.0,7.15,1.36,0.0,0.0,0.0,20
2006,4,15,-83.37,16.41,0.0,0.83,0.0,7.15,1.36,0.0,0.0,0.0,20
2006,4,16,-84.74,16.38,0.0,0.83,0.0,4.17,0.659,0.0,0.0,0.0,20
2006,4,16,-84.75,16.39,0.0,0.83,0.0,4.17,0.659,0.0,0.0,0.0,20
2006,4,16,-85.55,16.18,0.0216,0.83,0.0179,4.38,0.582,6210.0,147.0,3.87,20
2006,4,26,-83.48,24.17,0.0031,0.83,0.00257,4.61,0.561,906.0,21.4,0.369,20
2006,4,28,-81.98,23.96,0.0,0.83,0.0,5.87,0.0,0.0,0.0,0.0,20
2006,5,7,-82.29,24.27,0.00216,0.83,0.00179,3.71,0.715,646.0,15.3,0.245,20
2006,5,14,-81.86,24.09,0.0,0.83,0.0,5.55,0.56,0.0,0.0,0.0,20
2006,6,3,-74.35,37.25,0.00864,0.83,0.00717,8.52,0.857,7120.0,168.0,4.57,20
2006,6,3,-73.79,37.56,0.0,0.83,0.0,7.17,1.28,0.0,0.0,0.0,20
2006,6,4,-73.12,37.97,0.0,0.83,0.0,5.92,0.934,0.0,0.0,0.0,20
2006,6,4,-72.59,38.38,0.0,0.83,0.0,6.83,1.3,0.0,0.0,0.0,20
2006,6,5,-73.45,39.0,0.00432,0.83,0.00359,4.15,0.619,1250.0,29.6,0.547,20
2006,6,21,-71.06,41.1,0.0247,0.83,0.0205,3.35,0.00547,51.0,1.21,0.0111,20
2006,6,22,-70.63,40.92,0.0475,0.83,0.0394,4.54,1.15,27900.0,660.0,24.2,20
2006,6,22,-70.42,40.69,0.0454,0.83,0.0377,4.54,1.15,26700.0,631.0,22.9,20
2006,6,25,-70.85,39.93,0.0,0.83,0.0,4.94,1.31,0.0,0.0,0.0,20
2006,7,5,-70.26,40.7,0.0,0.83,0.0,7.4,1.73,0.0,0.0,0.0,20
2006,7,5,-70.32,41.55,0.0,0.83,0.0,5.22,1.27,0.0,0.0,0.0,20
2006,7,6,-68.95,40.02,0.0,0.83,0.0,8.56,2.62,0.0,0.0,0.0,20
2006,7,7,-68.56,40.42,0.0,0.83,0.0,5.09,1.52,0.0,0.0,0.0,20
2006,7,7,-68.43,40.95,0.0,0.83,0.0,5.09,1.52,0.0,0.0,0.0,20
2006,7,7,-68.78,41.07,0.00648,0.83,0.00538,1.42,1.46,1510.0,35.8,0.692,20
2006,7,8,-69.26,41.84,0.0,0.83,0.0,1.79,0.694,0.0,0.0,0.0,20
2006,7,9,-69.81,42.19,0.0,0.83,0.0,6.83,0.392,0.0,0.0,0.0,20
2006,7,9,-70.3,42.74,0.0,0.83,0.0,4.99,0.0,0.0,0.0,0.0,20
2006,7,14,-69.85,43.03,0.00216,0.83,0.00179,4.56,0.466,517.0,12.2,0.186,20
2006,7,15,-69.17,42.69,0.0,0.83,0.0,4.82,0.242,0.0,0.0,0.0,20
2006,7,15,-69.3,42.83,0.00216,0.83,0.00179,4.82,0.242,284.0,6.72,0.0898,20
2006,7,16,-69.42,42.6,0.00926,0.83,0.00769,1.83,0.104,197.0,4.67,0.0576,20
2006,7,16,-69.66,42.56,0.00216,0.83,0.00179,1.83,0.104,46.1,1.09,0.00975,20
2006,7,17,-70.24,42.35,0.00589,0.83,0.00489,4.77,0.0,126.0,2.97,0.0332,20
2006,7,17,-70.32,42.41,0.0,0.83,0.0,4.77,0.0,0.0,0.0,0.0,20
2006,7,28,-70.34,40.82,0.0,0.83,0.0,9.28,1.56,0.0,0.0,0.0,20
2006,7,28,-70.31,40.71,0.00127,0.83,0.00105,9.28,1.56,2070.0,49.1,1.02,20
2006,7,29,-68.65,40.85,0.0,0.83,0.0,8.8,2.01,0.0,0.0,0.0,20
2006,7,29,-68.55,40.94,0.00216,0.83,0.00179,8.8,2.01,4320.0,102.0,2.48,20
2006,7,29,-69.48,42.17,0.0,0.83,0.0,6.25,0.467,0.0,0.0,0.0,20
2006,7,30,-69.4,42.37,0.0,0.83,0.0,4.24,0.264,0.0,0.0,0.0,20
2006,8,2,-70.98,41.29,0.0,0.83,0.0,6.6,0.547,0.0,0.0,0.0,20
2006,8,8,-70.63,41.06,0.00216,0.83,0.00179,6.2,0.431,651.0,15.4,0.247,20
2006,8,9,-70.49,40.94,0.0,0.83,0.0,3.91,0.567,0.0,0.0,0.0,20
2006,8,9,-70.08,40.76,0.00216,0.83,0.00179,3.91,0.567,540.0,12.8,0.197,20
2006,8,9,-69.0,41.01,0.0,0.83,0.0,2.72,0.547,0.0,0.0,0.0,20
2006,8,10,-69.39,41.71,0.0,0.83,0.0,3.98,0.282,0.0,0.0,0.0,20
2006,8,11,-70.01,42.38,0.0,0.83,0.0,5.52,0.0,0.0,0.0,0.0,20
2006,8,11,-69.99,42.44,0.0,0.83,0.0,8.03,0.578,0.0,0.0,0.0,20
2006,8,12,-70.4,42.41,0.0,0.83,0.0,5.33,0.0,0.0,0.0,0.0,20
2006,8,20,-70.27,42.08,0.00216,0.83,0.00179,7.63,0.0,1130.0,26.7,0.484,20
2006,9,1,-70.55,40.78,0.0,0.83,0.0,11.2,1.53,0.0,0.0,0.0,20
2006,9,1,-70.12,40.15,0.0,0.83,0.0,11.2,1.53,0.0,0.0,0.0,20
2006,9,4,-70.44,41.88,0.0,0.83,0.0,7.4,1.69,0.0,0.0,0.0,20
2006,9,4,-70.4,42.1,0.00432,0.83,0.00359,6.13,0.0,6090.0,144.0,3.78,20
2006,9,4,-69.65,42.93,0.0,0.83,0.0,7.33,0.462,0.0,0.0,0.0,20
2006,9,5,-69.34,43.2,0.0,0.83,0.0,3.75,0.597,0.0,0.0,0.0,20
2006,9,6,-68.68,43.46,0.0,0.83,0.0,2.12,0.436,0.0,0.0,0.0,20
2006,9,6,-68.43,43.75,0.0,0.83,0.0,2.12,0.436,0.0,0.0,0.0,20
2006,10,14,-70.84,40.34,0.00948,0.83,0.00787,6.73,1.21,8720.0,206.0,5.85,20
2006,10,15,-69.7,39.88,0.0,0.83,0.0,8.57,1.68,0.0,0.0,0.0,20
2006,10,15,-69.14,40.03,0.0,0.83,0.0,8.46,1.46,0.0,0.0,0.0,20
2006,10,16,-68.61,39.78,0.00216,0.83,0.00179,5.23,1.17,1490.0,35.2,0.678,20
2006,10,16,-68.21,39.64,0.0,0.83,0.0,5.23,1.17,0.0,0.0,0.0,20
2006,10,17,-66.63,39.44,0.00216,0.83,0.00179,5.49,1.13,1510.0,35.6,0.687,20
2006,10,17,-65.4,39.39,0.0259,0.83,0.0215,5.8,1.25,21200.0,502.0,17.3,20
2006,10,18,-64.56,39.86,0.0,0.83,0.0,9.42,1.44,0.0,0.0,0.0,20
2006,10,18,-63.27,40.36,0.00518,0.83,0.0043,8.95,1.29,6730.0,159.0,4.27,20
2006,10,19,-60.4,38.55,0.0582,0.83,0.0483,12.8,2.16,182000.0,4320.0,239.0,20
2006,10,21,-58.15,35.89,0.00648,0.83,0.00538,11.0,2.34,18800.0,444.0,14.9,20
2006,10,22,-58.23,34.94,0.00216,0.83,0.00179,9.48,2.76,6370.0,151.0,3.99,20
2006,10,25,-59.45,29.79,0.041,0.83,0.034,8.96,2.31,95900.0,2270.0,109.0,20
2006,10,26,-59.3,28.63,0.0194,0.83,0.0161,8.17,3.53,63200.0,1500.0,65.6,20
2006,10,26,-59.09,27.6,0.00864,0.83,0.00717,6.91,3.24,21900.0,517.0,18.0,20
2006,10,27,-59.14,26.76,0.0672,0.83,0.0558,4.96,3.18,119000.0,2830.0,143.0,20
2006,10,27,-59.34,26.01,0.111,0.83,0.0921,4.96,3.18,197000.0,4670.0,263.0,20
2006,10,27,-59.5,25.49,0.0346,0.83,0.0287,5.05,3.02,59600.0,1410.0,61.0,20
2006,10,28,-59.53,23.84,0.0207,0.83,0.0172,6.21,2.6,37700.0,893.0,34.9,20
2006,10,29,-59.8,22.86,0.00864,0.83,0.00717,6.03,2.08,12200.0,290.0,8.85,20
2006,10,29,-60.0,21.96,0.285,0.83,0.237,7.09,2.21,503000.0,11900.0,824.0,20
2006,10,29,-60.14,21.32,0.0123,0.83,0.0102,7.47,2.19,22700.0,538.0,18.8,20
2006,10,30,-60.45,20.03,0.0,0.83,0.0,8.12,2.05,0.0,0.0,0.0,20
2006,10,30,-60.71,19.16,0.0036,0.83,0.00299,9.06,2.22,8180.0,193.0,5.41,20
2006,10,31,-61.15,18.13,0.00216,0.83,0.00179,8.47,2.07,4270.0,101.0,2.45,20
2006,11,6,-60.69,16.11,0.0216,0.83,0.0179,8.29,1.96,39600.0,938.0,37.1,20
2006,11,7,-60.42,15.4,0.00648,0.83,0.00538,9.05,2.23,14800.0,349.0,11.1,20
2006,11,7,-60.27,14.62,0.0,0.83,0.0,9.79,2.09,0.0,0.0,0.0,20
2006,11,8,-59.89,13.75,0.0,0.83,0.0,7.99,2.07,0.0,0.0,0.0,20
2006,11,8,-60.34,12.72,0.0,0.83,0.0,6.98,1.96,0.0,0.0,0.0,20
2006,11,9,-60.14,11.28,0.0024,0.83,0.00199,6.81,1.84,3390.0,80.3,1.85,20
2006,11,14,-61.73,14.24,0.0135,0.83,0.0112,5.62,1.42,12100.0,287.0,8.76,20
2006,11,14,-62.06,14.96,0.0,0.83,0.0,4.8,1.44,0.0,0.0,0.0,20
2006,11,27,-63.18,17.91,0.00864,0.83,0.00717,3.39,1.68,5550.0,131.0,3.37,20
2006,11,29,-62.99,17.83,0.013,0.83,0.0108,10.2,1.85,27600.0,653.0,23.9,20
2006,11,30,-62.73,17.6,0.0081,0.83,0.00672,11.8,3.44,37200.0,881.0,34.4,20
2006,11,30,-62.71,17.6,0.0,0.83,0.0,11.8,3.44,0.0,0.0,0.0,20
2006,12,5,-62.61,17.0,0.00216,0.83,0.00179,9.53,3.26,7580.0,179.0,4.93,20
2006,12,6,-65.25,17.0,0.0108,0.83,0.00896,8.06,2.57,25200.0,597.0,21.4,20
2006,12,7,-66.73,17.4,0.0,0.83,0.0,9.24,2.14,0.0,0.0,0.0,20
2006,12,7,-66.73,17.38,0.0024,0.83,0.00199,9.24,2.14,5360.0,127.0,3.23,20
2006,12,7,-67.54,18.07,0.00432,0.83,0.00359,7.44,1.13,4080.0,96.6,2.32,20
2006,12,8,-67.76,18.7,0.00173,0.83,0.00144,8.32,1.17,1900.0,44.9,0.91,20
2006,12,8,-68.49,19.18,0.0151,0.83,0.0125,6.25,1.7,18100.0,429.0,14.3,20
2006,12,9,-68.92,19.35,0.0018,0.83,0.00149,5.68,1.59,1830.0,43.2,0.869,20
2006,12,12,-69.09,19.18,0.0108,0.83,0.00896,7.09,0.0,11000.0,259.0,7.74,20
2006,12,13,-69.48,19.77,0.00216,0.83,0.00179,5.26,0.0,2190.0,51.9,1.09,20
2006,12,13,-69.95,20.12,0.0151,0.83,0.0125,6.85,2.29,26700.0,631.0,22.9,20
2006,12,13,-70.57,20.63,0.00196,0.83,0.00163,5.76,2.25,2870.0,67.9,1.51,20
2006,12,14,-70.46,20.27,0.0,0.83,0.0,7.41,2.65,0.0,0.0,0.0,20
2006,12,15,-72.23,20.4,0.054,0.83,0.0448,4.95,2.63,79200.0,1870.0,86.4,20
2006,12,15,-72.4,20.07,0.0018,0.83,0.00149,4.95,2.63,2640.0,62.5,1.36,20
2006,12,16,-73.0,19.98,0.0108,0.83,0.00896,0.0,1.18,15800.0,375.0,12.1,20
2006,12,16,-73.58,19.95,0.0,0.83,0.0,5.37,1.64,0.0,0.0,0.0,20
2006,12,17,-74.63,19.31,0.0189,0.83,0.0157,7.4,1.67,26400.0,625.0,22.6,20
2006,12,18,-75.24,18.57,0.00216,0.83,0.00179,3.9,1.57,1490.0,35.3,0.68,20
2006,12,18,-75.82,18.48,0.0,0.83,0.0,3.9,1.57,0.0,0.0,0.0,20
2006,12,25,-80.55,19.28,0.0,0.83,0.0,6.54,1.83,0.0,0.0,0.0,20
2007,1,1,-81.92,24.2,0.0401,0.83,0.0333,6.75,1.22,37400.0,884.0,34.6,20
2007,1,31,-82.39,24.36,0.00864,0.83,0.00717,7.56,0.693,5100.0,121.0,3.05,20
2007,1,31,-83.21,24.39,0.013,0.83,0.0108,5.32,0.915,7130.0,169.0,4.58,20
2007,1,31,-84.35,24.64,0.0349,0.83,0.029,5.66,0.764,17000.0,403.0,13.2,20
2007,2,1,-85.12,24.94,0.0,0.83,0.0,10.7,1.22,0.0,0.0,0.0,20
2007,2,2,-84.15,25.08,0.0,0.83,0.0,7.68,1.11,0.0,0.0,0.0,20
2007,2,2,-84.57,25.3,0.0,0.83,0.0,7.68,1.11,0.0,0.0,0.0,20
2007,2,3,-83.88,25.11,0.00432,0.83,0.00359,9.34,1.02,4650.0,110.0,2.72,20
2007,2,3,-83.89,25.07,0.0018,0.83,0.00149,9.34,1.02,1940.0,45.9,0.935,20
2007,2,4,-83.67,24.83,0.0,0.83,0.0,10.1,1.66,0.0,0.0,0.0,20
2007,2,14,-81.67,24.37,0.0,0.83,0.0,6.4,0.744,0.0,0.0,0.0,20
2007,2,15,-81.14,24.33,0.0126,0.83,0.0105,4.79,0.675,4590.0,109.0,2.68,20
2007,2,15,-80.45,24.59,0.0,0.83,0.0,3.84,0.641,0.0,0.0,0.0,20
2007,2,16,-79.95,25.12,0.0018,0.83,0.00149,8.91,1.31,2380.0,56.2,1.2,20
2007,2,16,-79.64,25.89,0.0,0.83,0.0,8.91,1.31,0.0,0.0,0.0,20
2007,2,17,-78.04,26.16,0.0,0.83,0.0,5.38,1.39,0.0,0.0,0.0,20
2007,2,17,-77.63,25.98,0.045,0.83,0.0373,5.42,1.3,35700.0,844.0,32.6,20
2007,2,18,-76.98,25.63,0.0216,0.83,0.0179,11.2,1.81,49300.0,1170.0,48.4,20
2007,2,20,-71.56,25.31,0.0,0.83,0.0,6.04,2.75,0.0,0.0,0.0,20
2007,2,20,-71.25,24.62,0.0,0.83,0.0,6.15,2.71,0.0,0.0,0.0,20
2007,2,21,-70.92,23.79,0.0243,0.83,0.0202,7.34,2.05,41200.0,976.0,39.0,20
2007,2,21,-70.46,22.91,0.00576,0.83,0.00478,6.68,2.26,9790.0,232.0,6.74,20
2007,2,22,-70.23,22.18,0.0,0.83,0.0,3.63,1.45,0.0,0.0,0.0,20
2007,2,22,-69.53,21.54,0.036,0.83,0.0299,5.3,1.71,36800.0,871.0,33.9,20
2007,2,22,-69.39,21.03,0.0054,0.83,0.00448,5.3,1.71,5520.0,131.0,3.35,20
2007,2,23,-69.09,20.55,0.0072,0.83,0.00598,6.62,1.34,7170.0,170.0,4.61,20
2007,3,2,-69.18,20.03,0.0,0.83,0.0,8.24,1.48,0.0,0.0,0.0,20
2007,3,3,-70.09,20.11,0.0,0.83,0.0,10.0,1.89,0.0,0.0,0.0,20
2007,3,4,-70.06,20.67,0.0072,0.83,0.00598,9.05,1.93,14200.0,336.0,10.6,20
2007,3,5,-71.01,20.33,0.0,0.83,0.0,8.52,1.8,0.0,0.0,0.0,20
2007,3,6,-72.41,20.73,0.0,0.83,0.0,8.0,1.9,0.0,0.0,0.0,20
2007,3,6,-73.42,20.61,0.0118,0.83,0.00979,9.05,1.85,22300.0,528.0,18.4,20
2007,3,8,-75.12,18.68,0.0,0.83,0.0,7.1,2.28,0.0,0.0,0.0,20
2007,3,8,-75.56,18.7,0.173,0.83,0.144,7.1,2.28,316000.0,7470.0,467.0,20
2007,3,8,-75.96,18.92,0.0216,0.83,0.0179,7.1,2.28,39400.0,933.0,36.9,20
2007,3,13,-77.39,18.74,0.0,0.83,0.0,0.0,1.62,0.0,0.0,0.0,20
2007,3,13,-79.4,18.86,0.0,0.83,0.0,8.98,1.32,0.0,0.0,0.0,20
2007,3,15,-81.06,19.77,0.0,0.83,0.0,5.4,1.58,0.0,0.0,0.0,20
2007,3,15,-81.3,19.98,0.0,0.83,0.0,5.4,1.58,0.0,0.0,0.0,20
2007,3,16,-81.79,20.17,0.00216,0.83,0.00179,4.17,1.23,1240.0,29.4,0.544,20
2007,3,30,-80.23,24.44,0.0,0.83,0.0,10.0,1.7,0.0,0.0,0.0,20
2007,3,31,-79.98,25.31,0.0,0.83,0.0,8.69,1.87,0.0,0.0,0.0,20
2007,4,2,-79.3,26.92,0.0123,0.83,0.0102,6.17,1.23,10500.0,248.0,7.34,20
2007,4,2,-79.4,27.48,0.00648,0.83,0.00538,5.86,1.08,4600.0,109.0,2.69,20
2007,4,2,-78.56,27.82,0.0396,0.83,0.0329,5.35,0.939,22400.0,531.0,18.5,20
2007,4,3,-77.98,28.03,0.0799,0.83,0.0663,2.07,0.614,11500.0,271.0,8.16,20
2007,4,4,-77.39,28.5,0.00216,0.83,0.00179,4.12,0.51,511.0,12.1,0.184,20
2007,4,4,-75.97,28.59,0.0259,0.83,0.0215,3.99,0.596,6940.0,164.0,4.43,20
2007,4,5,-74.91,29.04,0.0275,0.83,0.0228,9.14,1.21,34200.0,810.0,31.1,20
2007,4,5,-73.94,29.51,0.0,0.83,0.0,8.7,1.21,0.0,0.0,0.0,20
2007,4,6,-72.98,29.66,0.0185,0.83,0.0154,8.0,1.63,27200.0,644.0,23.5,20
2007,4,8,-69.03,31.64,0.0047,0.83,0.0039,9.52,2.8,14100.0,334.0,10.5,20
2007,4,8,-68.14,32.04,0.00216,0.83,0.00179,9.11,2.87,6370.0,151.0,3.99,20
2007,4,9,-67.08,32.5,0.0259,0.83,0.0215,7.74,2.51,56700.0,1340.0,57.5,20
2007,4,9,-66.42,32.34,0.00216,0.83,0.00179,6.77,2.62,4310.0,102.0,2.48,20
2007,4,10,-65.56,32.28,0.0,0.83,0.0,9.2,2.42,0.0,0.0,0.0,20
2007,4,10,-64.49,32.86,0.0047,0.83,0.0039,9.13,2.45,11900.0,281.0,8.52,20
2007,4,17,-60.48,26.74,0.0268,0.83,0.0222,9.26,1.71,47900.0,1130.0,46.7,20
2007,4,18,-60.2,25.84,0.0711,0.83,0.059,8.3,3.35,223000.0,5280.0,306.0,20
2007,4,19,-59.86,24.82,0.454,0.83,0.377,5.99,3.13,961000.0,22800.0,1820.0,20
2007,4,19,-59.51,24.3,0.076,0.83,0.0631,5.99,3.13,161000.0,3810.0,205.0,20
2007,4,19,-58.89,23.87,0.0601,0.83,0.0499,5.2,2.97,105000.0,2480.0,121.0,20
2007,4,21,-58.71,22.34,0.0347,0.83,0.0288,4.92,2.26,43500.0,1030.0,41.6,20
2007,4,21,-59.11,21.78,0.0079,0.83,0.00656,7.78,2.27,15700.0,372.0,12.0,20
2007,4,22,-59.65,20.15,0.00432,0.83,0.00359,5.75,1.87,5230.0,124.0,3.14,20
2007,4,23,-60.37,18.84,0.0061,0.83,0.00506,4.42,1.61,4880.0,115.0,2.88,20
2007,4,24,-61.23,17.54,0.0087,0.83,0.00722,4.78,1.59,7460.0,177.0,4.84,20
2007,4,27,-62.09,16.75,0.0,0.83,0.0,6.52,2.11,0.0,0.0,0.0,20
2007,4,28,-62.3,16.74,0.0,0.83,0.0,8.04,2.25,0.0,0.0,0.0,20
2007,5,12,-64.96,18.68,0.00306,0.83,0.00254,7.8,1.57,4220.0,99.8,2.41,20
2007,5,12,-64.96,18.66,0.0,0.83,0.0,7.8,1.57,0.0,0.0,0.0,20
2007,5,12,-64.95,19.43,0.0,0.83,0.0,6.93,1.62,0.0,0.0,0.0,20
2007,5,13,-64.97,20.28,0.00702,0.83,0.00583,6.01,1.41,6690.0,158.0,4.24,20
2007,5,13,-64.99,20.27,0.0173,0.83,0.0144,6.01,1.41,16500.0,390.0,12.7,20
2007,5,13,-65.07,20.68,0.079,0.83,0.0656,5.59,1.39,69400.0,1640.0,73.5,20
2007,5,14,-64.95,21.28,0.066,0.83,0.0548,4.94,1.28,47000.0,1110.0,45.7,20
2007,5,14,-64.82,21.65,0.0381,0.83,0.0316,4.94,1.28,27100.0,642.0,23.4,20
2007,5,15,-64.77,22.29,0.251,0.83,0.208,7.02,1.19,236000.0,5580.0,327.0,20
2007,5,15,-64.77,22.31,0.213,0.83,0.177,7.02,1.19,200000.0,4730.0,268.0,20
2007,5,15,-64.9,23.35,0.0161,0.83,0.0134,7.26,1.37,18000.0,426.0,14.2,20
2007,5,16,-65.59,25.27,0.0615,0.83,0.051,9.2,2.42,154000.0,3650.0,195.0,20
2007,5,17,-65.68,25.67,0.00468,0.83,0.00388,10.5,2.37,13200.0,312.0,9.71,20
2007,5,17,-65.7,25.65,0.00639,0.83,0.0053,10.5,2.37,18000.0,426.0,14.2,20
2007,5,18,-65.67,26.76,0.00786,0.83,0.00652,10.7,2.24,21200.0,502.0,17.3,20
2007,5,18,-65.34,28.06,0.0081,0.83,0.00672,11.0,2.16,21700.0,514.0,17.8,20
2007,5,18,-65.08,29.14,0.0405,0.83,0.0336,11.3,2.1,108000.0,2570.0,127.0,20
2007,5,19,-65.1,29.13,0.0117,0.83,0.00971,7.52,2.02,20100.0,475.0,16.2,20
2007,5,19,-64.86,30.52,1.3,0.83,1.08,7.73,1.87,2120000.0,50100.0,4760.0,20
2007,5,25,-65.8,33.43,0.265,0.83,0.22,6.22,2.21,410000.0,9700.0,642.0,20
2007,5,26,-65.32,34.05,0.0,0.83,0.0,7.65,1.89,0.0,0.0,0.0,20
2007,5,26,-65.31,34.08,0.00995,0.83,0.00826,7.65,1.89,16200.0,384.0,12.5,20
2007,5,26,-65.0,34.83,0.0498,0.83,0.0413,8.27,1.95,90400.0,2140.0,101.0,20
2007,5,27,-64.65,35.5,0.0233,0.83,0.0193,4.18,1.47,16100.0,382.0,12.4,20
2007,5,27,-64.64,35.51,0.0168,0.83,0.0139,4.18,1.47,11600.0,275.0,8.32,20
2007,5,27,-64.37,35.73,0.00856,0.83,0.0071,4.18,1.47,5930.0,140.0,3.65,20
2007,5,28,-64.07,36.23,0.0,0.83,0.0,2.26,0.946,0.0,0.0,0.0,20
2007,5,28,-64.07,36.25,0.0,0.83,0.0,2.26,0.946,0.0,0.0,0.0,20
2007,5,28,-63.57,37.45,0.0757,0.83,0.0628,3.28,0.963,26900.0,637.0,23.2,20
2007,5,29,-64.4,38.5,0.252,0.83,0.209,8.55,1.27,309000.0,7310.0,455.0,20
2007,5,30,-63.52,39.06,0.0156,0.83,0.0129,6.86,1.35,16300.0,385.0,12.5,20
2007,5,30,-63.5,39.05,0.00366,0.83,0.00304,6.86,1.35,3820.0,90.3,2.14,20
2007,5,30,-63.65,39.18,0.0373,0.83,0.031,6.86,1.35,38900.0,920.0,36.3,20
2007,5,31,-64.64,39.38,0.0235,0.83,0.0195,4.4,0.937,10900.0,259.0,7.71,20
2007,6,1,-63.63,41.64,0.00322,0.83,0.00267,6.63,1.04,2510.0,59.4,1.28,20
2007,6,1,-63.64,41.63,0.0,0.83,0.0,6.63,1.04,0.0,0.0,0.0,20
2007,6,1,-63.82,42.36,0.251,0.83,0.208,4.78,0.694,94000.0,2220.0,106.0,20
2007,6,2,-63.94,42.94,0.0131,0.83,0.0109,2.58,1.04,3970.0,93.9,2.24,20
2007,6,8,-64.3,43.34,0.00385,0.83,0.0032,0.996,0.97,420.0,9.93,0.144,20
2007,6,8,-64.72,43.02,0.00406,0.83,0.00337,0.996,0.97,442.0,10.5,0.154,20
2007,6,23,-70.76,41.46,0.00843,0.83,0.007,6.96,0.543,3600.0,85.1,1.99,20
2007,6,26,-71.12,39.84,0.0,0.83,0.0,4.02,0.462,0.0,0.0,0.0,20
2007,7,7,-70.08,40.71,0.00432,0.83,0.00359,4.2,1.33,2710.0,64.2,1.41,20
2007,7,7,-69.65,40.71,0.00648,0.83,0.00538,4.66,1.46,4960.0,117.0,2.94,20
2007,7,8,-69.18,41.35,0.0,0.83,0.0,6.12,0.916,0.0,0.0,0.0,20
2007,7,8,-69.48,42.05,0.00648,0.83,0.00538,4.14,0.271,819.0,19.4,0.327,20
2007,7,9,-70.15,42.41,0.0,0.83,0.0,5.95,0.0,0.0,0.0,0.0,20
2007,7,9,-70.4,42.38,0.00216,0.83,0.00179,5.95,0.0,273.0,6.46,0.0855,20
2007,7,10,-69.99,42.93,0.0,0.83,0.0,2.1,0.115,0.0,0.0,0.0,20
2007,7,17,-69.61,42.85,0.0,0.83,0.0,1.89,0.162,0.0,0.0,0.0,20
2007,7,17,-69.31,42.86,0.0151,0.83,0.0125,1.89,0.162,519.0,12.3,0.187,20
2007,7,18,-68.56,42.4,0.00648,0.83,0.00538,1.61,1.04,1230.0,29.1,0.537,20
2007,7,18,-68.32,42.31,0.0,0.83,0.0,1.61,1.04,0.0,0.0,0.0,20
2007,7,19,-69.44,42.04,0.0027,0.83,0.00224,2.73,0.136,113.0,2.68,0.0293,20
2007,7,19,-70.19,42.21,0.0,0.83,0.0,4.64,0.0,0.0,0.0,0.0,20
2007,7,29,-70.54,41.04,0.0,0.83,0.0,1.24,0.53,0.0,0.0,0.0,20
2007,7,29,-70.52,40.74,0.0,0.83,0.0,2.45,0.679,0.0,0.0,0.0,20
2007,7,30,-69.35,41.5,0.00216,0.83,0.00179,1.49,0.912,330.0,7.81,0.108,20
2007,7,30,-69.35,41.88,0.00166,0.83,0.00138,1.49,0.912,254.0,6.01,0.0782,20
2007,7,31,-69.37,42.23,0.0,0.83,0.0,1.99,0.139,0.0,0.0,0.0,20
2007,7,31,-69.35,41.49,0.00463,0.83,0.00384,0.971,0.786,399.0,9.43,0.136,20
2007,7,31,-69.68,42.54,0.0291,0.83,0.0242,1.99,0.139,912.0,21.6,0.372,20
2007,8,1,-70.51,42.53,0.0,0.83,0.0,2.54,0.0,0.0,0.0,0.0,20
2007,8,10,-71.02,41.04,0.00648,0.83,0.00538,9.79,0.00342,24.4,0.578,0.0045,20
2007,8,10,-70.57,40.74,0.00432,0.83,0.00359,7.34,0.946,3380.0,80.0,1.84,20
2007,8,12,-70.97,40.35,0.00432,0.83,0.00359,4.31,0.726,1520.0,36.1,0.697,20
2007,8,12,-70.83,40.26,0.0108,0.83,0.00896,4.31,0.726,3810.0,90.2,2.13,20
2007,8,13,-70.86,40.71,0.00864,0.83,0.00717,4.54,0.53,2350.0,55.5,1.18,20
2007,9,1,-68.81,43.2,0.0064,0.83,0.00531,6.31,1.13,5150.0,122.0,3.08,20
2007,9,1,-67.39,42.86,0.00982,0.83,0.00815,7.99,1.33,11800.0,279.0,8.45,20
2007,9,2,-66.21,42.41,0.0,0.83,0.0,4.62,0.849,0.0,0.0,0.0,20
2007,9,2,-65.97,42.15,0.00216,0.83,0.00179,6.25,0.991,1510.0,35.7,0.688,20
2007,9,3,-65.09,41.95,0.0,0.83,0.0,4.24,0.707,0.0,0.0,0.0,20
2007,9,3,-64.61,41.96,0.004,0.83,0.00332,5.78,0.864,2250.0,53.3,1.12,20
2007,9,4,-65.67,42.51,0.0,0.83,0.0,8.75,1.53,0.0,0.0,0.0,20
2007,9,4,-66.0,43.04,0.0,0.83,0.0,8.01,1.42,0.0,0.0,0.0,20
2007,9,5,-66.53,43.36,0.0,0.83,0.0,2.39,0.72,0.0,0.0,0.0,20
2007,9,5,-67.7,43.68,0.0,0.83,0.0,4.32,0.588,0.0,0.0,0.0,20
2007,9,6,-67.98,43.98,0.0,0.83,0.0,1.97,0.374,0.0,0.0,0.0,20
2007,10,13,-68.83,40.2,0.00216,0.83,0.00179,9.04,2.12,4670.0,111.0,2.73,20
2007,10,14,-68.28,39.48,0.00136,0.83,0.00113,8.18,1.59,2000.0,47.2,0.969,20
2007,10,14,-67.7,38.89,0.0,0.83,0.0,7.47,1.63,0.0,0.0,0.0,20
2007,10,15,-66.8,38.02,0.0,0.83,0.0,9.31,2.03,0.0,0.0,0.0,20
2007,10,15,-65.6,37.18,0.0146,0.83,0.0121,9.69,2.05,32600.0,772.0,29.3,20
2007,10,16,-64.82,36.32,0.0166,0.83,0.0138,10.1,2.78,52700.0,1250.0,52.5,20
2007,10,16,-64.8,36.31,0.0349,0.83,0.029,10.1,2.78,111000.0,2620.0,130.0,20
2007,10,16,-64.13,35.53,0.0173,0.83,0.0144,10.0,2.51,49100.0,1160.0,48.2,20
2007,10,17,-63.53,34.62,0.0,0.83,0.0,7.21,2.55,0.0,0.0,0.0,20
2007,10,17,-63.52,34.61,0.0,0.83,0.0,7.21,2.55,0.0,0.0,0.0,20
2007,10,17,-63.06,33.94,0.0623,0.83,0.0517,7.41,2.44,127000.0,3000.0,154.0,20
2007,10,17,-62.51,33.25,0.0464,0.83,0.0385,8.08,2.6,110000.0,2600.0,129.0,20
2007,10,18,-62.5,33.22,0.0242,0.83,0.0201,3.23,1.83,16100.0,381.0,12.4,20
2007,10,18,-61.82,32.18,0.238,0.83,0.198,3.23,2.02,175000.0,4140.0,227.0,20
2007,10,19,-61.07,31.13,0.073,0.83,0.0606,2.5,1.49,30800.0,728.0,27.3,20
2007,10,19,-61.05,31.11,0.048,0.83,0.0398,2.5,1.49,20200.0,479.0,16.3,20
2007,10,19,-60.46,30.13,0.306,0.83,0.254,3.26,1.62,182000.0,4310.0,239.0,20
2007,10,19,-60.07,29.47,0.00216,0.83,0.00179,4.73,1.64,1890.0,44.8,0.907,20
2007,10,20,-60.07,29.45,0.00308,0.83,0.00256,5.96,1.39,2880.0,68.3,1.52,20
2007,10,20,-59.68,28.69,0.0345,0.83,0.0286,6.3,1.54,37800.0,894.0,35.0,20
2007,10,21,-59.48,28.06,0.0268,0.83,0.0222,5.69,1.59,27400.0,648.0,23.6,20
2007,10,21,-59.49,28.04,0.043,0.83,0.0357,5.69,1.59,43900.0,1040.0,42.1,20
2007,10,21,-59.28,27.52,0.14,0.83,0.116,6.34,1.74,174000.0,4130.0,226.0,20
2007,10,22,-58.81,26.77,0.0052,0.83,0.00432,9.45,1.94,10700.0,254.0,7.54,20
2007,10,22,-58.88,26.74,0.0173,0.83,0.0144,9.45,1.94,35700.0,845.0,32.7,20
2007,10,22,-58.6,26.17,0.00783,0.83,0.0065,9.45,1.94,16200.0,382.0,12.4,20
2007,10,22,-58.6,26.15,0.00716,0.83,0.00594,9.45,1.94,14800.0,350.0,11.1,20
2007,10,23,-58.23,25.28,0.00702,0.83,0.00583,10.4,2.06,17000.0,401.0,13.2,20
2007,10,24,-58.21,24.7,0.00352,0.83,0.00292,10.6,2.3,9680.0,229.0,6.65,20
2007,10,24,-58.22,24.69,0.0,0.83,0.0,10.6,2.3,0.0,0.0,0.0,20
2007,10,24,-58.14,24.18,0.00572,0.83,0.00475,10.6,2.3,15700.0,372.0,12.0,20
2007,10,25,-57.8,23.27,0.00505,0.83,0.00419,9.72,2.01,11100.0,263.0,7.89,20
2007,10,25,-57.81,23.24,0.0,0.83,0.0,9.72,2.01,0.0,0.0,0.0,20
2007,10,25,-57.89,22.54,0.0184,0.83,0.0153,9.31,2.0,38600.0,914.0,36.0,20
2007,10,26,-57.93,21.66,0.0,0.83,0.0,6.06,1.82,0.0,0.0,0.0,20
2007,10,26,-57.93,21.65,0.0,0.83,0.0,6.06,1.82,0.0,0.0,0.0,20
2007,10,26,-58.0,21.22,0.00432,0.83,0.00359,6.06,1.82,5360.0,127.0,3.23,20
2007,10,27,-58.14,20.82,0.00306,0.83,0.00254,5.69,1.91,3750.0,88.7,2.09,20
2007,10,27,-57.93,20.07,0.0036,0.83,0.00299,5.35,1.89,4110.0,97.2,2.34,20
2007,10,28,-57.91,19.5,0.0,0.83,0.0,4.35,1.66,0.0,0.0,0.0,20
2007,10,28,-57.91,19.49,0.00326,0.83,0.00271,4.35,1.66,2660.0,62.8,1.37,20
2007,10,28,-58.03,18.97,0.00698,0.83,0.00579,4.6,1.65,5960.0,141.0,3.68,20
2007,10,29,-58.23,18.29,0.0,0.83,0.0,8.29,1.9,0.0,0.0,0.0,20
2007,10,29,-58.25,18.28,0.00223,0.83,0.00185,8.29,1.9,3960.0,93.8,2.24,20
2007,10,29,-58.38,17.69,0.013,0.83,0.0108,8.81,1.93,24900.0,590.0,21.1,20
2007,10,30,-58.53,16.98,0.0,0.83,0.0,8.44,2.59,0.0,0.0,0.0,20
2007,10,30,-58.55,16.97,0.00309,0.83,0.00256,8.44,2.59,7610.0,180.0,4.96,20
2007,10,30,-58.47,16.13,0.00888,0.83,0.00737,8.44,2.59,21900.0,518.0,18.0,20
2007,10,30,-58.3,15.09,0.00806,0.83,0.00669,8.95,2.61,21200.0,503.0,17.4,20
2007,10,31,-58.31,15.07,0.0,0.83,0.0,9.5,2.62,0.0,0.0,0.0,20
2007,10,31,-58.19,14.1,0.0,0.83,0.0,9.46,2.68,0.0,0.0,0.0,20
2007,10,31,-58.05,13.22,0.0,0.83,0.0,9.58,2.69,0.0,0.0,0.0,20
2007,11,1,-58.05,13.21,0.0,0.83,0.0,9.05,2.5,0.0,0.0,0.0,20
2007,11,1,-57.9,12.57,0.0,0.83,0.0,7.87,2.37,0.0,0.0,0.0,20
2007,11,2,-57.85,11.85,0.0,0.83,0.0,6.48,1.91,0.0,0.0,0.0,20
2007,11,2,-57.87,11.83,0.0,0.83,0.0,6.48,1.91,0.0,0.0,0.0,20
2007,11,2,-57.91,11.03,0.0,0.83,0.0,6.48,1.91,0.0,0.0,0.0,20
2007,11,3,-58.42,10.64,0.00153,0.83,0.00127,6.14,1.61,1710.0,40.4,0.802,20
2007,11,3,-58.44,10.63,0.0,0.83,0.0,6.14,1.61,0.0,0.0,0.0,20
2007,11,10,-61.51,13.14,0.00486,0.83,0.00403,7.55,1.87,7720.0,183.0,5.05,20
2007,11,12,-61.31,16.42,0.0,0.83,0.0,7.1,1.73,0.0,0.0,0.0,20
2007,11,12,-62.65,17.76,0.00157,0.83,0.0013,6.41,1.57,1780.0,42.0,0.84,20
2007,11,14,-63.15,17.97,0.0,0.83,0.0,8.41,1.95,0.0,0.0,0.0,20
2007,11,15,-64.15,18.4,0.0,0.83,0.0,7.61,2.0,0.0,0.0,0.0,20
2007,11,26,-64.54,18.06,0.0,0.83,0.0,10.1,2.49,0.0,0.0,0.0,20
2007,11,26,-64.31,17.86,0.0,0.83,0.0,10.3,2.52,0.0,0.0,0.0,20
2007,11,27,-63.98,17.08,0.0,0.83,0.0,9.35,2.7,0.0,0.0,0.0,20
2007,11,27,-63.88,16.89,0.0,0.83,0.0,9.39,2.66,0.0,0.0,0.0,20
2007,11,28,-63.48,16.98,0.0,0.83,0.0,7.51,2.46,0.0,0.0,0.0,20
2007,11,29,-63.72,17.48,0.0,0.83,0.0,7.63,2.28,0.0,0.0,0.0,20
2007,11,29,-64.27,16.68,0.0,0.83,0.0,7.8,2.2,0.0,0.0,0.0,20
2007,11,29,-65.1,16.41,0.0,0.83,0.0,8.1,2.22,0.0,0.0,0.0,20
2007,11,30,-65.93,16.2,0.0,0.83,0.0,6.93,2.25,0.0,0.0,0.0,20
2007,12,1,-66.98,16.05,0.0,0.83,0.0,8.35,2.07,0.0,0.0,0.0,20
2007,12,2,-68.76,15.8,0.0,0.83,0.0,7.78,2.01,0.0,0.0,0.0,20
2007,12,2,-69.58,15.89,0.00556,0.83,0.00461,8.81,2.17,12000.0,283.0,8.61,20
2007,12,3,-70.9,16.33,0.0,0.83,0.0,9.75,2.07,0.0,0.0,0.0,20
2007,12,3,-71.58,16.3,0.00329,0.83,0.00273,10.5,2.29,8940.0,212.0,6.04,20
2007,12,4,-72.8,16.58,0.0234,0.83,0.0194,4.55,1.42,17100.0,404.0,13.3,20
2007,12,5,-74.92,16.81,0.184,0.83,0.153,1.66,1.31,44900.0,1060.0,43.2,20
2007,12,5,-75.54,16.92,0.0,0.83,0.0,1.73,1.29,0.0,0.0,0.0,20
2007,12,6,-76.08,17.06,0.0,0.83,0.0,5.31,0.816,0.0,0.0,0.0,20
2007,12,8,-76.87,17.2,0.104,0.83,0.0863,9.75,1.92,219000.0,5190.0,299.0,20
2007,12,8,-77.6,17.22,0.00948,0.83,0.00787,9.16,2.08,20400.0,483.0,16.5,20
2007,12,8,-79.32,17.47,0.00174,0.83,0.00144,6.9,1.9,2580.0,61.0,1.32,20
2007,12,9,-79.08,17.26,0.0,0.83,0.0,8.35,2.41,0.0,0.0,0.0,20
2007,12,9,-79.76,17.54,0.0104,0.83,0.00863,8.35,2.41,23600.0,558.0,19.7,20
2007,12,10,-80.64,17.68,0.00924,0.83,0.00767,8.34,2.56,22200.0,526.0,18.4,20
2007,12,11,-82.47,18.34,0.0,0.83,0.0,10.4,2.59,0.0,0.0,0.0,20
2007,12,11,-83.39,18.58,0.0047,0.83,0.0039,9.93,2.66,14000.0,331.0,10.4,20
2007,12,12,-83.68,18.05,0.0,0.83,0.0,10.3,2.67,0.0,0.0,0.0,20
2007,12,13,-84.32,17.21,0.01,0.83,0.0083,7.88,2.5,22200.0,525.0,18.3,20
2007,12,13,-85.41,16.67,0.0114,0.83,0.00946,6.23,1.17,9380.0,222.0,6.4,20
2007,12,14,-86.26,16.39,0.00736,0.83,0.00611,7.95,1.05,6930.0,164.0,4.42,20
2007,12,19,-85.68,16.74,0.00207,0.83,0.00172,6.7,0.746,1170.0,27.6,0.503,20
2007,12,19,-84.7,17.55,0.0,0.83,0.0,5.0,2.06,0.0,0.0,0.0,20
2007,12,19,-84.9,18.8,0.00808,0.83,0.00671,4.92,2.35,10500.0,249.0,7.37,20
2007,12,23,-82.47,24.1,0.0733,0.83,0.0608,3.65,0.684,20600.0,488.0,16.7,20
2007,12,23,-81.93,24.2,0.00106,0.83,0.00088,3.53,0.619,261.0,6.18,0.0811,20
2007,12,25,-81.85,24.26,0.00188,0.83,0.00156,5.0,0.915,970.0,23.0,0.402,20
2007,12,27,-83.85,24.45,0.0,0.83,0.0,4.07,0.608,0.0,0.0,0.0,20
2007,12,27,-83.69,24.13,0.00186,0.83,0.00154,4.07,0.608,518.0,12.3,0.187,20
2007,12,28,-83.17,24.56,0.0,0.83,0.0,6.52,1.11,0.0,0.0,0.0,20
2007,12,29,-82.84,24.02,0.0,0.83,0.0,7.52,1.27,0.0,0.0,0.0,20
2007,12,30,-82.23,24.22,0.0,0.83,0.0,7.3,1.23,0.0,0.0,0.0,20
2008,1,30,-82.92,24.38,0.00178,0.83,0.00148,2.85,0.505,289.0,6.83,0.0916,20
2008,1,30,-83.54,24.37,0.0,0.83,0.0,6.22,0.505,0.0,0.0,0.0,20
2008,1,31,-83.91,24.45,0.00428,0.83,0.00355,9.37,0.743,3360.0,79.5,1.83,20
2008,1,31,-84.31,24.51,0.0,0.83,0.0,8.0,1.33,0.0,0.0,0.0,20
2008,2,1,-84.74,24.9,0.0,0.83,0.0,6.68,1.08,0.0,0.0,0.0,20
2008,2,1,-84.56,25.26,0.0143,0.83,0.0119,7.03,0.946,10700.0,253.0,7.52,20
2008,2,2,-83.96,25.18,0.0,0.83,0.0,5.91,0.539,0.0,0.0,0.0,20
2008,2,2,-83.73,25.14,0.0,0.83,0.0,5.91,0.539,0.0,0.0,0.0,20
2008,2,3,-83.34,24.59,0.0135,0.83,0.0112,7.45,0.818,9280.0,220.0,6.31,20
2008,2,3,-83.23,24.59,0.00518,0.83,0.0043,7.45,0.818,3560.0,84.3,1.96,20
2008,2,14,-81.81,24.52,0.00598,0.83,0.00496,7.81,1.48,7810.0,185.0,5.12,20
2008,2,16,-81.24,24.49,0.0103,0.83,0.00855,8.43,1.13,11000.0,261.0,7.78,20
2008,2,17,-80.41,24.85,0.0,0.83,0.0,7.88,1.09,0.0,0.0,0.0,20
2008,2,18,-79.96,27.66,0.0,0.83,0.0,10.1,1.67,0.0,0.0,0.0,20
2008,2,19,-79.74,28.38,0.0,0.83,0.0,7.56,1.49,0.0,0.0,0.0,20
2008,2,20,-79.3,28.52,0.00466,0.83,0.00387,5.42,1.24,3540.0,83.8,1.95,20
2008,2,21,-78.97,28.5,0.00773,0.83,0.00642,8.1,1.18,8320.0,197.0,5.53,20
2008,2,24,-76.27,27.76,0.0,0.83,0.0,6.28,1.22,0.0,0.0,0.0,20
2008,2,27,-76.54,25.64,0.0,0.83,0.0,8.47,1.29,0.0,0.0,0.0,20
2008,3,2,-73.25,23.24,0.0215,0.83,0.0178,5.78,1.97,27700.0,655.0,24.0,20
2008,3,2,-72.57,22.47,0.0,0.83,0.0,7.1,1.94,0.0,0.0,0.0,20
2008,3,3,-71.66,22.11,0.007,0.83,0.00581,9.12,1.99,14300.0,338.0,10.7,20
2008,3,4,-71.61,22.17,0.0,0.83,0.0,9.37,2.26,0.0,0.0,0.0,20
2008,3,4,-71.57,22.24,0.0,0.83,0.0,9.37,2.26,0.0,0.0,0.0,20
2008,3,4,-71.41,21.17,0.0022,0.83,0.00183,9.59,2.25,5350.0,127.0,3.23,20
2008,3,6,-71.08,20.69,0.00692,0.83,0.00574,11.5,2.1,18800.0,445.0,14.9,20
2008,3,29,-81.97,24.25,0.00216,0.83,0.00179,6.59,0.896,1440.0,34.0,0.649,20
2008,3,30,-79.31,26.17,0.00432,0.83,0.00359,5.85,1.27,3610.0,85.4,1.99,20
2008,3,31,-79.38,26.41,0.0,0.83,0.0,10.0,2.02,0.0,0.0,0.0,20
2008,4,1,-77.57,29.7,0.0,0.83,0.0,11.9,3.58,0.0,0.0,0.0,20
2008,4,2,-76.53,30.01,0.0,0.83,0.0,8.85,2.87,0.0,0.0,0.0,20
2008,4,2,-75.82,30.22,0.0848,0.83,0.0704,9.04,2.82,243000.0,5760.0,340.0,20
2008,4,3,-74.58,30.0,0.0,0.83,0.0,6.06,2.21,0.0,0.0,0.0,20
2008,4,3,-74.18,29.9,0.0,0.83,0.0,5.49,2.46,0.0,0.0,0.0,20
2008,4,4,-73.46,29.82,0.00864,0.83,0.00717,8.25,2.2,17700.0,419.0,13.9,20
2008,4,4,-72.42,29.87,0.335,0.83,0.278,8.49,2.09,672000.0,15900.0,1170.0,20
2008,4,6,-70.4,28.95,0.0263,0.83,0.0218,8.8,2.15,56200.0,1330.0,56.9,20
2008,4,6,-69.73,28.28,0.0461,0.83,0.0383,8.54,2.01,89100.0,2110.0,99.8,20
2008,4,7,-69.51,27.38,0.0027,0.83,0.00224,6.04,1.63,3000.0,70.9,1.59,20
2008,4,8,-68.78,25.17,0.0108,0.83,0.00896,5.68,1.52,10500.0,249.0,7.35,20
2008,4,8,-68.34,24.15,0.00853,0.83,0.00708,6.63,1.68,10700.0,253.0,7.52,20
2008,4,9,-67.82,23.22,0.0151,0.83,0.0125,6.4,1.37,14900.0,352.0,11.2,20
2008,4,10,-68.33,21.16,0.0166,0.83,0.0138,6.47,1.42,17200.0,408.0,13.4,20
2008,4,10,-68.52,20.24,0.0,0.83,0.0,6.58,1.41,0.0,0.0,0.0,20
2008,4,11,-68.91,19.25,0.0,0.83,0.0,6.77,1.36,0.0,0.0,0.0,20
2008,4,14,-70.07,20.18,0.00648,0.83,0.00538,7.95,1.93,11200.0,266.0,7.96,20
2008,4,15,-71.01,20.36,0.00154,0.83,0.00128,4.21,1.35,985.0,23.3,0.409,20
2008,4,16,-72.45,20.31,0.00838,0.83,0.00696,5.92,1.06,5940.0,141.0,3.66,20
2008,4,16,-73.52,20.05,0.00335,0.83,0.00278,2.04,1.15,886.0,21.0,0.36,20
2008,4,17,-74.55,19.04,0.00796,0.83,0.00661,12.1,1.79,19500.0,461.0,15.6,20
2008,4,17,-75.02,18.33,0.0048,0.83,0.00398,11.0,2.03,12100.0,285.0,8.69,20
2008,4,22,-77.46,18.55,0.00216,0.83,0.00179,0.0,0.484,5430.0,128.0,3.28,20
2008,4,23,-77.96,18.8,0.00463,0.83,0.00384,0.0,0.4,11600.0,275.0,8.32,20
2008,4,24,-78.46,18.96,0.036,0.83,0.0299,6.4,0.527,13700.0,324.0,10.2,20
2008,4,24,-79.22,19.09,0.0108,0.83,0.00896,4.84,0.756,4450.0,105.0,2.58,20
2008,4,25,-80.24,19.46,0.0,0.83,0.0,7.41,0.856,0.0,0.0,0.0,20
2008,4,25,-81.07,19.82,0.00802,0.83,0.00666,6.37,0.991,5710.0,135.0,3.49,20
2008,4,25,-81.81,19.93,0.0,0.83,0.0,6.37,0.991,0.0,0.0,0.0,20
2008,5,1,-81.92,24.04,0.0,0.83,0.0,10.4,1.47,0.0,0.0,0.0,20
2008,5,1,-81.91,24.02,0.0,0.83,0.0,10.4,1.47,0.0,0.0,0.0,20
2008,5,1,-82.1,24.2,0.00562,0.83,0.00466,10.1,1.74,11100.0,264.0,7.9,20
2008,5,1,-82.08,24.16,0.00216,0.83,0.00179,10.1,1.74,4280.0,101.0,2.46,20
2008,5,1,-82.07,24.01,0.00432,0.83,0.00359,10.1,1.74,8570.0,203.0,5.73,20
2008,5,1,-81.98,24.14,0.00864,0.83,0.00717,10.4,1.47,14900.0,353.0,11.3,20
2008,5,10,-79.83,25.71,0.0,0.83,0.0,3.12,0.643,0.0,0.0,0.0,20
2008,5,11,-79.7,27.21,0.0,0.83,0.0,6.3,0.912,0.0,0.0,0.0,20
2008,5,12,-78.95,30.45,0.18,0.83,0.149,12.8,2.61,678000.0,16100.0,1190.0,20
2008,5,21,-75.19,35.99,0.0027,0.83,0.00224,4.68,0.591,842.0,19.9,0.338,20
2008,5,21,-75.5,36.44,0.0,0.83,0.0,3.66,0.389,0.0,0.0,0.0,20
2008,6,3,-74.0,39.25,0.0,0.83,0.0,3.19,0.583,0.0,0.0,0.0,20
2008,6,11,-73.41,40.29,0.0,0.83,0.0,2.01,0.0453,0.0,0.0,0.0,20
2008,6,11,-72.69,40.0,0.0,0.83,0.0,3.23,0.352,0.0,0.0,0.0,20
2008,6,12,-71.94,39.57,0.0018,0.83,0.00149,5.39,0.427,467.0,11.0,0.164,20
2008,6,13,-71.21,39.28,0.00308,0.83,0.00256,2.05,0.481,343.0,8.11,0.113,20
2008,6,14,-70.47,39.6,0.0,0.83,0.0,2.72,0.346,0.0,0.0,0.0,20
2008,6,26,-70.71,40.69,0.0,0.83,0.0,4.78,0.972,0.0,0.0,0.0,20
2008,6,27,-71.05,39.97,0.0,0.83,0.0,6.69,1.52,0.0,0.0,0.0,20
2008,6,27,-71.21,40.04,0.0,0.83,0.0,3.79,1.11,0.0,0.0,0.0,20
2008,6,29,-70.52,39.17,0.0,0.83,0.0,8.79,2.39,0.0,0.0,0.0,20
2008,6,29,-70.6,38.97,0.0,0.83,0.0,11.8,2.61,0.0,0.0,0.0,20
2008,7,9,-69.98,40.73,0.00144,0.83,0.0012,7.31,1.53,1820.0,43.1,0.866,20
2008,7,9,-68.73,40.62,0.00313,0.83,0.0026,7.32,1.46,3780.0,89.4,2.11,20
2008,7,10,-69.13,41.45,0.0,0.83,0.0,5.34,1.2,0.0,0.0,0.0,20
2008,7,10,-69.16,41.59,0.0,0.83,0.0,5.34,1.2,0.0,0.0,0.0,20
2008,7,10,-69.29,42.27,0.0,0.83,0.0,4.07,0.408,0.0,0.0,0.0,20
2008,7,11,-69.25,42.47,0.0252,0.83,0.0209,0.531,0.133,201.0,4.75,0.0588,20
2008,7,12,-69.97,42.62,0.00279,0.83,0.00232,3.15,0.0894,88.6,2.1,0.0217,20
2008,7,19,-70.46,42.83,0.00308,0.83,0.00256,4.19,0.0,97.8,2.31,0.0244,20
2008,7,19,-69.59,42.72,0.0,0.83,0.0,5.89,0.364,0.0,0.0,0.0,20
2008,7,19,-69.08,42.32,0.0,0.83,0.0,5.89,0.364,0.0,0.0,0.0,20
2008,7,20,-68.52,41.91,0.0,0.83,0.0,5.97,1.21,0.0,0.0,0.0,20
2008,7,21,-69.38,42.83,0.0,0.83,0.0,8.09,0.513,0.0,0.0,0.0,20
2008,7,21,-69.63,43.14,0.0,0.83,0.0,6.45,0.835,0.0,0.0,0.0,20
2008,7,22,-69.78,42.61,0.0,0.83,0.0,5.61,0.307,0.0,0.0,0.0,20
2008,7,23,-71.18,41.41,0.0115,0.83,0.00955,5.97,0.0134,104.0,2.46,0.0263,20
2008,8,2,-70.67,40.99,0.0112,0.83,0.0093,2.65,0.793,2650.0,62.8,1.37,20
2008,8,2,-70.47,40.66,0.0,0.83,0.0,2.65,0.793,0.0,0.0,0.0,20
2008,8,3,-69.15,40.65,0.00329,0.83,0.00273,5.74,1.0,2130.0,50.4,1.05,20
2008,8,3,-68.76,41.29,0.00258,0.83,0.00214,2.52,0.829,607.0,14.4,0.227,20
2008,8,3,-69.25,41.83,0.0,0.83,0.0,3.07,0.655,0.0,0.0,0.0,20
2008,8,4,-69.24,42.1,0.0,0.83,0.0,4.99,0.238,0.0,0.0,0.0,20
2008,8,5,-69.17,42.47,0.0072,0.83,0.00598,6.14,0.496,2470.0,58.5,1.26,20
2008,8,14,-70.54,41.04,0.0,0.83,0.0,3.6,0.582,0.0,0.0,0.0,20
2008,8,14,-70.74,40.43,0.0152,0.83,0.0126,5.67,0.789,7670.0,182.0,5.01,20
2008,8,15,-71.12,39.6,0.0,0.83,0.0,7.2,1.25,0.0,0.0,0.0,20
2008,8,16,-70.57,39.42,0.0036,0.83,0.00299,5.88,1.22,2910.0,69.0,1.54,20
2008,8,16,-69.98,39.42,0.00393,0.83,0.00326,4.74,1.27,2670.0,63.1,1.38,20
2008,8,17,-69.33,40.04,0.0027,0.83,0.00224,5.66,0.998,1720.0,40.7,0.808,20
2008,8,24,-71.26,41.13,0.00864,0.83,0.00717,2.2,0.00193,4.13,0.0977,0.000514,20
2008,8,24,-71.36,41.1,0.0,0.83,0.0,2.2,0.00193,0.0,0.0,0.0,20
2008,9,1,-70.85,40.78,0.0,0.83,0.0,5.17,0.894,0.0,0.0,0.0,20
2008,9,1,-71.2,39.94,0.0,0.83,0.0,6.88,1.17,0.0,0.0,0.0,20
2008,9,2,-70.88,39.66,0.00571,0.83,0.00474,10.2,1.78,11600.0,275.0,8.3,20
2008,9,2,-71.12,39.36,0.0,0.83,0.0,8.32,1.64,0.0,0.0,0.0,20
2008,9,3,-72.06,39.69,0.0,0.83,0.0,4.78,1.34,0.0,0.0,0.0,20
2008,9,3,-71.97,39.59,0.0,0.83,0.0,7.38,1.74,0.0,0.0,0.0,20
2008,9,4,-71.92,40.12,0.00432,0.83,0.00359,4.75,0.904,2090.0,49.5,1.03,20
2008,9,4,-71.68,40.74,0.0024,0.83,0.00199,4.75,0.904,1160.0,27.5,0.5,20
2008,9,5,-71.19,41.36,0.0,0.83,0.0,3.76,0.00108,0.0,0.0,0.0,20
2008,9,5,-70.39,42.1,0.00691,0.83,0.00574,5.16,0.0,3.16,0.0747,0.000371,20
2008,10,16,-70.83,41.17,0.0,0.83,0.0,4.53,0.966,0.0,0.0,0.0,20
2008,10,18,-70.51,41.15,0.0,0.83,0.0,11.3,1.33,0.0,0.0,0.0,20
2008,10,20,-71.04,40.7,0.00282,0.83,0.00234,12.1,3.16,12100.0,287.0,8.75,20
2008,10,21,-71.06,40.03,0.0,0.83,0.0,9.26,1.62,0.0,0.0,0.0,20
2008,10,23,-67.01,35.86,0.00635,0.83,0.00527,11.9,3.91,33200.0,786.0,29.9,20
2008,10,25,-64.19,32.65,0.0432,0.83,0.0359,8.92,3.0,130000.0,3080.0,158.0,20
2008,10,25,-64.05,31.73,0.0473,0.83,0.0393,8.89,3.07,145000.0,3440.0,181.0,20
2008,10,31,-63.55,31.39,0.00235,0.83,0.00195,8.36,2.89,6410.0,152.0,4.02,20
2008,11,2,-60.55,27.99,0.00707,0.83,0.00587,6.46,2.57,13300.0,314.0,9.75,20
2008,11,4,-59.06,25.07,0.0,0.83,0.0,8.52,1.88,0.0,0.0,0.0,20
2008,11,4,-58.99,24.43,0.0,0.83,0.0,7.96,1.84,0.0,0.0,0.0,20
2008,11,5,-58.76,22.68,0.00388,0.83,0.00322,8.06,1.9,6690.0,158.0,4.23,20
2008,11,6,-58.65,21.81,0.0174,0.83,0.0144,7.26,1.93,27500.0,652.0,23.8,20
2008,11,6,-58.64,20.77,0.0,0.83,0.0,7.12,1.89,0.0,0.0,0.0,20
2008,11,8,-58.88,18.08,0.00284,0.83,0.00236,7.23,2.35,5440.0,129.0,3.29,20
2008,11,8,-59.34,17.29,0.0016,0.83,0.00133,5.64,2.13,2170.0,51.3,1.07,20
2008,11,9,-60.55,15.84,0.0018,0.83,0.00149,4.51,1.97,1810.0,42.7,0.858,20
2008,11,9,-60.77,15.66,0.0,0.83,0.0,4.51,1.97,0.0,0.0,0.0,20
2008,11,10,-61.0,15.47,0.0,0.83,0.0,6.46,1.88,0.0,0.0,0.0,20
2008,12,1,-66.12,17.45,0.0,0.83,0.0,9.73,2.25,0.0,0.0,0.0,20
2008,12,2,-68.31,16.11,0.0,0.83,0.0,9.76,2.49,0.0,0.0,0.0,20
2008,12,3,-69.31,16.32,0.00252,0.83,0.00209,8.75,2.19,5440.0,129.0,3.29,20
2008,12,3,-70.37,16.35,0.0,0.83,0.0,9.27,2.16,0.0,0.0,0.0,20
2008,12,4,-72.44,16.15,0.00504,0.83,0.00418,10.4,2.25,13300.0,315.0,9.81,20
2008,12,5,-73.55,16.27,0.0,0.83,0.0,9.93,2.28,0.0,0.0,0.0,20
2008,12,5,-74.33,16.41,0.00213,0.83,0.00177,9.22,2.35,5200.0,123.0,3.12,20
2008,12,6,-75.83,16.83,0.0,0.83,0.0,8.18,2.11,0.0,0.0,0.0,20
2008,12,7,-76.54,16.34,0.0,0.83,0.0,7.6,1.69,0.0,0.0,0.0,20
2008,12,7,-77.18,16.3,0.00184,0.83,0.00153,7.56,1.67,2630.0,62.1,1.35,20
2008,12,8,-78.6,16.48,0.0,0.83,0.0,9.28,1.76,0.0,0.0,0.0,20
2008,12,10,-79.88,18.5,0.00198,0.83,0.00164,7.76,2.28,3960.0,93.6,2.23,20
2008,12,10,-80.42,19.03,0.00146,0.83,0.00121,6.88,2.09,2370.0,56.0,1.19,20
2008,12,11,-80.7,19.3,0.0016,0.83,0.00133,5.55,1.7,1700.0,40.3,0.798,20
2008,12,13,-84.56,19.19,0.00858,0.83,0.00712,9.52,1.93,17800.0,421.0,14.0,20
2008,12,20,-82.2,24.01,0.00713,0.83,0.00592,5.31,0.901,3850.0,91.0,2.16,20
2008,12,20,-82.22,24.05,0.0,0.83,0.0,5.31,0.901,0.0,0.0,0.0,20
2014,4,2,-4.445,43.0,0.366,1.0,0.366,1.48,0.0,238000.0,5630.0,331.0,23
2016,10,20,-3.376,45.7365,0.049,1.0,0.049,5.93,1.59,62800.0,1490.0,65.1,23
2015,9,19,9.6026,40.9754,0.0,1.0,0.0,7.03,0.0,0.0,0.0,0.0,23
2016,10,24,-1.8997,44.2667,0.079,1.0,0.079,1.75,1.56,29400.0,696.0,25.8,23
2015,10,21,-2.6467,45.3885,0.186,1.0,0.186,3.66,0.61,56400.0,1330.0,57.1,23
2014,3,13,-9.3615,42.3798,1.49,1.0,1.49,4.28,1.29,1120000.0,26400.0,2180.0,23
2015,1,17,1.3532,50.8617,0.023,1.0,0.023,4.67,0.0202,295.0,6.98,0.094,23
2015,7,30,8.2427,40.9804,0.033,1.0,0.033,2.03,0.465,4240.0,100.0,2.43,23
2014,10,27,-1.4921,45.4503,0.155,1.0,0.155,4.78,1.51,152000.0,3590.0,191.0,23
2015,9,20,9.6835,40.904,0.037,1.0,0.037,12.5,0.0,36200.0,857.0,33.3,23
2015,9,20,9.7114,40.8932,0.046,1.0,0.046,12.5,0.0,45000.0,1070.0,43.4,23
2015,9,22,9.5893,40.9188,0.058,1.0,0.058,3.47,0.0,56800.0,1340.0,57.6,23
2015,4,13,9.475,42.9711,1.18,1.0,1.18,2.9,0.0,1160000.0,27300.0,2270.0,23
2015,9,20,9.6093,40.9243,0.006,1.0,0.006,12.5,0.0,5870.0,139.0,3.61,23
2013,11,8,12.4496,37.966,0.555,1.0,0.555,2.69,0.43,87200.0,2060.0,97.2,23
2016,10,1,0.3638,50.0928,0.219,1.0,0.219,4.74,0.699,98500.0,2330.0,113.0,23
2015,7,30,8.2187,41.0437,0.061,1.0,0.061,4.6,0.617,23500.0,557.0,19.6,23
2015,9,23,9.4647,39.1136,0.024,1.0,0.024,2.16,0.368,2590.0,61.3,1.33,23
2015,4,30,5.9443,43.0922,0.12,1.0,0.12,4.8,0.506,39600.0,936.0,37.0,23
2015,10,3,10.2541,42.7283,0.135,1.0,0.135,1.27,0.404,9430.0,223.0,6.44,23
2015,9,18,9.3689,41.2344,0.04,1.0,0.04,4.98,0.0,2790.0,66.1,1.46,23
2016,9,24,1.7255,51.0005,0.014,1.0,0.014,5.19,0.00835,82.5,1.95,0.0199,23
2014,10,27,-2.0464,44.7604,0.342,1.0,0.342,5.0,2.1,487000.0,11500.0,793.0,23
2015,9,25,11.9223,36.7961,0.014,1.0,0.014,5.5,0.65,6810.0,161.0,4.33,23
2016,10,19,-3.8897,46.0482,0.23,1.0,0.23,3.96,1.53,190000.0,4490.0,251.0,23
2015,4,15,9.5784,42.1487,2.27,1.0,2.27,0.276,0.0,1880000.0,44400.0,4110.0,23
2015,4,16,9.2917,41.475,0.056,1.0,0.056,6.65,0.0,46200.0,1090.0,44.8,23
2014,10,29,-2.5457,46.3835,0.022,1.0,0.022,5.56,1.28,21200.0,503.0,17.3,23
2015,1,16,1.5174,50.5968,0.017,1.0,0.017,2.24,0.0848,438.0,10.4,0.152,23
2015,4,8,4.0437,43.5286,0.159,1.0,0.159,4.95,0.537,57400.0,1360.0,58.4,23
2015,4,10,6.2057,42.9787,2.05,1.0,2.05,2.52,0.0805,56400.0,1330.0,57.0,23
2014,10,25,-1.6292,43.7121,0.169,1.0,0.169,0.957,0.0,4660.0,110.0,2.72,23
2015,1,19,1.5712,50.889,0.339,1.0,0.339,1.35,0.000758,47.2,1.12,0.0101,23
2014,4,3,-3.6925,43.6844,0.525,1.0,0.525,5.81,0.0,73.1,1.73,0.0171,23
2015,9,22,9.7691,40.7687,2.33,1.0,2.33,3.47,0.0,324.0,7.66,0.105,23
2015,9,26,12.0664,36.7784,0.054,1.0,0.054,3.81,0.364,10200.0,241.0,7.07,23
2014,4,24,5.3973,42.9735,1.91,1.0,1.91,3.92,0.309,314000.0,7440.0,464.0,23
2014,10,28,-1.9807,45.9557,0.257,1.0,0.257,3.42,1.25,149000.0,3540.0,187.0,23
2015,4,11,8.7305,42.5827,0.014,1.0,0.014,2.95,0.295,1660.0,39.3,0.773,23
2014,3,30,-6.4355,43.8333,0.161,1.0,0.161,3.45,0.0,19100.0,451.0,15.2,23
2014,10,22,-2.1486,45.4557,0.111,1.0,0.111,0.316,2.46,11700.0,278.0,8.42,23
2015,7,29,8.2691,41.0388,0.009,1.0,0.009,5.83,1.14,8120.0,192.0,5.36,23
2014,10,26,-1.5446,43.7268,0.188,1.0,0.188,2.31,0.0,170000.0,4010.0,219.0,23
2014,4,1,-5.1418,43.7961,0.095,1.0,0.095,6.57,0.0,85700.0,2030.0,95.1,23
2015,9,12,5.5394,43.2068,0.059,1.0,0.059,5.5,0.398,17500.0,415.0,13.7,23
2014,10,24,-2.3427,43.6057,0.442,1.0,0.442,0.123,0.0,131000.0,3110.0,160.0,23
2015,7,30,8.2069,41.0029,1.2,1.0,1.2,4.6,0.617,464000.0,11000.0,747.0,23
2015,9,20,9.7499,40.9215,0.03,1.0,0.03,12.5,0.0,11600.0,274.0,8.27,23
2013,11,1,12.4034,38.0939,0.434,1.0,0.434,5.46,0.591,190000.0,4500.0,252.0,23
2015,4,8,4.4226,43.4393,0.134,1.0,0.134,4.95,0.537,48400.0,1150.0,47.4,23
2015,1,18,0.6769,50.5674,0.057,1.0,0.057,0.378,0.672,1970.0,46.5,0.951,23
2014,4,6,-1.8802,43.5709,0.056,1.0,0.056,1.47,0.0,1930.0,45.7,0.931,23
2014,3,30,-6.2515,43.6054,0.274,1.0,0.274,3.45,0.0,9450.0,224.0,6.46,23
2015,4,16,9.0112,41.4679,0.067,1.0,0.067,6.65,0.0,2310.0,54.7,1.16,23
2016,10,4,-0.9413,49.4568,0.19,1.0,0.19,6.26,0.0,6550.0,155.0,4.13,23
2014,10,24,-2.2439,43.4006,0.522,1.0,0.522,0.123,0.0,18000.0,426.0,14.2,23
2015,4,2,7.494,43.7557,0.03,1.0,0.03,7.17,1.06,30800.0,730.0,27.3,23
2016,9,30,0.4424,50.3129,0.181,1.0,0.181,3.41,0.729,61100.0,1450.0,63.0,23
2014,4,22,4.4974,42.9156,0.791,1.0,0.791,3.71,0.25,99800.0,2360.0,114.0,23
2014,10,30,-3.4582,47.2534,0.059,1.0,0.059,4.85,1.03,39900.0,943.0,37.4,23
2014,3,11,-9.0102,41.9953,0.632,1.0,0.632,5.55,1.91,910000.0,21500.0,1700.0,23
2015,4,1,7.3211,43.6744,4.21,1.0,4.21,8.78,1.78,8940000.0,212000.0,27600.0,23
2016,9,24,1.5563,50.7652,0.032,1.0,0.032,3.68,0.0136,218.0,5.15,0.0649,23
2014,10,25,-2.1494,44.0355,1.49,1.0,1.49,2.75,1.85,1030000.0,24300.0,1970.0,23
2016,10,7,-0.7711,50.5129,0.425,1.0,0.425,5.2,0.547,164000.0,3880.0,210.0,23
2014,3,17,-9.5756,43.0438,0.162,1.0,0.162,2.4,0.791,41700.0,988.0,39.5,23
2014,4,15,13.8569,40.5469,0.317,1.0,0.317,6.24,0.558,150000.0,3550.0,188.0,23
2015,10,3,10.3231,42.8242,0.177,1.0,0.177,1.27,0.404,12400.0,293.0,8.96,23
2015,11,23,-10.3982,51.2526,0.125,1.0,0.125,6.55,2.53,282000.0,6670.0,406.0,23
2015,4,9,5.1167,43.3208,0.178,1.0,0.178,3.73,0.27,24400.0,577.0,20.5,23
2015,9,23,9.6321,39.2147,0.222,1.0,0.222,2.16,0.368,24000.0,567.0,20.1,23
2014,4,25,6.2213,42.1664,0.679,1.0,0.679,3.72,0.335,115000.0,2720.0,136.0,23
2014,4,16,11.3938,40.7504,0.325,1.0,0.325,8.75,1.19,459000.0,10900.0,736.0,23
2015,9,24,9.4295,39.1288,0.0,1.0,0.0,9.68,1.03,0.0,0.0,0.0,23
2015,9,10,3.4996,43.252,0.041,1.0,0.041,2.67,0.00231,34.3,0.811,0.0068,23
2015,11,7,-5.8168,47.5487,0.035,1.0,0.035,3.14,2.18,32500.0,769.0,29.1,23
2015,9,29,12.2655,37.9434,0.061,1.0,0.061,1.49,0.385,4750.0,112.0,2.79,23
2015,4,6,3.0771,42.5491,0.02,1.0,0.02,6.16,0.0,1560.0,36.8,0.716,23
2015,3,31,7.1273,43.5374,1.68,1.0,1.68,14.4,3.19,10500000.0,248000.0,33400.0,23
2014,3,13,-9.0743,42.4702,4.63,1.0,4.63,4.28,1.29,3470000.0,82200.0,8710.0,23
2014,3,19,-8.7064,43.6345,0.054,1.0,0.054,7.64,0.0,40500.0,958.0,38.1,23
2015,4,15,9.377,41.6289,0.342,1.0,0.342,0.488,0.0,256000.0,6070.0,362.0,23
2014,4,12,18.264,38.6743,0.486,1.0,0.486,2.13,0.339,47600.0,1130.0,46.5,23
2015,7,29,8.324,41.1238,0.008,1.0,0.008,5.83,1.14,7220.0,171.0,4.65,23
2015,4,7,3.2037,43.1555,0.028,1.0,0.028,4.32,0.0131,216.0,5.1,0.0641,23
2014,3,28,-7.2393,43.6276,0.135,1.0,0.135,3.73,0.0,1040.0,24.6,0.437,23
2016,10,21,-3.2751,45.32,0.054,1.0,0.054,6.03,1.36,60200.0,1420.0,61.8,23
2014,10,20,-3.6321,46.0476,0.043,1.0,0.043,0.31,2.4,4340.0,103.0,2.5,23
2016,10,3,-0.8064,49.5647,0.089,1.0,0.089,2.91,0.0,8980.0,212.0,6.06,23
2014,4,5,-2.8326,43.5698,0.136,1.0,0.136,0.454,0.0,13700.0,325.0,10.2,23
2016,10,8,-1.1902,49.8452,0.016,1.0,0.016,3.75,0.314,2560.0,60.5,1.31,23
2015,4,30,5.7731,43.081,0.416,1.0,0.416,4.8,0.506,137000.0,3240.0,169.0,23
2014,10,29,-1.4627,46.2751,0.05,1.0,0.05,4.88,0.885,29300.0,694.0,25.7,23
2014,4,22,5.118,43.201,4.47,1.0,4.47,0.976,0.272,161000.0,3820.0,206.0,23
2015,4,1,7.2394,43.6523,0.9,1.0,0.9,8.78,1.78,1910000.0,45300.0,4200.0,23
2016,10,2,-0.3361,49.6915,5.22,1.0,5.22,3.15,0.0,11100000.0,262000.0,35900.0,23
2014,3,21,-8.1206,43.6721,0.241,1.0,0.241,9.02,0.0,512000.0,12100.0,843.0,23
2015,9,29,11.5678,38.8529,0.206,1.0,0.206,0.568,0.586,9320.0,221.0,6.35,23
2014,10,28,-2.7199,46.0121,0.024,1.0,0.024,3.36,1.35,14800.0,351.0,11.2,23
2014,4,4,-3.296,43.4337,2.72,1.0,2.72,1.61,0.0,1680000.0,39800.0,3600.0,23
2015,4,10,6.4905,42.9343,0.15,1.0,0.15,2.52,0.0805,4130.0,97.8,2.35,23
2015,3,31,6.8366,43.4028,0.013,1.0,0.013,15.1,3.12,83200.0,1970.0,91.7,23
2013,10,18,14.5538,38.5498,0.435,1.0,0.435,0.0,0.0,2780000.0,65900.0,6640.0,23
2014,4,6,-2.2203,43.3768,0.146,1.0,0.146,1.54,0.0,934000.0,22100.0,1750.0,23
2014,3,14,-9.1895,42.783,4.32,1.0,4.32,4.73,1.0,2780000.0,65900.0,6650.0,23
2013,10,14,14.9421,38.3918,1.35,1.0,1.35,0.0,0.0,873000.0,20700.0,1620.0,23
2015,7,29,8.3256,41.0501,0.065,1.0,0.065,5.83,1.14,58600.0,1390.0,59.9,23
2014,4,20,3.7634,42.6193,0.278,1.0,0.278,7.09,0.0,251000.0,5930.0,352.0,23
2015,9,24,9.5822,39.1161,0.082,1.0,0.082,9.68,1.03,112000.0,2640.0,131.0,23
2015,4,19,8.567,42.1325,0.125,1.0,0.125,9.49,0.792,128000.0,3020.0,154.0,23
2015,4,3,6.6401,43.2773,0.032,1.0,0.032,1.56,0.483,3270.0,77.4,1.77,23
2015,9,26,12.2122,37.1818,0.015,1.0,0.015,2.4,0.365,1790.0,42.3,0.846,23
2015,4,10,5.3358,43.2062,0.345,1.0,0.345,2.9,0.0703,9540.0,226.0,6.53,23
2015,9,26,12.393,37.6652,0.133,1.0,0.133,2.4,0.365,15800.0,375.0,12.1,23
2015,9,29,12.3222,37.9012,0.003,1.0,0.003,1.49,0.385,234.0,5.53,0.0707,23
2016,10,2,-0.1712,49.4545,0.096,1.0,0.096,3.15,0.0,7470.0,177.0,4.85,23
2014,10,23,-2.103,44.0555,0.205,1.0,0.205,4.88,1.77,241000.0,5700.0,336.0,23
2015,9,19,9.5782,41.1162,0.042,1.0,0.042,7.23,0.0,49400.0,1170.0,48.6,23
2015,4,9,4.9418,43.3668,0.024,1.0,0.024,4.94,0.237,3820.0,90.3,2.14,23
2016,10,3,-0.4206,49.4588,0.081,1.0,0.081,2.91,0.0,12900.0,305.0,9.42,23
2015,9,25,11.8728,36.8714,0.096,1.0,0.096,5.5,0.65,46700.0,1100.0,45.3,23
2015,7,29,8.351,41.0868,0.063,1.0,0.063,5.83,1.14,56800.0,1340.0,57.6,23
2014,3,18,-8.91,43.3775,0.016,1.0,0.016,6.61,0.0,14400.0,342.0,10.8,23
2016,10,29,-2.9617,46.7605,0.013,1.0,0.013,7.42,1.0,13200.0,311.0,9.67,23
2015,9,18,9.3019,41.2072,0.003,1.0,0.003,4.98,0.0,3040.0,71.9,1.62,23
2015,9,23,9.5491,39.0878,0.077,1.0,0.077,2.16,0.368,8310.0,197.0,5.52,23
2013,10,26,13.3658,38.1884,0.026,1.0,0.026,4.21,0.0,2810.0,66.4,1.47,23
2016,9,30,-0.0724,50.2296,0.068,1.0,0.068,4.33,1.42,56900.0,1350.0,57.8,23
2014,10,30,-3.8459,47.4472,0.077,1.0,0.077,4.85,1.03,52000.0,1230.0,51.7,23
2015,4,8,4.7489,43.3137,0.016,1.0,0.016,4.95,0.537,5780.0,137.0,3.54,23
2015,9,29,11.8752,38.4557,0.488,1.0,0.488,0.568,0.586,22100.0,522.0,18.2,23
2015,4,5,5.2824,43.2955,0.058,1.0,0.058,8.52,0.701,47000.0,1110.0,45.7,23
2014,4,3,-4.2574,43.5482,0.138,1.0,0.138,5.56,0.0,112000.0,2650.0,132.0,23
2015,9,25,12.0041,36.7304,0.005,1.0,0.005,5.99,0.777,3160.0,74.9,1.7,23
2014,10,26,-1.3183,44.5312,0.358,1.0,0.358,4.41,1.96,420000.0,9930.0,661.0,23
2013,10,31,12.2134,37.5555,0.648,1.0,0.648,8.95,0.719,567000.0,13400.0,953.0,23
2015,10,25,-1.6976,44.6255,0.195,1.0,0.195,3.52,1.55,145000.0,3430.0,181.0,23
2014,4,21,4.528,43.2236,0.273,1.0,0.273,1.98,0.274,20100.0,476.0,16.2,23
2014,10,23,-2.1506,44.6336,0.006,1.0,0.006,4.88,1.77,7060.0,167.0,4.52,23
2014,3,27,-7.6485,44.0457,1.34,1.0,1.34,1.91,2.63,911000.0,21600.0,1700.0,23
2014,10,19,-2.8583,46.1823,0.04,1.0,0.04,1.95,2.36,25000.0,591.0,21.1,23
2018,3,24,8.6892,41.8908,0.168,1.0,0.168,6.54,1.47,220000.0,5200.0,300.0,23
2018,3,26,9.0108,41.4638,0.019,1.0,0.019,3.94,1.79,18200.0,430.0,14.3,23
2018,3,28,9.5712,42.1085,0.022,1.0,0.022,5.49,1.29,21100.0,500.0,17.2,23
2018,3,29,9.4968,42.8945,0.008,1.0,0.008,4.89,1.33,7070.0,167.0,4.53,23
2018,3,30,6.2508,43.021,0.049,1.0,0.049,5.55,1.05,38700.0,916.0,36.1,23
2018,3,30,6.0862,43.0463,0.196,1.0,0.196,5.55,1.05,155000.0,3660.0,196.0,23
2018,3,30,5.9652,43.109,0.125,1.0,0.125,6.57,0.994,111000.0,2620.0,130.0,23
2018,4,1,7.4915,43.7595,0.105,1.0,0.105,3.48,2.91,144000.0,3410.0,180.0,23
2018,4,1,7.3122,43.6857,0.036,1.0,0.036,3.48,2.91,49500.0,1170.0,48.6,23
2018,4,1,7.1843,43.6475,1.08,1.0,1.08,3.48,2.91,1480000.0,35100.0,3080.0,23
2018,4,4,5.8138,43.0578,0.117,1.0,0.117,5.47,1.09,94600.0,2240.0,107.0,23
2018,4,5,5.3198,43.3427,0.0,1.0,0.0,4.72,1.39,0.0,0.0,0.0,23
2018,6,6,7.1262,43.5381,0.117,1.0,0.117,1.92,0.595,18100.0,429.0,14.3,23
2018,6,6,6.6394,43.2777,0.557,1.0,0.557,1.88,0.598,84900.0,2010.0,94.0,23
2018,6,13,5.9014,43.1085,0.315,1.0,0.315,12.4,1.11,590000.0,14000.0,1000.0,23
2018,12,5,5.7672,43.083,0.997,1.0,0.997,11.8,0.89,1430000.0,33800.0,2940.0,23
2018,9,10,5.3585,43.2488,0.771,1.0,0.771,0.967,0.364,36800.0,872.0,33.9,23
2018,9,10,5.3187,43.2761,3.02,1.0,3.02,0.967,0.364,144000.0,3410.0,179.0,23
2018,9,10,5.3868,43.2073,0.231,1.0,0.231,0.967,0.364,11000.0,261.0,7.8,23
2017,1,30,7.117,40.63,0.667,1.0,0.667,1.94,0.382,67300.0,1590.0,70.8,23
2017,2,7,3.029,39.049,0.088,1.0,0.088,4.74,2.48,140000.0,3320.0,174.0,23
2017,2,11,2.161,39.745,0.064,1.0,0.064,8.29,1.93,139000.0,3290.0,172.0,23
2017,2,15,2.146,41.016,0.03,1.0,0.03,2.86,0.978,11400.0,270.0,8.12,23
2017,2,15,2.432,41.284,0.224,1.0,0.224,2.86,0.978,85100.0,2020.0,94.4,23
2017,2,15,3.167,41.454,0.138,1.0,0.138,3.56,1.03,68600.0,1620.0,72.5,23
2017,2,15,3.215,41.666,0.111,1.0,0.111,3.56,1.03,55200.0,1310.0,55.6,23
2017,2,15,3.294,42.05,0.003,1.0,0.003,2.76,0.0,1490.0,35.3,0.679,23
2017,2,22,8.393,42.993,0.06,1.0,0.06,2.64,0.365,7870.0,186.0,5.17,23
2017,2,22,7.982,42.874,0.965,1.0,0.965,3.09,0.358,145000.0,3430.0,181.0,23
2017,2,22,7.668,42.754,0.093,1.0,0.093,3.09,0.358,14000.0,331.0,10.4,23
2017,2,23,7.398,42.65,0.026,1.0,0.026,5.57,0.503,9900.0,234.0,6.83,23
2017,2,23,7.136,42.55,0.017,1.0,0.017,5.57,0.503,6470.0,153.0,4.07,23
2017,2,23,6.837,42.436,0.392,1.0,0.392,5.45,0.48,140000.0,3300.0,172.0,23
2017,2,23,6.568,42.412,0.194,1.0,0.194,5.45,0.48,69000.0,1630.0,73.1,23
2017,2,23,6.322,42.422,1.85,1.0,1.85,5.45,0.48,658000.0,15600.0,1140.0,23
2017,2,23,6.185,42.502,1.38,1.0,1.38,5.45,0.48,493000.0,11700.0,803.0,23
2017,2,23,6.136,42.655,2.56,1.0,2.56,5.45,0.48,911000.0,21600.0,1700.0,23
2017,2,23,6.086,42.805,0.319,1.0,0.319,5.45,0.48,114000.0,2690.0,134.0,23
2017,2,23,6.032,42.971,2.15,1.0,2.15,5.45,0.48,766000.0,18100.0,1380.0,23
2018,10,20,-4.7858,47.8225,0.036,1.0,0.036,4.88,1.78,42500.0,1010.0,40.4,23
2018,10,21,-4.7781,46.8802,0.0,1.0,0.0,6.29,1.72,0.0,0.0,0.0,23
2018,10,21,-4.4474,46.4362,0.028,1.0,0.028,6.29,1.72,41100.0,973.0,38.8,23
2018,10,24,-2.7877,45.2917,0.048,1.0,0.048,0.687,1.57,7020.0,166.0,4.49,23
2018,10,24,-2.2413,44.8902,0.066,1.0,0.066,2.95,1.6,42400.0,1000.0,40.3,23
2018,10,25,-1.8516,44.8965,0.129,1.0,0.129,4.19,1.38,102000.0,2410.0,117.0,23
2018,10,25,-1.309,44.5327,0.023,1.0,0.023,4.19,1.38,18100.0,429.0,14.3,23
2018,10,26,-1.392,44.0779,0.104,1.0,0.104,3.04,1.2,51400.0,1220.0,51.0,23
2018,10,26,-1.9867,43.7953,0.192,1.0,0.192,1.56,1.21,49500.0,1170.0,48.7,23
2018,10,27,-1.8861,44.2406,0.0,1.0,0.0,3.17,1.03,0.0,0.0,0.0,23
2018,10,30,-2.5675,47.256,0.024,1.0,0.024,4.53,1.21,17800.0,422.0,14.0,23
2018,10,30,-3.2864,47.593,0.017,1.0,0.017,4.68,1.3,14100.0,333.0,10.5,23
2018,11,1,-2.5925,46.6094,0.013,1.0,0.013,2.19,2.32,9000.0,213.0,6.08,23
2018,11,2,-2.1895,46.6844,0.104,1.0,0.104,6.19,2.11,185000.0,4380.0,243.0,23
2018,11,2,-2.4055,45.8455,0.005,1.0,0.005,4.61,2.34,7320.0,173.0,4.73,23
2018,11,3,-2.6948,45.96,0.036,1.0,0.036,5.62,1.52,41700.0,986.0,39.5,23
2018,11,3,-3.2684,46.118,0.006,1.0,0.006,4.78,1.65,6420.0,152.0,4.03,23
2018,11,4,-3.8524,46.4649,0.004,1.0,0.004,1.73,2.72,2550.0,60.4,1.31,23
2018,11,5,-4.0046,47.2638,0.027,1.0,0.027,5.88,4.8,104000.0,2450.0,120.0,23
2018,11,14,-6.6364,48.3784,0.007,1.0,0.007,2.82,2.81,7540.0,178.0,4.9,23
2018,11,15,-5.7703,47.9316,0.006,1.0,0.006,4.4,2.38,8550.0,202.0,5.72,23
2018,11,21,-11.2796,49.5007,0.152,1.0,0.152,14.0,3.7,1070000.0,25400.0,2070.0,23
2018,11,22,-11.1782,49.913,0.043,1.0,0.043,10.9,3.17,201000.0,4760.0,269.0,23
2018,11,22,-10.1873,50.1033,0.0,1.0,0.0,10.5,3.02,0.0,0.0,0.0,23
2018,11,23,-10.0288,50.2995,0.03,1.0,0.03,8.0,2.77,90200.0,2130.0,101.0,23
2018,11,23,-10.8241,50.3278,0.014,1.0,0.014,8.0,2.77,42100.0,996.0,40.0,23
2018,11,24,-11.0176,50.7036,0.021,1.0,0.021,11.9,1.77,60500.0,1430.0,62.2,23
2018,11,24,-10.4545,50.7148,0.0,1.0,0.0,13.0,1.77,0.0,0.0,0.0,23
2017,10,8,1.1113,50.9634,0.004,1.0,0.004,1.98,0.084,90.5,2.14,0.0222,23
2017,10,9,0.67,50.57,0.344,1.0,0.344,3.87,0.427,77400.0,1830.0,84.0,23
2017,10,10,1.42,50.58,0.008,1.0,0.008,5.03,0.257,1400.0,33.2,0.631,23
2017,10,12,0.36,49.87,0.03,1.0,0.03,3.94,0.0,5270.0,125.0,3.16,23
2017,10,13,0.56,50.11,0.03,1.0,0.03,4.77,0.586,11400.0,269.0,8.11,23
2017,10,13,0.0,49.49,0.289,1.0,0.289,2.55,0.0,110000.0,2600.0,129.0,23
2017,10,14,-0.16,49.36,0.034,1.0,0.034,2.42,0.0,12900.0,305.0,9.44,23
2017,10,14,-0.1,49.91,0.437,1.0,0.437,2.42,0.0,166000.0,3930.0,213.0,23
2017,10,15,0.43,50.52,0.008,1.0,0.008,4.69,0.552,2810.0,66.5,1.47,23
2017,10,15,-0.28,50.76,0.03,1.0,0.03,5.31,1.09,23600.0,560.0,19.8,23
2017,10,16,-0.22,49.84,0.04,1.0,0.04,5.55,0.0,31500.0,746.0,28.1,23
2017,10,17,-0.4,50.1,0.049,1.0,0.049,1.12,1.24,9300.0,220.0,6.33,23
2017,10,18,-0.84,50.29,0.083,1.0,0.083,2.71,0.743,22700.0,537.0,18.8,23
2017,10,19,-1.27,50.04,0.025,1.0,0.025,8.65,1.12,32800.0,777.0,29.5,23
2017,10,20,-0.94,49.43,0.078,1.0,0.078,7.38,0.0,102000.0,2430.0,118.0,23
2018,9,13,-5.73,48.84,0.0,1.0,0.0,6.74,1.71,0.0,0.0,0.0,23
2018,9,13,-5.29,49.4,0.163,1.0,0.163,8.06,1.65,294000.0,6960.0,428.0,23
2018,9,14,-5.86,49.29,0.0,1.0,0.0,5.84,1.67,0.0,0.0,0.0,23
2018,9,15,-4.1,50.15,0.091,1.0,0.091,7.47,1.24,115000.0,2710.0,135.0,23
2018,9,15,-5.02,49.55,0.035,1.0,0.035,8.56,1.35,54900.0,1300.0,55.3,23
2018,9,16,-4.01,49.69,0.0,1.0,0.0,10.0,1.26,0.0,0.0,0.0,23
2018,9,17,-4.72,48.89,0.021,1.0,0.021,7.66,1.23,26800.0,634.0,23.0,23
2018,9,22,-2.43,48.77,0.077,1.0,0.077,1.31,2.57,35200.0,834.0,32.2,23
2018,9,23,-2.8,50.6,0.006,1.0,0.006,4.71,1.6,6150.0,146.0,3.82,23
2018,9,24,-2.14,50.31,0.046,1.0,0.046,8.33,1.35,70000.0,1660.0,74.4,23
2018,9,24,-1.64,50.41,0.094,1.0,0.094,7.22,1.27,117000.0,2780.0,140.0,23
2018,9,25,-1.89,49.83,0.059,1.0,0.059,5.55,0.595,26500.0,626.0,22.7,23
2018,9,25,-1.66,49.73,0.063,1.0,0.063,5.55,0.595,28300.0,669.0,24.6,23
2018,9,27,-1.11,49.82,0.28,1.0,0.28,3.44,0.614,80400.0,1900.0,88.0,23
2018,9,29,-0.45,50.1,0.394,1.0,0.394,7.03,1.17,441000.0,10400.0,701.0,23
2018,9,30,-0.46,50.57,0.06,1.0,0.06,4.33,1.1,39000.0,922.0,36.4,23
2018,9,30,-0.19,50.35,0.01,1.0,0.01,4.33,1.1,6500.0,154.0,4.09,23
2018,10,1,-0.54,49.78,0.089,1.0,0.089,5.37,0.915,59400.0,1400.0,60.8,23
2018,10,2,-1.09,49.6,0.133,1.0,0.133,2.86,1.27,65600.0,1550.0,68.7,23
2018,10,3,-0.68,49.47,0.344,1.0,0.344,2.91,1.04,142000.0,3350.0,176.0,23
2018,10,4,-0.01,49.47,2.4,1.0,2.4,6.26,0.792,1620000.0,38200.0,3420.0,23
2018,10,4,0.05,49.63,0.181,1.0,0.181,5.47,0.792,107000.0,2520.0,124.0,23
2018,10,5,0.47,49.89,0.007,1.0,0.007,6.3,0.505,3030.0,71.6,1.61,23
2018,10,5,0.8,49.98,0.03,1.0,0.03,6.3,0.505,13000.0,307.0,9.5,23
2018,10,6,0.72,50.55,0.31,1.0,0.31,6.05,1.47,374000.0,8840.0,573.0,23
2018,10,7,1.03,50.67,0.169,1.0,0.169,3.86,1.33,118000.0,2780.0,140.0,23
2018,10,8,1.32,50.4,1.45,1.0,1.45,2.76,0.965,525000.0,12400.0,869.0,23
2018,10,8,1.45,50.59,0.12,1.0,0.12,2.76,0.965,43400.0,1030.0,41.5,23
2018,10,9,1.18,50.21,0.234,1.0,0.234,2.16,0.745,51200.0,1210.0,50.7,23
2018,10,9,1.06,50.02,0.373,1.0,0.373,2.16,0.745,81600.0,1930.0,89.6,23
2018,10,10,0.38,50.3,0.044,1.0,0.044,3.05,0.683,12400.0,294.0,9.02,23
2018,10,10,0.86,50.53,0.043,1.0,0.043,3.05,0.683,12100.0,288.0,8.77,23
2018,10,11,1.62,50.92,0.019,1.0,0.019,2.12,0.946,5170.0,122.0,3.09,23
2018,8,22,130.7778,42.3772,2.54,1.0,2.54,4.76,1.46,2400000.0,56700.0,5540.0,24
2018,8,22,130.8094,42.4108,2.76,1.0,2.76,4.76,1.46,2610000.0,61900.0,6150.0,24
2018,8,22,131.0219,42.4881,0.903,1.0,0.903,6.0,1.44,1060000.0,25200.0,2050.0,24
2018,7,1,130.8019,42.63,0.18,1.0,0.18,2.04,0.761,37900.0,898.0,35.2,24
2016,6,4,130.8594,42.6089,0.52,1.0,0.52,4.19,0.635,188000.0,4450.0,248.0,24
2016,6,5,131.2136,42.6483,0.27,1.0,0.27,0.902,0.444,14700.0,348.0,11.1,24
2018,8,11,131.4256,42.7917,0.169,1.0,0.169,2.64,0.692,42000.0,993.0,39.8,24
2018,8,10,131.7272,43.0408,0.21,1.0,0.21,3.03,1.15,99600.0,2360.0,114.0,24
2018,9,27,131.9719,43.1094,0.341,1.0,0.341,3.84,0.284,50500.0,1200.0,49.9,24
2018,9,27,132.0844,43.1675,0.17,1.0,0.17,3.75,0.299,25900.0,613.0,22.1,24
2018,9,27,131.9008,43.0847,0.139,1.0,0.139,3.84,0.284,20600.0,489.0,16.8,24
2015,8,5,131.9128,43.2108,0.058,1.0,0.058,1.7,0.0,8600.0,204.0,5.76,24
2017,8,8,131.9128,43.2108,0.279,1.0,0.279,5.48,0.0,41400.0,980.0,39.2,24
2018,10,1,131.9128,43.2108,0.102,1.0,0.102,4.08,1.74,98700.0,2340.0,113.0,24
2018,7,1,131.7408,43.7236,1.3,1.0,1.3,0.919,0.757,123000.0,2900.0,147.0,24
2018,10,1,131.7408,43.7236,1.81,1.0,1.81,4.08,1.74,1740000.0,41300.0,3760.0,24
2018,8,8,132.0633,43.1375,0.0855,1.0,0.0855,3.74,1.33,58000.0,1370.0,59.0,24
2018,8,1,132.3392,43.2814,0.17,1.0,0.17,1.29,0.64,19200.0,454.0,15.3,24
2018,7,10,132.4792,42.9083,0.101,1.0,0.101,3.56,0.604,29400.0,696.0,25.8,24
2018,7,10,132.7433,42.9001,0.0291,1.0,0.0291,3.56,0.604,8480.0,201.0,5.66,24
2018,7,11,132.9742,42.8244,0.043,1.0,0.043,3.89,0.474,10800.0,255.0,7.58,24
